ticker,name,yahoo_sector,yahoo_industry,market_cap,revenue,exchange
NVDA,NVIDIA Corporation Common Stock,Technology,Semiconductors,4238791933952,215938007040,
AAPL,Apple Inc. Common Stock,Technology,Consumer Electronics,3730186436608,435617005568,
GOOGL,Alphabet Inc. Class A Common Stock,Communication Services,Internet Content & Information,3478613393408,402835996672,
GOOG,Alphabet Inc. Class C Capital Stock,Communication Services,Internet Content & Information,3470145355776,402835996672,
MSFT,Microsoft Corporation Common Stock,Technology,Software - Infrastructure,2751243485184,305453006848,
AMZN,"Amazon.com, Inc. Common Stock",Consumer Cyclical,Internet Retail,2235761950720,716923994112,
TSM,Taiwan Semiconductor Manufacturing Company Ltd.,Technology,Semiconductors,1752779325440,3809054294016,
AVGO,Broadcom Inc. Common Stock,Technology,Semiconductors,1467471626240,68281999360,
META,"Meta Platforms, Inc. Class A Common Stock",Communication Services,Internet Content & Information,1447234633728,200965996544,
TSLA,"Tesla, Inc. Common Stock",Consumer Cyclical,Auto Manufacturers,1394966528000,94827003904,
WMT,Walmart Inc. Common Stock,Consumer Defensive,Discount Stores,990810210304,713163014144,
LLY,Eli Lilly and Company Common Stock,Healthcare,Drug Manufacturers - General,823211393024,65179000832,
JPM,JP Morgan Chase & Co. Common Stock,Financial Services,Banks - Diversified,793359089664,168235008000,
XOM,Exxon Mobil Corporation Common Stock,Energy,Oil & Gas Integrated,706933096448,323904995328,
JNJ,Johnson & Johnson Common Stock,Healthcare,Drug Manufacturers - General,589075709952,94193000448,
V,Visa Inc.,Financial Services,Credit Services,582730645504,41391001600,
ASML,ASML Holding N.V. New York Registry Shares,Technology,Semiconductor Equipment & Materials,518635356160,32667299840,
MA,Mastercard Incorporated Common Stock,Financial Services,Credit Services,445915430912,32790999040,
COST,Costco Wholesale Corporation Common Stock,Consumer Defensive,Discount Stores,442284802048,286265016320,
ORCL,Oracle Corporation Common Stock,Technology,Software - Infrastructure,423095140352,64076001280,
CVX,Chevron Corporation Common Stock,Energy,Oil & Gas Integrated,413666246656,184654004224,
NFLX,"Netflix, Inc. Common Stock",Communication Services,Entertainment,407857692672,45183037440,
ABBV,AbbVie Inc. Common Stock,Healthcare,Drug Manufacturers - General,384688128000,61160001536,
MU,"Micron Technology, Inc. Common Stock",Technology,Semiconductors,380993667072,58119000064,
BAC,Bank of America Corporation Common Stock,Financial Services,Banks - Diversified,349863247872,107421999104,
PLTR,Palantir Technologies Inc. Class A Common Stock,Technology,Software - Infrastructure,349854302208,4475445760,
PG,Procter & Gamble Company (The) Common Stock,Consumer Defensive,Household & Personal Products,337517772800,85259001856,
AMD,"Advanced Micro Devices, Inc. Common Stock",Technology,Semiconductors,331674484736,34638999552,
CAT,"Caterpillar, Inc. Common Stock",Industrials,Farm & Heavy Construction Machinery,331544821760,67589001216,
HD,"Home Depot, Inc. (The) Common Stock",Consumer Cyclical,Home Improvement Retail,327578222592,164683005952,
KO,Coca-Cola Company (The) Common Stock,Consumer Defensive,Beverages - Non-Alcoholic,327330856960,47941001216,
CSCO,"Cisco Systems, Inc. Common Stock (DE)",Technology,Communication Equipment,306565414912,59053998080,
AZN,AstraZeneca PLC Ordinary Shares,Healthcare,Drug Manufacturers - General,305746903040,58738999296,
BABA,Alibaba Group Holding Limited American Depositary Shares each representing eight Ordinary share,Consumer Cyclical,Internet Retail,299524784128,1016743985152,
GE,GE Aerospace Common Stock,Industrials,Aerospace & Defense,299324538880,45854998528,
MRK,"Merck & Company, Inc. Common Stock (new)",Healthcare,Drug Manufacturers - General,297404039168,65010999296,
NVS,Novartis AG Common Stock,Healthcare,Drug Manufacturers - General,295276478464,56674000896,
HSBC,"HSBC Holdings, plc. Common Stock",Financial Services,Banks - Diversified,285816061952,63224000512,
AMAT,"Applied Materials, Inc. Common Stock",Technology,Semiconductor Equipment & Materials,271247917056,28213999616,
TM,Toyota Motor Corporation Common Stock,Consumer Cyclical,Auto Manufacturers,268605030400,50450762039296,
LRCX,Lam Research Corporation Common Stock,Technology,Semiconductor Equipment & Materials,268363366400,20560531456,
SHEL,Shell PLC American Depositary Shares (each representing two (2) Ordinary Shares) ,Energy,Oil & Gas Integrated,264698003456,266886004736,
MS,Morgan Stanley Common Stock,Financial Services,Capital Markets,261314166784,70296002560,
RTX,RTX Corporation Common Stock,Industrials,Aerospace & Defense,259638427648,88603000832,
PM,Philip Morris International Inc Common Stock,Consumer Defensive,Tobacco,257687388160,40647999488,
GS,"Goldman Sachs Group, Inc. (The) Common Stock",Financial Services,Capital Markets,251050000384,59396001792,
WFC,Wells Fargo & Company Common Stock,Financial Services,Banks - Diversified,245647458304,80041000960,
UNH,UnitedHealth Group Incorporated Common Stock (DE),Healthcare,Healthcare Plans,245608005632,447567003648,
GEV,GE Vernova Inc. Common Stock,Industrials,Specialty Industrial Machinery,236835618816,38067998720,
TMUS,"T-Mobile US, Inc. Common Stock",Communication Services,Telecom Services,234919952384,88308998144,
LIN,Linde plc Ordinary Shares,Basic Materials,Specialty Chemicals,229732286464,33986000896,
IBM,International Business Machines Corporation Common Stock,Technology,Information Technology Services,227460972544,67534999552,
RY,Royal Bank Of Canada Common Stock,Financial Services,Banks - Diversified,225868054528,63424000000,
MCD,McDonald's Corporation Common Stock,Consumer Cyclical,Restaurants,221781114880,26884999168,
INTC,Intel Corporation Common Stock,Technology,Semiconductors,221577199616,52852998144,
PEP,"PepsiCo, Inc. Common Stock",Consumer Defensive,Beverages - Non-Alcoholic,212272250880,93924999168,
VZ,Verizon Communications Inc. Common Stock,Communication Services,Telecom Services,211727745024,138190995456,
AXP,American Express Company Common Stock,Financial Services,Credit Services,207687008256,66972999680,
T,AT&T Inc.,Communication Services,Telecom Services,202946723840,125648003072,
SAP,SAP  SE ADS,Technology,Software - Application,201327214592,36800000000,
C,"Citigroup, Inc. Common Stock",Financial Services,Banks - Diversified,198390284288,75716001792,
TTE,TotalEnergies SE Ordinary Shares,Energy,Oil & Gas Integrated,195132030976,182344007680,
NEE,"NextEra Energy, Inc. Common Stock",Utilities,Utilities - Regulated Electric,193517502464,27412000768,
KLAC,KLA Corporation Common Stock,Technology,Semiconductor Equipment & Materials,193463386112,12744611840,
MUFG,"Mitsubishi UFJ Financial Group, Inc. Common Stock",Financial Services,Banks - Diversified,191550521344,5848140087296,
AMGN,Amgen Inc. Common Stock,Healthcare,Drug Manufacturers - General,189670948864,36750999552,
BHP,BHP Group Limited American Depositary Shares (Each representing two Ordinary Shares),Basic Materials,Other Industrial Metals & Mining,185453576192,53987999744,
TMO,Thermo Fisher Scientific Inc Common Stock,Healthcare,Diagnostics & Research,182595649536,44556001280,
ABT,Abbott Laboratories Common Stock,Healthcare,Medical Devices,178407899136,44328001536,
TJX,"TJX Companies, Inc. (The) Common Stock",Consumer Cyclical,Apparel Retail,177736318976,60372000768,
TXN,Texas Instruments Incorporated Common Stock,Technology,Semiconductors,176757358592,17681999872,
CRM,"Salesforce, Inc. Common Stock",Technology,Software - Application,174909784064,41524998144,
GILD,"Gilead Sciences, Inc. Common Stock",Healthcare,Drug Manufacturers - General,172986548224,29443000320,
DIS,Walt Disney Company (The) Common Stock,Communication Services,Entertainment,170919034880,95715999744,
SCHW,Charles Schwab Corporation (The) Common Stock,Financial Services,Capital Markets,166996525056,23921000448,
SAN,"Banco Santander, S.A. Sponsored ADR (Spain)",Financial Services,Banks - Diversified,164421844992,46835998720,
NVO,Novo Nordisk A/S Common Stock,Healthcare,Drug Manufacturers - General,164388896768,309064007680,
ISRG,"Intuitive Surgical, Inc. Common Stock",Healthcare,Medical Instruments & Supplies,163729670144,10064700416,
COP,ConocoPhillips Common Stock,Energy,Oil & Gas E&P,161348780032,60279001088,
ARM,Arm Holdings plc American Depositary Shares,Technology,Semiconductors,160659144704,4671000064,
PFE,"Pfizer, Inc. Common Stock",Healthcare,Drug Manufacturers - General,159729041408,62578999296,
TD,Toronto Dominion Bank (The) Common Stock,Financial Services,Banks - Diversified,156453879808,65979998208,
BA,Boeing Company (The) Common Stock,Industrials,Aerospace & Defense,156406562816,89462996992,
ADI,"Analog Devices, Inc. Common Stock",Technology,Semiconductors,155317272576,11756795904,
APH,Amphenol Corporation Common Stock,Technology,Electronic Components,155311308800,23094700032,
SHOP,Shopify Inc. Class A Subordinate Voting Shares,Technology,Software - Application,154809024512,11555999744,
ANET,"Arista Networks, Inc. Common Stock",Technology,Computer Hardware,154615021568,9005700096,
DE,Deere & Company Common Stock,Industrials,Farm & Heavy Construction Machinery,152151441408,46731001856,
RIO,Rio Tinto Plc Common Stock,Basic Materials,Other Industrial Metals & Mining,151665426432,57637998592,
BLK,"BlackRock, Inc. Common Stock",Financial Services,Asset Management,149585854464,24216000512,
UBER,"Uber Technologies, Inc. Common Stock",Technology,Software - Application,148040286208,52017000448,
PDD,PDD Holdings Inc. American Depositary Shares,Consumer Cyclical,Internet Retail,145059479552,431845703680,
UNP,Union Pacific Corporation Common Stock,Industrials,Railroads,144038215680,24509999104,
HON,Honeywell International Inc. Common Stock,Industrials,Conglomerates,143681781760,37441998848,
SCCO,Southern Copper Corporation Common Stock,Basic Materials,Copper,142132822016,13420000256,
BX,Blackstone Inc. Common Stock,Financial Services,Asset Management,140547899392,14212824064,
LMT,Lockheed Martin Corporation Common Stock,Industrials,Aerospace & Defense,139289001984,75048001536,
ETN,"Eaton Corporation, PLC Ordinary Shares",Industrials,Specialty Industrial Machinery,138919034880,27448000512,
WELL,Welltower Inc. Common Stock,Real Estate,REIT - Healthcare Facilities,137952657408,10838034432,
QCOM,QUALCOMM Incorporated Common Stock,Technology,Semiconductors,137542844416,44866998272,
BKNG,Booking Holdings Inc. Common Stock,Consumer Cyclical,Travel Services,135714676736,26916999168,
BUD,Anheuser-Busch Inbev SA Sponsored ADR (Belgium),Consumer Defensive,Beverages - Brewers,134846808064,59320000512,
APP,Applovin Corporation Class A Common Stock,Communication Services,Advertising Agencies,134506094592,5480716800,
DHR,Danaher Corporation Common Stock,Healthcare,Diagnostics & Research,134179807232,24568000512,
PBR,Petroleo Brasileiro S.A. Petrobras ADS,Energy,Oil & Gas Integrated,133720604672,497548984320,
LOW,"Lowe's Companies, Inc. Common Stock",Consumer Cyclical,Home Improvement Retail,132541620224,86286000128,
PANW,"Palo Alto Networks, Inc. Common Stock",Technology,Software - Infrastructure,130821128192,9893499904,
TBB,AT&T Inc. 5.350% Global Notes due 2066,,,130531729408,0,
SPGI,S&P Global Inc. Common Stock,Financial Services,Financial Data & Stock Exchanges,128792952832,15335999488,
HDB,HDFC Bank Limited Common Stock,Financial Services,Banks - Regional,127661752320,2845330898944,
CB,Chubb Limited  Common Stock,Financial Services,Insurance - Property & Casualty,127471616000,59625000960,
BTI,"British American Tobacco  Industries, p.l.c. Common Stock ADR",Consumer Defensive,Tobacco,127401484288,25610000384,
SYK,Stryker Corporation Common Stock,Healthcare,Medical Devices,125844791296,25116000256,
SMFG,Sumitomo Mitsui Financial Group Inc Unsponsored American Depositary Shares (Japan),Financial Services,Banks - Diversified,125675937792,3707428929536,
UL,Unilever PLC American Depositary Shares (each representing One Ordinary Share),Consumer Defensive,Household & Personal Products,124482961408,50503000064,
BMY,Bristol-Myers Squibb Company Common Stock,Healthcare,Drug Manufacturers - General,123831255040,48193998848,
UBS,UBS Group AG Registered Ordinary Shares,Financial Services,Banks - Diversified,123448459264,49595998208,
PLD,"Prologis, Inc. Common Stock",Real Estate,REIT - Industrial,123222245376,9192657920,
BBVA,Banco Bilbao Vizcaya Argentaria S.A. Common Stock,Financial Services,Banks - Diversified,123000307712,31648000000,
SONY,Sony Group Corporation American Depositary Shares ,Technology,Consumer Electronics,122274070528,13170287575040,
ACN,Accenture plc Class A Ordinary Shares (Ireland),Technology,Information Technology Services,122034626560,72110325760,
BP,BP p.l.c. Common Stock,Energy,Oil & Gas Integrated,120398012416,187637006336,
INTU,Intuit Inc. Common Stock,Technology,Software - Application,120320147456,20120999936,
ENB,Enbridge Inc Common Stock,Energy,Oil & Gas Midstream,118163587072,65194000384,
NEM,Newmont Corporation,Basic Materials,Gold,117762375680,22669000704,
SNY,Sanofi ADS,Healthcare,Drug Manufacturers - General,117338038272,46715998208,
GLW,Corning Incorporated Common Stock,Technology,Electronic Components,116800249856,15628999680,
PGR,Progressive Corporation (The) Common Stock,Financial Services,Insurance - Property & Casualty,116150083584,87637000192,
IBKR,"Interactive Brokers Group, Inc. Class A Common Stock",Financial Services,Capital Markets,114031763456,6208999936,
COF,Capital One Financial Corporation Common Stock,Financial Services,Credit Services,113458970624,32778999808,
VRTX,Vertex Pharmaceuticals Incorporated Common Stock,Healthcare,Biotechnology,113436426240,12001300480,
PH,Parker-Hannifin Corporation Common Stock,Industrials,Specialty Industrial Machinery,112994082816,20461000704,
MDT,Medtronic plc. Ordinary Shares,Healthcare,Medical Devices,111248629760,35484000256,
GSK,GSK plc American Depositary Shares (Each representing two Ordinary Shares),Healthcare,Drug Manufacturers - General,111166013440,32667000832,
MO,"Altria Group, Inc.",Consumer Defensive,Tobacco,110775533568,20138999808,
NOW,"ServiceNow, Inc. Common Stock",Technology,Software - Application,110315200512,13278000128,
DELL,Dell Technologies Inc. Class C Common Stock ,Technology,Computer Hardware,108767248384,113537998848,
SO,Southern Company (The) Common Stock,Utilities,Utilities - Regulated Electric,108043640832,29553000448,
CME,CME Group Inc. Class A Common Stock,Financial Services,Financial Data & Stock Exchanges,107155374080,6506800128,
MCK,McKesson Corporation Common Stock,Healthcare,Medical Distribution,106808483840,397957988352,
HCA,"HCA Healthcare, Inc. Common Stock",Healthcare,Medical Care Facilities,105826967552,75600003072,
EQNR,Equinor ASA,Energy,Oil & Gas Integrated,105187401728,105979002880,
CMCSA,Comcast Corporation Class A Common Stock,Communication Services,Telecom Services,104616206336,123706998784,
AEM,Agnico Eagle Mines Limited Common Stock,Basic Materials,Gold,102275932160,11907851264,
SBUX,Starbucks Corporation Common Stock,Consumer Cyclical,Restaurants,102069878784,37701701632,
DUK,Duke Energy Corporation (Holding Company) Common Stock,Utilities,Utilities - Regulated Electric,101899698176,31790000128,
CNQ,Canadian Natural Resources Limited Common Stock,Energy,Oil & Gas E&P,101898387456,38762000384,
CEG,Constellation Energy Corporation Common Stock ,Utilities,Utilities - Independent Power Producers,101170782208,25532999680,
SPOT,Spotify Technology S.A. Ordinary Shares,Communication Services,Internet Content & Information,99834404864,17186000896,
ADBE,Adobe Inc. Common Stock,Technology,Software - Application,99088384000,24452999168,
CRWD,"CrowdStrike Holdings, Inc. Class A Common Stock",Technology,Software - Infrastructure,99013476352,4812004864,
NOC,Northrop Grumman Corporation Common Stock,Industrials,Aerospace & Defense,97369333760,41954000896,
MFG,"Mizuho Financial Group, Inc. Sponosred ADR (Japan)",Financial Services,Banks - Regional,97120698368,4017829969920,
EQIX,"Equinix, Inc. Common Stock REIT",Real Estate,REIT - Specialty,96313409536,9260000256,
BMO,Bank Of Montreal Common Stock,Financial Services,Banks - Diversified,95934488576,33479999488,
VRT,"Vertiv Holdings, LLC Class A Common Stock",Industrials,Electrical Equipment & Parts,95871524864,10229900288,
IBN,ICICI Bank Limited Common Stock,Financial Services,Banks - Regional,94204403712,1924702535680,
SNDK,Sandisk Corporation Common Stock,Technology,Computer Hardware,93776805888,8929000448,
BSX,Boston Scientific Corporation Common Stock,Healthcare,Medical Devices,93257490432,20074000384,
GD,General Dynamics Corporation Common Stock,Industrials,Aerospace & Defense,92959711232,52550000640,
HWM,Howmet Aerospace Inc. Common Stock,Industrials,Aerospace & Defense,92760154112,8252000256,
WM,"Waste Management, Inc. Common Stock",Industrials,Waste Management,92682526720,25204000768,
WDC,Western Digital Corporation Common Stock,Technology,Computer Hardware,92480339968,10734000128,
TT,Trane Technologies plc,Industrials,Building Products & Equipment,92407513088,21321900032,
ITUB,Itau Unibanco Banco Holding SA American Depositary Shares (Each repstg 500 Preferred shares),Financial Services,Banks - Regional,92358238208,138947002368,
BN,Brookfield Corporation Class A Limited Voting Shares,Financial Services,Asset Management,91525308416,77656997888,
CVS,CVS Health Corporation Common Stock,Healthcare,Healthcare Plans,91370201088,399833989120,
ICE,Intercontinental Exchange Inc. Common Stock,Financial Services,Financial Data & Stock Exchanges,89677684736,9930999808,
WMB,"Williams Companies, Inc. (The) Common Stock",Energy,Oil & Gas Midstream,88905367552,11829999616,
STX,Seagate Technology Holdings PLC Ordinary Shares (Ireland),Technology,Computer Hardware,87764180992,10058000384,
MELI,"MercadoLibre, Inc. Common Stock",Consumer Cyclical,Internet Retail,87656448000,28892999680,
CM,Canadian Imperial Bank of Commerce Common Stock,Financial Services,Banks - Diversified,87203160064,27913000960,
MAR,Marriott International Class A Common Stock,Consumer Cyclical,Lodging,86668500992,6982000128,
MRVL,"Marvell Technology, Inc. Common Stock",Technology,Semiconductors,86615089152,8194599936,
BNS,Bank Nova Scotia Halifax Pfd 3 Ordinary Shares,Financial Services,Banks - Diversified,85738283008,33251999744,
KKR,KKR & Co. Inc. Common Stock,Financial Services,Asset Management,85666054144,25651109888,
FDX,FedEx Corporation Common Stock,Industrials,Integrated Freight & Logistics,84986953728,91932999680,
MRSH,Marsh Common Stock,Financial Services,Insurance Brokers,84974837760,26980999168,
FCX,"Freeport-McMoRan, Inc. Common Stock",Basic Materials,Copper,84478713856,25915000832,
PNC,"PNC Financial Services Group, Inc. (The) Common Stock",Financial Services,Banks - Regional,84133675008,22320001024,
NGG,"National Grid Transco, PLC National Grid PLC (NEW) American Depositary Shares",Utilities,Utilities - Regulated Electric,84114546688,17482000384,
UPS,"United Parcel Service, Inc. Common Stock",Industrials,Integrated Freight & Logistics,83590815744,88661000192,
E,ENI S.p.A. Common Stock,Energy,Oil & Gas Integrated,83469565952,83603996672,
BK,The Bank of New York Mellon Corporation Common Stock,Financial Services,Banks - Diversified,82726526976,20003999744,
ADP,"Automatic Data Processing, Inc. Common Stock",Technology,Software - Application,82175893504,21214300160,
PWR,"Quanta Services, Inc. Common Stock",Industrials,Engineering & Construction,82144059392,28479696896,
EPD,Enterprise Products Partners L.P. Common Stock,Energy,Oil & Gas Midstream,81801027584,52595998720,
REGN,"Regeneron Pharmaceuticals, Inc. Common Stock",Healthcare,Biotechnology,81683357696,14342899712,
USB,U.S. Bancorp Common Stock,Financial Services,Banks - Regional,80807714816,26353999872,
AMT,American Tower Corporation (REIT) Common Stock,Real Estate,REIT - Specialty,80792748032,10644599808,
JCI,Johnson Controls International plc Ordinary Share,Industrials,Building Products & Equipment,80150061056,23967000576,
SHW,Sherwin-Williams Company (The) Common Stock,Basic Materials,Specialty Chemicals,79424200704,23574300672,
SU,Suncor Energy  Inc. Common Stock,Energy,Oil & Gas Integrated,78718001152,48908001280,
NKE,"Nike, Inc. Common Stock",Consumer Cyclical,Footwear & Accessories,78193852416,46513000448,
MCO,Moody's Corporation Common Stock,Financial Services,Financial Data & Stock Exchanges,77654188032,7718000128,
AMX,"America Movil, S.A.B. de C.V. American Depositary Shares (each representing the right to receive twenty (20) Series B Shares",Communication Services,Telecom Services,77653204992,943638380544,
EOG,"EOG Resources, Inc. Common Stock",Energy,Oil & Gas E&P,77560578048,22653999104,
ORLY,"O'Reilly Automotive, Inc. Common Stock",Consumer Cyclical,Auto Parts,77400735744,17781991424,
SLB,SLB Limited Common Shares,Energy,Oil & Gas Equipment & Services,77143236608,35707998208,
CDNS,"Cadence Design Systems, Inc. Common Stock",Technology,Software - Application,76717703168,5296758784,
MMM,3M Company Common Stock,Industrials,Conglomerates,76492636160,24948000768,
CSX,CSX Corporation Common Stock,Industrials,Railroads,76334800896,14092000256,
SNPS,"Synopsys, Inc. Common Stock",Technology,Software - Infrastructure,75950514176,8007661056,
ING,"ING Group, N.V. Common Stock",Financial Services,Banks - Diversified,75772329984,24458999808,
ABNB,"Airbnb, Inc. Class A Common Stock",Consumer Cyclical,Travel Services,75706621952,12241000448,
ECL,Ecolab Inc. Common Stock,Basic Materials,Specialty Chemicals,75130372096,16081200128,
RCL,Royal Caribbean Cruises Ltd. Common Stock,Consumer Cyclical,Travel Services,75045150720,17934999552,
ITW,Illinois Tool Works Inc. Common Stock,Industrials,Specialty Industrial Machinery,75015577600,16044000256,
KMI,"Kinder Morgan, Inc. Common Stock",Energy,Oil & Gas Midstream,74597752832,16936999936,
MDLZ,"Mondelez International, Inc. Class A Common Stock",Consumer Defensive,Confectioners,74376265728,38536998912,
CMI,Cummins Inc. Common Stock,Industrials,Specialty Industrial Machinery,74335780864,33670000640,
VLO,Valero Energy Corporation Common Stock,Energy,Oil & Gas Refining & Marketing,73883402240,115939000320,
EMR,Emerson Electric Company Common Stock,Industrials,Specialty Industrial Machinery,73672818688,18186999808,
LYG,Lloyds Banking Group Plc American Depositary Shares,Financial Services,Banks - Regional,73659711488,18627000320,
BCS,Barclays PLC Common Stock,Financial Services,Banks - Diversified,73197346816,26818000896,
PSX,Phillips 66 Common Stock,Energy,Oil & Gas Refining & Marketing,73007546368,132376002560,
BAM,Brookfield Asset Management Inc Class A Limited Voting Shares,Financial Services,Asset Management,72816607232,4816999936,
NET,"Cloudflare, Inc. Class A Common Stock",Technology,Software - Infrastructure,72627609600,2167937024,
MSI,"Motorola Solutions, Inc. Common Stock",Technology,Communication Equipment,72279867392,11681999872,
NTES,"NetEase, Inc. American Depositary Shares",Communication Services,Electronic Gaming & Multimedia,72001150976,112625803264,
MPC,Marathon Petroleum Corporation Common Stock,Energy,Oil & Gas Refining & Marketing,71969652736,133174001664,
CI,The Cigna Group Common Stock,Healthcare,Healthcare Plans,71255810048,274899992576,
AEP,"American Electric Power Company, Inc. Common Stock",Utilities,Utilities - Regulated Electric,71250296832,21876000768,
MNST,Monster Beverage Corporation,Consumer Defensive,Beverages - Non-Alcoholic,70885498880,8294343168,
HLT,Hilton Worldwide Holdings Inc. Common Stock ,Consumer Cyclical,Lodging,70678880256,4953999872,
CP,Canadian Pacific Kansas City Limited Common Shares,Industrials,Railroads,70581911552,15077999616,
ROST,"Ross Stores, Inc. Common Stock",Consumer Cyclical,Apparel Retail,70453772288,22750558208,
CRH,CRH PLC Ordinary Shares,Basic Materials,Building Materials,70268813312,37447000064,
NU,Nu Holdings Ltd. Class A Ordinary Shares,Financial Services,Banks - Regional,69776031744,6991184896,
GM,General Motors Company Common Stock,Consumer Cyclical,Auto Manufacturers,69498167296,185019006976,
AON,Aon plc Class A Ordinary Shares (Ireland),Financial Services,Insurance Brokers,69376802816,17180999680,
CVNA,Carvana Co. Class A Common Stock,Consumer Cyclical,Auto & Truck Dealerships,69303705600,20322000896,
WBD,"Warner Bros. Discovery, Inc. Series A Common Stock ",Communication Services,Entertainment,68835860480,37296001024,
B,Barrick Mining Corporation Common Shares,Basic Materials,Gold,68746575872,16956000256,
VALE,VALE S.A.  American Depositary Shares Each Representing one common share,Basic Materials,Other Industrial Metals & Mining,68630118400,213594996736,
CL,Colgate-Palmolive Company Common Stock,Consumer Defensive,Household & Personal Products,68380192768,20381999104,
RSG,"Republic Services, Inc. Common Stock",Industrials,Waste Management,67667587072,16590999552,
CTAS,Cintas Corporation Common Stock,Industrials,Specialty Business Services,67661402112,11027210240,
ET,Energy Transfer LP Common Units ,Energy,Oil & Gas Midstream,66398068736,85535997952,
TDG,Transdigm Group Incorporated Common Stock,Industrials,Aerospace & Defense,65450598400,9109999616,
TRP,TC Energy Corporation Common Stock,Energy,Oil & Gas Midstream,65282523136,15239000064,
DASH,"DoorDash, Inc. Class A Common Stock",Consumer Cyclical,Internet Retail,65229115392,13717000192,
TRV,"The Travelers Companies, Inc. Common Stock",Financial Services,Insurance - Property & Casualty,65063137280,48827998208,
IMO,Imperial Oil Limited Common Stock,Energy,Oil & Gas Integrated,65048678400,46918000640,
APD,"Air Products and Chemicals, Inc. Common Stock",Basic Materials,Specialty Chemicals,64679337984,12208300032,
APO,"Apollo Global Management, Inc. (New) Common Stock",Financial Services,Asset Management,64670683136,31793000448,
ELV,"Elevance Health, Inc. Common Stock",Healthcare,Healthcare Plans,64611291136,199126007808,
LHX,"L3Harris Technologies, Inc. Common Stock",Industrials,Aerospace & Defense,64561291264,21865000960,
OXY,Occidental Petroleum Corporation Common Stock,Energy,Oil & Gas E&P,64460185600,21592999936,
NSC,Norfolk Southern Corporation Common Stock,Industrials,Railroads,64452173824,12179999744,
SRE,DBA Sempra Common Stock,Utilities,Utilities - Diversified,63484321792,13701999616,
DLR,"Digital Realty Trust, Inc. Common Stock",Real Estate,REIT - Specialty,63038263296,6080705024,
CNI,Canadian National Railway Company Common Stock,Industrials,Railroads,62914260992,17304000512,
HOOD,"Robinhood Markets, Inc. Class A Common Stock",Financial Services,Capital Markets,62391377920,4472999936,
CCZ,Comcast Holdings ZONES,,,61570207744,0,
TEL,TE Connectivity plc Ordinary Shares,Technology,Electronic Components,61354790912,18094999552,
COR,"Cencora, Inc. Common Stock",Healthcare,Medical Distribution,61109874688,325777784832,
LNG,"Cheniere Energy, Inc. Common Stock",Energy,Oil & Gas Midstream,61075025920,19487000576,
FTNT,"Fortinet, Inc. Common Stock",Technology,Software - Infrastructure,60770926592,6799600128,
PCAR,PACCAR Inc. Common Stock,Industrials,Farm & Heavy Construction Machinery,60740808704,28444798976,
SPG,"Simon Property Group, Inc. Common Stock",Real Estate,REIT - Retail,60613533696,6364505088,
BKR,Baker Hughes Company Class A Common Stock,Energy,Oil & Gas Equipment & Services,60546785280,27733000192,
RACE,Ferrari N.V. Common Shares,Consumer Cyclical,Auto Manufacturers,60268720128,7145767936,
NWG,"NatWest Group plc American Depositary Shares, (each representing two (2) Ordinary Shares)",Financial Services,Banks - Regional,59909718016,15969999872,
WPM,Wheaton Precious Metals Corp Common Shares (Canada),Basic Materials,Gold,59664076800,2314599936,
RELX,RELX PLC PLC American Depositary Shares (Each representing One Ordinary Share),Industrials,Specialty Business Services,59282878464,9589999616,
TFC,Truist Financial Corporation Common Stock,Financial Services,Banks - Regional,58806956032,18424999936,
TAK,Takeda Pharmaceutical Company Limited American Depositary Shares (each representing 1/2 of a share of Common Stock),Healthcare,Drug Manufacturers - Specialty & Generic,58508251136,4464578134016,
MPLX,MPLX LP Common Units Representing Limited Partner Interests,Energy,Oil & Gas Midstream,58043908096,11816999936,
DB,Deutsche Bank AG Common Stock,Financial Services,Banks - Regional,57760493568,29727000576,
MFC,Manulife Financial Corporation Common Stock,Financial Services,Insurance - Life,57729372160,30975000576,
SOMN,Southern Company (The) 2025 Series A Corporate Units,Utilities,Utilities - Regulated Electric,57536712357,29553000448,
AFL,AFLAC Incorporated Common Stock,Financial Services,Insurance - Life,57500536832,17164000256,
O,Realty Income Corporation Common Stock,Real Estate,REIT - Retail,57047330816,5762706944,
BDX,"Becton, Dickinson and Company Common Stock",Healthcare,Medical Instruments & Supplies,56963657728,21923999744,
OKE,"ONEOK, Inc. Common Stock",Energy,Oil & Gas Midstream,56926142464,33628999680,
CTVA,"Corteva, Inc. Common Stock ",Basic Materials,Agricultural Inputs,56296984576,17400999936,
AZO,"AutoZone, Inc. Common Stock",Consumer Cyclical,Auto Parts,55962460160,19609792512,
FANG,"Diamondback Energy, Inc. Common Stock",Energy,Oil & Gas E&P,55792398336,14295000064,
AJG,Arthur J. Gallagher & Co. Common Stock,Financial Services,Insurance Brokers,55682719744,13009000448,
INFY,Infosys Limited American Depositary Shares,Technology,Information Technology Services,55134236672,19847000064,
CIEN,Ciena Corporation Common Stock,Technology,Communication Equipment,54920359936,5124289024,
TGT,Target Corporation Common Stock,Consumer Defensive,Discount Stores,54886096896,104779997184,
D,"Dominion Energy, Inc. Common Stock",Utilities,Utilities - Regulated Electric,54337601536,16506000384,
TRGP,"Targa Resources, Inc. Common Stock",Energy,Oil & Gas Midstream,53894860800,17028299776,
ALL,Allstate Corporation (The) Common Stock,Financial Services,Insurance - Property & Casualty,53812158464,67684999168,
MPWR,"Monolithic Power Systems, Inc. Common Stock",Technology,Semiconductors,53703163904,2790458880,
FAST,Fastenal Company Common Stock,Industrials,Industrial Distribution,53282447360,8200500224,
SNOW,Snowflake Inc. Common Stock,Technology,Software - Application,52138475520,4683945984,
ZTS,Zoetis Inc. Class A Common Stock,Healthcare,Drug Manufacturers - Specialty & Generic,52094345216,9466999808,
GWW,"W.W. Grainger, Inc. Common Stock",Industrials,Industrial Distribution,51674972160,17941999616,
ETR,Entergy Corporation Common Stock,Utilities,Utilities - Regulated Electric,51438252032,12946685952,
EA,Electronic Arts Inc. Common Stock,Communication Services,Electronic Gaming & Multimedia,51019223040,7305999872,
VST,Vistra Corp. Common Stock,Utilities,Utilities - Independent Power Producers,50894114816,17738000384,
ADSK,"Autodesk, Inc. Common Stock",Technology,Software - Application,50752798720,7206000128,
LITE,Lumentum Holdings Inc. Common Stock,Technology,Communication Equipment,50177064960,2105200000,
EXC,Exelon Corporation Common Stock,Utilities,Utilities - Regulated Electric,50156044288,24258000896,
HBANL,"Huntington Bancshares Incorporated Depositary Shares, Each Representing a 1/40th Interest in a Share of 6.875% Series J Non-Cumulative Perpetual Preferred Stock",Financial Services,Banks - Regional,50133514833,7692000256,
CVE,Cenovus Energy Inc Common Stock,Energy,Oil & Gas Integrated,50052579328,49695997952,
NXPI,NXP Semiconductors N.V. Common Stock,Technology,Semiconductors,49745113088,12268999680,
CAH,"Cardinal Health, Inc. Common Stock",Healthcare,Medical Distribution,49724624896,244673003520,
XEL,Xcel Energy Inc. Common Stock,Utilities,Utilities - Regulated Electric,49560772608,14668999680,
AU,AngloGold Ashanti PLC Ordinary Shares,Basic Materials,Gold,49168240640,9893000192,
AME,"AMETEK, Inc.",Industrials,Specialty Industrial Machinery,49102462976,7401116160,
SE,"Sea Limited American Depositary Shares, each representing one Class A Ordinary Share",Consumer Cyclical,Internet Retail,49025167360,22938468352,
FIX,"Comfort Systems USA, Inc. Common Stock",Industrials,Engineering & Construction,48639668224,9101640704,
NDAQ,"Nasdaq, Inc. Common Stock",Financial Services,Financial Data & Stock Exchanges,48471805952,5248999936,
KEYS,Keysight Technologies Inc. Common Stock,Technology,Scientific & Technical Instruments,48431468544,5677000192,
UI,Ubiquiti Inc. Common Stock,Technology,Communication Equipment,47828975616,2971962112,
FNV,Franco-Nevada Corporation,Basic Materials,Gold,47672500224,1804099968,
PSA,Public Storage Common Stock,Real Estate,REIT - Industrial,47550889984,4833717248,
ASX,"ASE Technology Holding Co., Ltd. American Depositary Shares (each representing Two Common Shares) ",Technology,Semiconductors,47415123968,645387714560,
CCJ,Cameco Corporation Common Stock,Energy,Uranium,47338110976,3481933056,
COIN,"Coinbase Global, Inc. Class A Common Stock",Financial Services,Financial Data & Stock Exchanges,47084912640,6883438080,
CARR,Carrier Global Corporation Common Stock ,Industrials,Building Products & Equipment,47066370048,21746999296,
FER,Ferrovial SE Ordinary Shares,Industrials,Engineering & Construction,46865305600,9626999808,
FERG,Ferguson Enterprises Inc. Common Stock,Industrials,Industrial Distribution,46834225152,30799200256,
MET,"MetLife, Inc. Common Stock",Financial Services,Insurance - Life,46596816896,77079003136,
EW,Edwards Lifesciences Corporation Common Stock,Healthcare,Medical Devices,46510465024,6067599872,
TER,"Teradyne, Inc. Common Stock",Technology,Semiconductor Equipment & Materials,46412574720,3190023936,
F,Ford Motor Company Common Stock,Consumer Cyclical,Auto Manufacturers,46287888384,187267006464,
URI,"United Rentals, Inc. Common Stock",Industrials,Rental & Leasing Services,45897928704,16099000320,
ABEV,Ambev S.A. American Depositary Shares (Each representing 1 Common Share),Consumer Defensive,Beverages - Brewers,45600964608,88242470912,
WDS,"Woodside Energy Group Limited American Depositary Shares, each representing one Ordinary Share",Energy,Oil & Gas E&P,45398269952,12984000512,
ARGX,argenx SE American Depositary Shares,Healthcare,Biotechnology,45321424896,4236468992,
NOK,Nokia Corporation Sponsored American Depositary Shares,Technology,Communication Equipment,44883574784,19889000448,
IDXX,"IDEXX Laboratories, Inc. Common Stock",Healthcare,Diagnostics & Research,44739948544,4303702016,
COHR,Coherent Corp. Common Stock,Technology,Scientific & Technical Instruments,44660056064,6294322176,
GRMN,Garmin Ltd. Common Stock (Switzerland),Technology,Scientific & Technical Instruments,44657475584,7245518848,
HLN,Haleon plc American Depositary Shares (Each representing two Ordinary Shares),Healthcare,Drug Manufacturers - Specialty & Generic,44639498240,11029999616,
KR,Kroger Company (The) Common Stock,Consumer Defensive,Grocery Stores,44429041664,147642007552,
BSBR,"Banco Santander Brasil SA American Depositary Shares, each representing one unit",Financial Services,Banks - Regional,44413960192,45668839424,
HBANM,Huntington Bancshares Incorporated Depositary Shares each representing a 1/1000th interest in a share of Huntington Series I Preferred Stock,Financial Services,Banks - Regional,44001784656,7692000256,
ALNY,"Alnylam Pharmaceuticals, Inc. Common Stock",Healthcare,Biotechnology,43881017344,3713936896,
DAL,"Delta Air Lines, Inc. Common Stock",Industrials,Airlines,43420131328,63364001792,
YUM,"Yum! Brands, Inc.",Consumer Cyclical,Restaurants,43169460224,8214000128,
MSTR,Strategy Inc Common Stock Class A,Technology,Software - Application,43130183680,477232992,
BRKRP,"Bruker Corporation 6.375% Mandatory Convertible Preferred Stock, Series A",Healthcare,Medical Devices,42963883313,3436499968,
JD,"JD.com, Inc. American Depositary Shares",Consumer Cyclical,Internet Retail,42778767360,1309085007872,
WAB,Westinghouse Air Brake Technologies Corporation Common Stock,Industrials,Railroads,42723909632,11166999552,
CMG,"Chipotle Mexican Grill, Inc. Common Stock",Consumer Cyclical,Restaurants,42326118400,11925601280,
PYPL,"PayPal Holdings, Inc. Common Stock",Financial Services,Credit Services,42319536128,33172000768,
HSY,The Hershey Company Common Stock,Consumer Defensive,Confectioners,42137423872,11692575744,
FITB,Fifth Third Bancorp Common Stock,Financial Services,Banks - Regional,42072481792,8354999808,
DDOG,"Datadog, Inc. Class A Common Stock",Technology,Software - Application,41772150784,3427158016,
HBANZ,"Huntington Bancshares Incorporated Depositary Shares, Each Representing a 1/1000th Interest in a Share of 5.50% Series L Non-Cumulative Perpetual Preferred Stock",Financial Services,Banks - Regional,41699839440,7692000256,
WCN,"Waste Connections, Inc. Common Shares",Industrials,Waste Management,41525014528,9466914816,
DEO,Diageo plc Common Stock,Consumer Defensive,Beverages - Wineries & Distilleries,41384001536,19804000256,
AMP,"Ameriprise Financial, Inc. Common Stock",Financial Services,Asset Management,41287299072,18911000576,
CCEP,Coca-Cola Europacific Partners plc Ordinary Shares,Consumer Defensive,Beverages - Non-Alcoholic,41152499712,20900999168,
EBAY,eBay Inc. Common Stock,Consumer Cyclical,Internet Retail,41141039104,11100000256,
ED,"Consolidated Edison, Inc. Common Stock",Utilities,Utilities - Regulated Electric,40892239872,16917999616,
ODFL,"Old Dominion Freight Line, Inc. Common Stock",Industrials,Trucking,40857833472,5496389120,
CRWV,"CoreWeave, Inc. Class A Common Stock",Technology,Software - Infrastructure,40725061632,5130999808,
GFI,Gold Fields Limited American Depositary Shares,Basic Materials,Gold,40634101760,8751299584,
AIG,"American International Group, Inc. New Common Stock",Financial Services,Insurance - Diversified,40603099136,26610999296,
PEG,Public Service Enterprise Group Incorporated Common Stock,Utilities,Utilities - Regulated Electric,40406511616,12167999488,
ESLT,Elbit Systems Ltd. Ordinary Shares,Industrials,Aerospace & Defense,40371564544,7938627072,
ROK,"Rockwell Automation, Inc. Common Stock",Industrials,Specialty Industrial Machinery,40350019584,8566000128,
CBRE,CBRE Group Inc Common Stock Class A,Real Estate,Real Estate Services,40311947264,40549998592,
RKT,"Rocket Companies, Inc. Class A Common Stock",Financial Services,Mortgage Finance,40182370304,7071000064,
RBLX,Roblox Corporation Class A Common Stock,Communication Services,Electronic Gaming & Multimedia,40084414464,4890550784,
DHI,"D.R. Horton, Inc. Common Stock",Consumer Cyclical,Residential Construction,39944679424,33524299776,
TRI,Thomson Reuters Corporation Common Shares,Industrials,Specialty Business Services,39937916928,7475999744,
MT,Arcelor Mittal NY Registry Shares NEW,Basic Materials,Steel,39836045312,61352001536,
EQT,EQT Corporation Common Stock,Energy,Oil & Gas E&P,39728795648,8180719104,
MSCI,MSCI Inc. Common Stock,Financial Services,Financial Data & Stock Exchanges,39603245056,3134458880,
VTR,"Ventas, Inc. Common Stock",Real Estate,REIT - Healthcare Facilities,38842654720,5817438208,
VG,"Venture Global, Inc. Class A common stock",Energy,Oil & Gas Midstream,38721851392,13768999936,
PCG,Pacific Gas & Electric Co. Common Stock,Utilities,Utilities - Regulated Electric,38618296320,24935000064,
BBD,Banco Bradesco Sa American Depositary Shares,Financial Services,Banks - Regional,38583099392,89266528256,
PPLC,PPL Corporation Corporate Units,Utilities,Utilities - Regulated Electric,38534525362,9041999872,
NUE,Nucor Corporation Common Stock,Basic Materials,Steel,38516686848,32494000128,
FMX,Fomento Economico Mexicano S.A.B. de C.V. Common Stock,Consumer Defensive,Beverages - Brewers,38375362560,840954019840,
HEI,Heico Corporation Common Stock,Industrials,Aerospace & Defense,38255947776,4633403904,
ROP,"Roper Technologies, Inc. Common Stock",Technology,Software - Application,38088581120,7902499840,
BE,Bloom Energy Corporation Class A Common Stock,Industrials,Electrical Equipment & Parts,38011482112,2023993984,
ERIC,Ericsson American Depositary Shares,Technology,Communication Equipment,37912756224,0,
BIDU,"Baidu, Inc. ADS",Communication Services,Internet Content & Information,37910953984,129079001088,
HIG,"The Hartford Insurance Group, Inc. Common Stock",Financial Services,Insurance - Diversified,37715685376,28376000512,
WEC,"WEC Energy Group, Inc. Common Stock",Utilities,Utilities - Regulated Electric,37706244096,9800099840,
ALC,Alcon Inc. Ordinary Shares,Healthcare,Medical Instruments & Supplies,37662203904,10401000448,
KGC,Kinross Gold Corporation Common Stock,Basic Materials,Gold,36692705280,7051100160,
TTWO,"Take-Two Interactive Software, Inc. Common Stock",Communication Services,Electronic Gaming & Multimedia,36572151808,6559099904,
XYZ,"Block, Inc. Class A Common Stock,",Technology,Software - Infrastructure,36569280512,24193683456,
RKLB,Rocket Lab Corporation Common Stock,Industrials,Aerospace & Defense,36567363584,601798976,
NTR,Nutrien Ltd. Common Shares,Basic Materials,Agricultural Inputs,36498165760,25948999680,
LVS,Las Vegas Sands Corp. Common Stock,Consumer Cyclical,Resorts & Casinos,36430127104,13016999936,
BBDO,Banco Bradesco Sa American Depositary Shares (each representing one Common Share),Financial Services,Banks - Regional,36131389440,89266528256,
MDLN,Medline Inc. Class A Common Stock,Healthcare,Medical Instruments & Supplies,36118315008,28431998976,
ARES,Ares Management Corporation Class A Common Stock,Financial Services,Asset Management,36103303168,5601482240,
KB,KB Financial Group Inc,Financial Services,Banks - Regional,35937050624,15884337807360,
CCL,Carnival Corporation Common Stock,Consumer Cyclical,Travel Services,35847409664,26976999424,
LYV,"Live Nation Entertainment, Inc. Common Stock",Communication Services,Entertainment,35809640448,25201405952,
KDP,Keurig Dr Pepper Inc. Common Stock,Consumer Defensive,Beverages - Non-Alcoholic,35773677568,16602999808,
CUK,Carnival Plc ADS ADS,Consumer Cyclical,Travel Services,35713253376,26976999424,
PUK,Prudential Public Limited Company Common Stock,Financial Services,Insurance - Life,35690115072,14426999808,
VMC,Vulcan Materials Company (Holding Company) Common Stock,Basic Materials,Building Materials,35557036032,7941100032,
MLM,"Martin Marietta Materials, Inc. Common Stock",Basic Materials,Building Materials,35504496640,6150000128,
CCI,Crown Castle Inc. Common Stock,Real Estate,REIT - Specialty,35456884736,4264000000,
STT,State Street Corporation Common Stock,Financial Services,Asset Management,35349782528,13884999680,
INSM,Insmed Incorporated Common Stock,Healthcare,Biotechnology,35247046656,606422976,
VOD,Vodafone Group Plc American Depositary Shares,Communication Services,Telecom Services,35171479552,38781001728,
TEVA,Teva Pharmaceutical Industries Limited American Depositary Shares,Healthcare,Drug Manufacturers - Specialty & Generic,35078918144,17258000384,
ADM,Archer-Daniels-Midland Company Common Stock,Consumer Defensive,Farm Products,35028955136,80269000704,
MCHP,Microchip Technology Incorporated Common Stock,Technology,Semiconductors,34962763776,4372400128,
SLF,Sun Life Financial Inc. Common Stock,Financial Services,Insurance - Diversified,34772324352,34879000576,
HBANP,Huntington Bancshares Incorporated Depositary Shares 4.500% Series H Non-Cumulative Perpetual Preferred Stock,Financial Services,Banks - Regional,34712519006,7692000256,
STRC,Strategy Inc Variable Rate Series A Perpetual Stretch Preferred Stock,Technology,Software - Application,34566351588,477232992,
CPNG,"Coupang, Inc. Class A Common Stock",Consumer Cyclical,Internet Retail,34516254720,34533998592,
ACGL,Arch Capital Group Ltd. Common Stock,Financial Services,Insurance - Diversified,34198628352,19928999936,
WDAY,"Workday, Inc. Class A Common Stock",Technology,Software - Application,34168958976,9552000000,
SYY,Sysco Corporation Common Stock,Consumer Defensive,Food Distribution,34162124800,82645999616,
AXON,"Axon Enterprise, Inc. Common Stock",Industrials,Aerospace & Defense,34144088064,2779535872,
ONC,BeOne Medicines Ltd. American Depositary Shares,Healthcare,Biotechnology,34108635136,5343032832,
PRU,"Prudential Financial, Inc. Common Stock",Financial Services,Insurance - Life,33996120064,61233000448,
SATS,EchoStar  Corporation Common Stock,Communication Services,Telecom Services,33818697728,15004989440,
QSR,Restaurant Brands International Inc. Common Shares,Consumer Cyclical,Restaurants,33688109056,9434000384,
STRF,Strategy Inc 10.00% Series A Perpetual Strife Preferred Stock,Technology,Software - Application,33087207569,477232992,
EME,"EMCOR Group, Inc. Common Stock",Industrials,Engineering & Construction,33051084800,16986422272,
KVUE,Kenvue Inc. Common Stock,Consumer Defensive,Household & Personal Products,33044459520,15123999744,
PAYX,"Paychex, Inc. Common Stock",Technology,Software - Application,33005756416,6333799936,
IX,ORIX Corporation American Depositary Shares,Financial Services,Financial Conglomerates,32936167424,3129247006720,
CHT,"Chunghwa Telecom Co., Ltd.",Communication Services,Telecom Services,32893231104,236114411520,
HAL,Halliburton Company Common Stock,Energy,Oil & Gas Equipment & Services,32815024128,22183999488,
RMD,ResMed Inc. Common Stock,Healthcare,Medical Instruments & Supplies,32766511104,5398118912,
VIK,Viking Holdings Ltd Ordinary Shares,Consumer Cyclical,Travel Services,32756361216,6501419008,
TPL,Texas Pacific Land Corporation Common Stock,Energy,Oil & Gas E&P,32716902400,798190016,
TCOM,Trip.com Group Limited American Depositary Shares,Consumer Cyclical,Travel Services,32542916608,62408998912,
GEHC,GE HealthCare Technologies Inc. Common Stock ,Healthcare,Medical Devices,32478732288,20625000448,
CLS,"Celestica, Inc. Common Stock",Technology,Electronic Components,32446947328,12390899712,
A,"Agilent Technologies, Inc. Common Stock",Healthcare,Diagnostics & Research,32238063616,7064999936,
EC,Ecopetrol S.A. American Depositary Shares,Energy,Oil & Gas Integrated,32158509056,0,
CPRT,"Copart, Inc. (DE) Common Stock",Industrials,Specialty Business Services,32138186752,4613516800,
SYM,Symbotic Inc. Class A Common Stock,Industrials,Specialty Industrial Machinery,32041072640,2390213888,
KMB,Kimberly-Clark Corporation Common Stock,Consumer Defensive,Household & Personal Products,32020879360,16446999552,
HMC,"Honda Motor Company, Ltd. Common Stock",Consumer Cyclical,Auto Manufacturers,31897096192,21335705124864,
HBAN,Huntington Bancshares Incorporated Common Stock,Financial Services,Banks - Regional,31880921088,7692000256,
ASTS,"AST SpaceMobile, Inc. Class A Common Stock",Technology,Communication Equipment,31658612736,70918000,
IR,Ingersoll Rand Inc. Common Stock,Industrials,Specialty Industrial Machinery,31656247296,7650899968,
HPE,Hewlett Packard Enterprise Company Common Stock,Technology,Communication Equipment,31638929408,35742998528,
CQP,"Cheniere Energy Partners, LP Common Units",Energy,Oil & Gas Midstream,31284416512,10757999616,
DVN,Devon Energy Corporation Common Stock,Energy,Oil & Gas E&P,31211700224,16037999616,
AMRZ,Amrize Ltd Ordinary Shares,Basic Materials,Building Materials,31064981504,11815000064,
NRG,"NRG Energy, Inc. Common Stock",Utilities,Utilities - Independent Power Producers,31036655616,30712999936,
MCHPP,Microchip Technology Incorporated Depositary Shares Each Representing a 1/20th Interest in a Share of 7.50% Series A Mandatory Convertible Preferred Stock,Technology,Semiconductors,30828487042,4372400128,
MTB,M&T Bank Corporation Common Stock,Financial Services,Banks - Regional,30801332224,9185000448,
STM,STMicroelectronics N.V. Common Stock,Technology,Semiconductors,30706937856,11800000512,
ATO,Atmos Energy Corporation Common Stock,Utilities,Utilities - Regulated Gas,30559881216,4869341184,
SHG,Shinhan Financial Group Co Ltd American Depositary Shares,Financial Services,Banks - Regional,30558062592,15721434185728,
DTE,DTE Energy Company Common Stock,Utilities,Utilities - Regulated Electric,30417870848,15813999616,
AEE,Ameren Corporation Common Stock,Utilities,Utilities - Regulated Electric,30384582656,8470000128,
IRM,Iron Mountain Incorporated (Delaware)Common Stock REIT,Real Estate,REIT - Specialty,30384486400,6901736960,
RYAAY,Ryanair Holdings plc American Depositary Shares,Industrials,Airlines,30253160448,15329000448,
OTIS,Otis Worldwide Corporation Common Stock ,Industrials,Specialty Industrial Machinery,30039298048,14430999552,
FISV,"Fiserv, Inc. Common Stock",,,30012135424,0,
DOW,Dow Inc. Common Stock ,Basic Materials,Chemicals,29972148224,39967997952,
UAL,"United Airlines Holdings, Inc. Common Stock",Industrials,Airlines,29806555136,59070001152,
CTSH,Cognizant Technology Solutions Corporation Class A Common Stock,Technology,Information Technology Services,29610360832,21108000768,
CBOE,"Cboe Global Markets, Inc. Common Stock",Financial Services,Financial Data & Stock Exchanges,29418950656,4714200064,
TS,Tenaris S.A. American Depositary Shares,Energy,Oil & Gas Equipment & Services,29370421248,11981157376,
FE,FirstEnergy Corp. Common Stock,Utilities,Utilities - Regulated Electric,29278078976,14901000192,
WAT,Waters Corporation Common Stock,Healthcare,Diagnostics & Research,29214736384,3165285888,
VICI,VICI Properties Inc. Common Stock,Real Estate,REIT - Diversified,29204779008,4006116096,
EXR,Extra Space Storage Inc Common Stock,Real Estate,REIT - Industrial,29057808384,3446356992,
XYL,Xylem Inc. Common Stock New,Industrials,Specialty Industrial Machinery,29055397888,9034999808,
IQV,"IQVIA Holdings, Inc. Common Stock",Healthcare,Diagnostics & Research,28940636160,16309999616,
TPR,"Tapestry, Inc. Common Stock",Consumer Cyclical,Luxury Goods,28878127104,7514800128,
VEEV,Veeva Systems Inc. Class A Common Stock,Healthcare,Health Information Services,28875317248,3195311104,
PPL,PPL Corporation Common Stock,Utilities,Utilities - Regulated Electric,28699920384,9041999872,
RJF,"Raymond James Financial, Inc. Common Stock",Financial Services,Asset Management,28591665152,14215999488,
FTS,Fortis Inc. Common Shares,Utilities,Utilities - Regulated Electric,28404529152,12170000384,
JBL,Jabil Inc. Common Stock,Technology,Electronic Components,28375384064,32667000832,
NTRA,"Natera, Inc. Common Stock",Healthcare,Diagnostics & Research,28344834048,2306113024,
EXPE,"Expedia Group, Inc. Common Stock",Consumer Cyclical,Travel Services,28292075520,14732999680,
CNP,"CenterPoint Energy, Inc (Holding Co) Common Stock",Utilities,Utilities - Regulated Electric,28233687040,9356999680,
EIX,Edison International Common Stock,Utilities,Utilities - Regulated Electric,28167417856,19317000192,
DOV,Dover Corporation Common Stock,Industrials,Specialty Industrial Machinery,28112947200,8092571136,
TDY,Teledyne Technologies Incorporated Common Stock,Technology,Scientific & Technical Instruments,28022419456,6115400192,
AGNCZ,"AGNC Investment Corp. Depositary Shares Each Representing a 1/1,000th Interest in a Share of 8.75% Series H Fixed-Rate Cumulative Redeemable Preferred Stock",Real Estate,REIT - Mortgage,27918845471,1796999936,
RPRX,Royalty Pharma plc Class A Ordinary Shares ,Healthcare,Biotechnology,27746291712,2378192896,
FTI,TechnipFMC plc Ordinary Share,Energy,Oil & Gas Equipment & Services,27700389888,9932600320,
AGNCO,"AGNC Investment Corp. Depositary Shares, each representing a 1/1,000th interest in a share of 6.50% Series E Fixed-to-Floating Cumulative Redeemable Preferred Stock",Real Estate,REIT - Mortgage,27674915923,1796999936,
BTSGU,"BrightSpring Health Services, Inc. Tangible Equity Unit",Healthcare,Health Information Services,27489974174,12910564352,
WTW,Willis Towers Watson Public Limited Company Ordinary Shares,Financial Services,Insurance Brokers,27484495872,9708000256,
CHTR,"Charter Communications, Inc. Class A Common Stock New",Communication Services,Telecom Services,27337220096,54774001664,
AGNCL,"AGNC Investment Corp. Depositary Shares Each Representing a 1/1,000th Interest in a Share of 7.75% Series G Fixed-Rate Reset Cumulative Redeemable Preferred Stock",Real Estate,REIT - Mortgage,27209232242,1796999936,
CASY,"Casey's General Stores, Inc. Common Stock",Consumer Cyclical,Specialty Retail,26979536896,16982079488,
BAP,Credicorp Ltd. Common Stock,Financial Services,Banks - Regional,26919559168,20699846656,
AGNCP,"AGNC Investment Corp. Depositary Shares Each Representing a 1/1,000th Interest in a Share of 6.125% Series F Fixed-to-Floating Rate Cumulative Redeemable Preferred Stock",Real Estate,REIT - Mortgage,26909864161,1796999936,
BIIB,Biogen Inc. Common Stock,Healthcare,Drug Manufacturers - General,26905241600,9890599936,
SUNB,"Sunbelt Rentals Holdings, Inc. Common Stock",Industrials,Rental & Leasing Services,26901682176,10929699840,
CTRA,Coterra Energy Inc. Common Stock,Energy,Oil & Gas E&P,26680842240,6991000064,
KHC,The Kraft Heinz Company Common Stock,Consumer Defensive,Packaged Foods,26622418944,24942000128,
AWK,"American Water Works Company, Inc. Common Stock",Utilities,Utilities - Regulated Water,26575669248,5139999744,
VRSK,"Verisk Analytics, Inc. Common Stock",Industrials,Consulting Services,26445946880,3072699904,
NTRS,Northern Trust Corporation Common Stock,Financial Services,Asset Management,26395113472,8093899776,
EXE,Expand Energy Corporation Common Stock,Energy,Oil & Gas E&P,26390921216,11639000064,
PHG,Koninklijke Philips N.V. NY Registry Shares,Healthcare,Medical Devices,26266724352,17834000384,
NBIS,Nebius Group N.V. Class A Ordinary Shares,Communication Services,Internet Content & Information,26253041664,529800000,
DG,Dollar General Corporation Common Stock,Consumer Defensive,Discount Stores,26147471360,42724368384,
STZ,"Constellation Brands, Inc. Common Stock",Consumer Defensive,Beverages - Brewers,26114080768,9383000064,
HUBB,Hubbell Inc Common Stock,Industrials,Electrical Equipment & Parts,26088523776,5844599808,
STLD,"Steel Dynamics, Inc.",Basic Materials,Steel,26078832640,18176581632,
ES,Eversource Energy (D/B/A) Common Stock,Utilities,Utilities - Regulated Electric,26038564864,13547243520,
PBA,Pembina Pipeline Corp. Ordinary Shares (Canada),Energy,Oil & Gas Midstream,26015897600,7777999872,
UTHR,United Therapeutics Corporation Common Stock,Healthcare,Drug Manufacturers - Specialty & Generic,25988941824,3182700032,
EL,"Estee Lauder Companies, Inc. (The) Common Stock",Consumer Defensive,Household & Personal Products,25961148416,14670999552,
LYB,LyondellBasell Industries NV Ordinary Shares Class A (Netherlands),Basic Materials,Specialty Chemicals,25954013184,30153000960,
TECK,Teck Resources Ltd Ordinary Shares,Basic Materials,Other Industrial Metals & Mining,25922398208,10755999744,
CFG,"Citizens Financial Group, Inc. Common Stock",Financial Services,Banks - Regional,25756289024,7639000064,
ROL,"Rollins, Inc. Common Stock",Consumer Cyclical,Personal Services,25743024128,3761050112,
VIV,Telefonica Brasil S.A. American Depositary Shares (Each representing One Common Share),Communication Services,Telecom Services,25723650048,59595001856,
RDDT,"Reddit, Inc. Class A Common Stock",Communication Services,Internet Content & Information,25722966016,2202505984,
TW,Tradeweb Markets Inc. Class A Common Stock,Financial Services,Capital Markets,25652942848,2050488064,
MTD,"Mettler-Toledo International, Inc. Common Stock",Healthcare,Diagnostics & Research,25634203648,4026398976,
MTZ,"MasTec, Inc. Common Stock",Industrials,Engineering & Construction,25385584640,14299170816,
AXIA,AXIA Energia American Depositary Shares (Each representing one Common Share),Utilities,Utilities - Renewable,25367029760,41281597440,
CRCL,"Circle Internet Group, Inc. Class A Common Stock",Financial Services,Capital Markets,25329506304,2746641920,
FICO,Fair Isaac Corporation Common Stock,Technology,Software - Application,25324326912,2062860032,
WRB,W.R. Berkley Corporation Common Stock,Financial Services,Insurance - Property & Casualty,25187803136,14707856384,
CW,Curtiss-Wright Corporation Common Stock,Industrials,Aerospace & Defense,25138212864,3498372096,
FTAI,FTAI Aviation Ltd. Common Stock,Industrials,Rental & Leasing Services,25130452992,2507408896,
ON,ON Semiconductor Corporation Common Stock,Technology,Semiconductors,24915269632,5995400192,
FOXA,Fox Corporation Class A Common Stock,Communication Services,Entertainment,24843130880,16577999872,
FOX,Fox Corporation Class B Common Stock,Communication Services,Entertainment,24789942272,16577999872,
BG,Bunge Limited Common Shares,Consumer Defensive,Farm Products,24614354944,70328999936,
SYF,Synchrony Financial Common Stock,Financial Services,Credit Services,24498837504,9756000256,
CINF,Cincinnati Financial Corporation Common Stock,Financial Services,Insurance - Property & Casualty,24497225728,12631000064,
DXCM,"DexCom, Inc. Common Stock",Healthcare,Medical Devices,24493021184,4662000128,
STRK,Strategy Inc 8.00% Series A Perpetual Strike Preferred Stock,Technology,Software - Application,24433523868,477232992,
GFS,GlobalFoundries Inc. Ordinary Shares,Technology,Semiconductors,24422742016,6791000064,
FIS,"Fidelity National Information Services, Inc. Common Stock",Technology,Information Technology Services,24292378624,10677000192,
FLEX,Flex Ltd. Ordinary Shares,Technology,Electronic Components,24206475264,26834999296,
Q,"Qnity Electronics, Inc. Common Stock",Technology,Semiconductor Equipment & Materials,24190445568,4753999872,
MKL,Markel Group Inc. Common Stock,Financial Services,Insurance - Property & Casualty,24136900608,16589314048,
LPLA,LPL Financial Holdings Inc. Common Stock,Financial Services,Capital Markets,24090521600,16586073088,
PPG,"PPG Industries, Inc. Common Stock",Basic Materials,Specialty Chemicals,23919599616,15875000320,
CMS,CMS Energy Corporation Common Stock,Utilities,Utilities - Regulated Electric,23894380544,8538999808,
TSCO,Tractor Supply Company Common Stock,Consumer Cyclical,Specialty Retail,23843713024,15524045824,
ZM,"Zoom Communications, Inc. Class A Common Stock",Technology,Software - Application,23803555840,4868768768,
BCE,"BCE, Inc. Common Stock",Communication Services,Telecom Services,23602847744,24468000768,
FITBM,"Fifth Third Bancorp Depositary Shares Representing a 1/40th Ownership Interest in a Share of 6.875% Fixed-Rate Reset Non-Cumulative Perpetual Preferred Stock, Series M",Financial Services,Banks - Regional,23598984758,8354999808,
OMC,Omnicom Group Inc. Common Stock,Communication Services,Advertising Agencies,23371429888,17271900160,
AER,AerCap Holdings N.V. Ordinary Shares,Industrials,Rental & Leasing Services,23349667840,8516667904,
EQR,Equity Residential Common Shares of Beneficial Interest,Real Estate,REIT - Residential,23194996736,3093958912,
ULTA,"Ulta Beauty, Inc. Common Stock",Consumer Cyclical,Specialty Retail,23188551680,12392819712,
AVB,"AvalonBay Communities, Inc. Common Stock",Real Estate,REIT - Residential,23129534464,3041189120,
SQM,Sociedad Quimica y Minera S.A. Common Stock,Basic Materials,Specialty Chemicals,23119525888,4576224256,
NMR,Nomura Holdings Inc ADR American Depositary Shares,Financial Services,Capital Markets,23085867008,2043266990080,
PAAS,Pan American Silver Corp. Common Stock,Basic Materials,Gold,23047505920,3619000064,
VRSN,"VeriSign, Inc. Common Stock",Technology,Software - Infrastructure,23022972928,1656600064,
BNH,"Brookfield Finance Inc. 4.625% Subordinated Notes due October 16, 2080",,,22843124005,0,
XPO,"XPO, Inc. Common Stock",Industrials,Trucking,22837108736,8157000192,
UMC,United Microelectronics Corporation (NEW) Common Stock,Technology,Semiconductors,22791700480,237553205248,
PHM,"PulteGroup, Inc. Common Stock",Consumer Cyclical,Residential Construction,22597769216,17311952896,
DRI,"Darden Restaurants, Inc. Common Stock",Consumer Cyclical,Restaurants,22571896832,12763799552,
TSN,"Tyson Foods, Inc. Common Stock",Consumer Defensive,Farm Products,22557700096,55131000832,
ZS,"Zscaler, Inc. Common Stock",Technology,Software - Infrastructure,22557327360,3001123072,
RF,Regions Financial Corporation Common Stock,Financial Services,Banks - Regional,22554796032,7056000000,
SBS,Companhia de saneamento Basico Do Estado De Sao Paulo - Sabesp American Depositary Shares (Each repstg 250 Common Shares),Utilities,Utilities - Regulated Water,22427731968,38092050432,
BNTX,BioNTech SE American Depositary Share,Healthcare,Biotechnology,22337796096,2869900032,
NI,NiSource Inc Common Stock,Utilities,Utilities - Regulated Gas,22328358912,6642200064,
FCNCA,"First Citizens BancShares, Inc. Class A Common Stock",Financial Services,Banks - Regional,22301378560,9036000256,
WIT,Wipro Limited Common Stock,Technology,Information Technology Services,22211063808,908918980608,
BRO,"Brown & Brown, Inc. Common Stock",Financial Services,Insurance Brokers,22198790144,5762999808,
LH,Labcorp Holdings Inc. Common Stock,Healthcare,Diagnostics & Research,22118549504,13951699968,
CHD,"Church & Dwight Company, Inc. Common Stock",Consumer Defensive,Household & Personal Products,22105182208,6203200000,
L,Loews Corporation Common Stock,Financial Services,Insurance - Property & Casualty,22058842112,18453999616,
BNJ,Brookfield Finance Inc. 4.50% Perpetual Subordinated Notes,,,21923367857,0,
VLTO,Veralto Corp Common Stock ,Industrials,Pollution & Treatment Controls,21914308608,5503000064,
KEY,KeyCorp Common Stock,Financial Services,Banks - Regional,21847431168,7007000064,
DGX,Quest Diagnostics Incorporated Common Stock,Healthcare,Diagnostics & Research,21801277440,11034999808,
DLTR,Dollar Tree Inc. Common Stock,Consumer Defensive,Discount Stores,21776412672,19411800064,
EFX,"Equifax, Inc. Common Stock",Industrials,Consulting Services,21722673152,6074500096,
STE,STERIS plc (Ireland) Ordinary Shares,Healthcare,Medical Devices,21703247872,5828015104,
WSM,"Williams-Sonoma, Inc. Common Stock (DE)",Consumer Cyclical,Specialty Retail,21700196352,7806816256,
RGLD,"Royal Gold, Inc. Common Stock",Basic Materials,Gold,21583321088,645169024,
LEN,Lennar Corporation Class A Common Stock,Consumer Cyclical,Residential Construction,21503424512,33174865920,
WWD,"Woodward, Inc. Common Stock",Industrials,Aerospace & Defense,21474052096,3790792960,
FWONK,Liberty Media Corporation Series C Liberty Formula One Common Stock,Communication Services,Entertainment,21295366144,4481999872,
FWONA,Liberty Media Corporation Series A Liberty Formula One Common Stock,Communication Services,Entertainment,21233582080,4481999872,
SOJD,"Southern Company (The) Series 2020A 4.95% Junior Subordinated Notes due January 30, 2080",,,21230914955,0,
FSLR,"First Solar, Inc. Common Stock",Technology,Solar,21168164864,5219376128,
ALB,Albemarle Corporation Common Stock,Basic Materials,Specialty Chemicals,21164232704,5142732800,
BEP,Brookfield Renewable Partners L.P. Limited Partnership Units,Utilities,Utilities - Renewable,21077368832,6407000064,
HUM,Humana Inc. Common Stock,Healthcare,Healthcare Plans,20910135296,129664000000,
SW,Smurfit WestRock plc Ordinary Shares,Consumer Cyclical,Packaging & Containers,20891518976,31178999808,
FITBP,"Fifth Third Bancorp Depositary Shares each representing 1/40th share of Fifth Third 6.00% Non-Cumulative Perpetual Class B Preferred Stock, Series A",Financial Services,Banks - Regional,20873238629,8354999808,
RL,Ralph Lauren Corporation Common Stock,Consumer Cyclical,Apparel Manufacturing,20859779072,7833099776,
RCI,"Rogers Communication, Inc. Common Stock",Communication Services,Telecom Services,20771661824,21711998976,
SOJC,"Southern Company (The) Series 2017B 5.25% Junior Subordinated Notes due December 1, 2077",,,20749080576,0,
USFD,US Foods Holding Corp. Common Stock,Consumer Defensive,Food Distribution,20557426688,39424000000,
STLA,Stellantis N.V. Common Shares,Consumer Cyclical,Auto Manufacturers,20543156224,153508003840,
KOF,"Coca Cola Femsa S.A.B. de C.V.  American Depositary Shares, each representing 10 Units (each Unit consists of 3 Series B Shares and 5 Series L Shares)",Consumer Defensive,Beverages - Non-Alcoholic,20493619200,291745988608,
BURL,"Burlington Stores, Inc. Common Stock",Consumer Cyclical,Apparel Retail,20397234176,11558846464,
CPAY,"Corpay, Inc. Common Stock",Technology,Software - Infrastructure,20357093376,4528402944,
NTAP,"NetApp, Inc. Common Stock",Technology,Software - Infrastructure,20279398400,6709000192,
SOFI,"SoFi Technologies, Inc. Common Stock  ",Financial Services,Credit Services,20251191296,3583034880,
JBHT,"J.B. Hunt Transport Services, Inc. Common Stock",Industrials,Integrated Freight & Logistics,20176766976,11999095808,
MRNA,"Moderna, Inc. Common Stock",Healthcare,Biotechnology,20146612224,1944000000,
AQNB,"Algonquin Power & Utilities Corp. 6.20% Fixed-to-Floating Subordinated Notes Series 2019-A due July 1, 2079",,,20030092026,0,
TU,Telus Corporation Ordinary Shares,Communication Services,Telecom Services,20027629568,20345999360,
CF,"CF Industries Holdings, Inc. Common Stock",Basic Materials,Agricultural Inputs,19952359424,7084000256,
IHG,Intercontinental Hotels Group American Depositary Shares (Each representing one Ordinary Share),Consumer Cyclical,Lodging,19925403648,5189000192,
MDB,"MongoDB, Inc. Class A Common Stock",Technology,Software - Infrastructure,19922262016,2463796992,
ATI,ATI Inc. Common Stock,Industrials,Metal Fabrication,19918755840,4587400192,
GIS,"General Mills, Inc. Common Stock",Consumer Defensive,Packaged Foods,19863615488,18371198976,
ROIV,Roivant Sciences Ltd. Common Shares,Healthcare,Biotechnology,19824920576,13310000,
PFG,Principal Financial Group Inc Common Stock,Financial Services,Asset Management,19796611072,15625499648,
TSEM,Tower Semiconductor Ltd. Ordinary Shares,Technology,Semiconductors,19732328448,1566104064,
CHRW,"C.H. Robinson Worldwide, Inc. Common Stock",Industrials,Integrated Freight & Logistics,19699361792,16232763392,
TROW,"T. Rowe Price Group, Inc. Common Stock",Financial Services,Asset Management,19657091072,7314800128,
LDOS,"Leidos Holdings, Inc. Common Stock",Technology,Information Technology Services,19656591360,17173999616,
CRS,Carpenter Technology Corporation Common Stock,Industrials,Metal Fabrication,19636088832,2944300032,
PSTG,"Everpure, Inc. Class A common stock",Technology,Computer Hardware,19510413312,3662842880,
CDE,"Coeur Mining, Inc. Common Stock",Basic Materials,Gold,19428782080,2070125952,
RVMD,"Revolution Medicines, Inc. Common Stock",Healthcare,Biotechnology,19272361984,0,
JBS,JBS N.V. Class A Common Shares,Consumer Defensive,Packaged Foods,19232948224,86184181760,
DD,"DuPont de Nemours, Inc. Common Stock",Basic Materials,Specialty Chemicals,19189069824,6848999936,
ZTO,"ZTO Express (Cayman) Inc. American Depositary Shares, each representing one Class A ordinary share.",Industrials,Integrated Freight & Logistics,19174545408,49098665984,
AS,"Amer Sports, Inc. Ordinary Shares",Consumer Cyclical,Leisure,19139088384,6566199808,
NVT,nVent Electric plc Ordinary Shares ,Industrials,Electrical Equipment & Parts,19129362432,3893100032,
EXPD,"Expeditors International of Washington, Inc. Common Stock",Industrials,Integrated Freight & Logistics,19121731584,11069008896,
TWLO,Twilio Inc. Class A Common Stock,Technology,Software - Infrastructure,19075923968,5067219968,
FUTU,Futu Holdings Limited American Depositary Shares,Financial Services,Capital Markets,19040753664,21089046528,
YPF,YPF Sociedad Anonima Common Stock,Energy,Oil & Gas Integrated,19028461568,23240162410496,
BR,"Broadridge Financial Solutions, Inc. Common Stock",Technology,Information Technology Services,18969329664,7180299776,
PKG,Packaging Corporation of America Common Stock,Consumer Cyclical,Packaging & Containers,18932867072,8989299712,
CIB,Grupo Cibest S.A. American Depositary Shares each representing four Preferred Shares,Financial Services,Banks - Regional,18927976448,0,
SNA,Snap-On Incorporated Common Stock,Industrials,Tools & Accessories,18908268544,5156100096,
IP,International Paper Company Common Stock,Consumer Cyclical,Packaging & Containers,18902657024,23633999872,
EVRG,"Evergy, Inc. Common Stock",Utilities,Utilities - Regulated Electric,18864877568,5961600000,
ILMN,"Illumina, Inc. Common Stock",Healthcare,Diagnostics & Research,18846453760,4343000064,
GPN,Global Payments Inc. Common Stock,Industrials,Specialty Business Services,18837358592,7705878016,
BWXT,"BWX Technologies, Inc. Common Stock",Industrials,Aerospace & Defense,18733721600,3198425088,
INCY,Incyte Corp. Common Stock,Healthcare,Biotechnology,18731243520,5141241856,
LI,Li Auto Inc. American Depositary Shares,Consumer Cyclical,Auto Manufacturers,18720026624,112312508416,
AGI,Alamos Gold Inc. Class A Common Shares,Basic Materials,Gold,18713835520,1808800000,
BCH,Banco De Chile ADS,Financial Services,Banks - Regional,18708363264,0,
FN,Fabrinet Ordinary Shares,Technology,Electronic Components,18684606464,3892506880,
RIVN,"Rivian Automotive, Inc. Class A Common Stock",Consumer Cyclical,Auto Manufacturers,18676897792,5386999808,
ALAB,"Astera Labs, Inc. Common Stock",Technology,Semiconductors,18655508480,852524992,
SOJE,"Southern Company (The) Series 2020C 4.20% Junior Subordinated Notes due October 15, 2060",,,18552889242,0,
IFF,"International Flavors & Fragrances, Inc. Common Stock",Basic Materials,Specialty Chemicals,18534891520,10890000384,
TLK,"PT Telekomunikasi Indonesia, Tbk",Communication Services,Telecom Services,18504822784,0,
LUV,Southwest Airlines Company Common Stock,Industrials,Airlines,18458816512,28063000576,
LNT,Alliant Energy Corporation Common Stock,Utilities,Utilities - Regulated Electric,18452426752,4361999872,
NVR,"NVR, Inc. Common Stock",Consumer Cyclical,Residential Construction,18410403840,10438105088,
IOT,Samsara Inc. Class A Common Stock,Technology,Software - Infrastructure,18402899968,1618635008,
AMCR,Amcor plc Ordinary Shares,Consumer Cyclical,Packaging & Containers,18366316544,19608999936,
KEP,Korea Electric Power Corporation Common Stock,Utilities,Utilities - Regulated Electric,18295975936,97429345009664,
SBAC,SBA Communications Corporation Class A Common Stock,Real Estate,REIT - Specialty,18184110080,2815139072,
NXT,Nextpower Inc. Class A Common Stock,Technology,Solar,18128873472,3603215104,
BPYPM,"Brookfield Property Partners L.P. 6.25% Class A Cumulative Redeemable Preferred Units, Series 1",Financial Services,Asset Management,18088699830,0,
DUKB,Duke Energy Corporation 5.625% Junior Subordinated Debentures due 2078,,,18075672429,0,
PR,Permian Resources Corporation Class A Common Stock,Energy,Oil & Gas E&P,18068162560,5065210880,
WST,"West Pharmaceutical Services, Inc. Common Stock",Healthcare,Medical Instruments & Supplies,18066534400,3074099968,
TEAM,Atlassian Corporation Class A Common Stock,Technology,Software - Application,18000533504,5759927808,
LULU,lululemon athletica inc. Common Stock,Consumer Cyclical,Apparel Retail,17960333312,11102600192,
ZBH,"Zimmer Biomet Holdings, Inc. Common Stock",Healthcare,Medical Devices,17919576064,8231499776,
ENTG,"Entegris, Inc. Common Stock",Technology,Semiconductor Equipment & Materials,17849659392,3196600064,
DKS,Dick's Sporting Goods Inc Common Stock,Consumer Cyclical,Specialty Retail,17839933440,17215119360,
RBA,"RB Global, Inc. Common Stock",Industrials,Specialty Business Services,17820903424,4590700032,
FLUT,Flutter Entertainment plc Ordinary Shares,Consumer Cyclical,Gambling,17814587392,16382999552,
PKX,POSCO HOLDINGS INC. American Depositary Shares (Each representing 1/4th of a share of Common Stock),Basic Materials,Steel,17692237824,69094887915520,
HPQ,HP Inc. Common Stock,Technology,Computer Hardware,17634482176,56228999168,
VNOM,"Viper Energy, Inc. Class A Common Stock",Energy,Oil & Gas Midstream,17618438144,1324999936,
WY,Weyerhaeuser Company Common Stock,Real Estate,REIT - Specialty,17610635264,6904999936,
FITBI,Fifth Third Bancorp Depositary Shares,Financial Services,Banks - Regional,17607397376,8126000128,
FTV,Fortive Corporation Common Stock ,Technology,Scientific & Technical Instruments,17557571584,4159099904,
AA,Alcoa Corporation Common Stock ,Basic Materials,Aluminum,17502005248,12830999552,
APG,APi Group Corporation Common Stock,Industrials,Engineering & Construction,17482600448,7911000064,
CG,The Carlyle Group Inc. Common Stock,Financial Services,Asset Management,17477068800,4031600128,
CRDO,Credo Technology Group Holding Ltd Ordinary Shares,Technology,Semiconductors,17314316288,1068137984,
ULS,UL Solutions Inc. Class A Common Stock,Industrials,Specialty Business Services,17231327232,3052999936,
RBC,RBC Bearings Incorporated Common Stock,Industrials,Tools & Accessories,17172889600,1790599936,
YUMC,"Yum China Holdings, Inc. Common Stock",Consumer Cyclical,Restaurants,17143106560,11797000192,
FITBO,"Fifth Third Bancorp Depositary Shares each representing a 1/1000th ownership interest in a share of Non-Cumulative Perpetual Preferred Stock, Series K",Financial Services,Banks - Regional,17124205747,8354999808,
CSGP,"CoStar Group, Inc. Common Stock",Real Estate,Real Estate Services,17097011200,3247000064,
BEKE,KE Holdings Inc American Depositary Shares (each representing three Class A Ordinary Shares),Real Estate,Real Estate Services,16988446720,94580203520,
PTC,PTC Inc. Common Stock,Technology,Software - Application,16955756544,2859922944,
HOLX,"Hologic, Inc. Common Stock",Healthcare,Medical Instruments & Supplies,16875081728,4126500096,
OVV,Ovintiv Inc. (DE),Energy,Oil & Gas E&P,16818792448,8663000064,
BIP,Brookfield Infrastructure Partners LP Limited Partnership Units,Utilities,Utilities - Diversified,16800246784,23100000256,
WES,"Western Midstream Partners, LP Common Units Representing Limited Partner Interests",Energy,Oil & Gas Midstream,16797182976,3843403008,
ESS,"Essex Property Trust, Inc. Common Stock",Real Estate,REIT - Residential,16732261376,1935442944,
MTSI,"MACOM Technology Solutions Holdings, Inc. Common Stock",Technology,Semiconductors,16657908736,1020748032,
AKAM,"Akamai Technologies, Inc. Common Stock",Technology,Software - Infrastructure,16640399360,4208175104,
CX,"Cemex, S.A.B. de C.V. Sponsored ADR",Basic Materials,Building Materials,16597526528,16131999744,
THC,Tenet Healthcare Corporation Common Stock,Healthcare,Medical Care Facilities,16584778752,21309999104,
SSNC,"SS&C Technologies Holdings, Inc. Common Stock",Technology,Software - Application,16488932352,6272200192,
GMAB,Genmab A/S ADS,Healthcare,Biotechnology,16471221248,3720000000,
FFIV,"F5, Inc. Common Stock",Technology,Software - Infrastructure,16437152768,3144048128,
ITT,ITT Inc. Common Stock ,Industrials,Specialty Industrial Machinery,16393203712,3938500096,
XPEV,"XPeng Inc. American depositary shares, each representing two Class A ordinary shares",Consumer Cyclical,Auto Manufacturers,16347761664,76719742976,
LII,"Lennox International, Inc. Common Stock",Industrials,Building Products & Equipment,16278331392,5195299840,
WF,Woori Financial Group Inc. American Depositary Shares (each representing three (3) shares of Common Stock),Financial Services,Banks - Regional,16228068352,9962963075072,
RTO,Rentokil Initial plc American Depositary Shares (each representing five (5) Ordinary Shares),Industrials,Specialty Business Services,16192137216,6908000256,
SUI,"Sun Communities, Inc. Common Stock",Real Estate,REIT - Residential,16128152576,2298500096,
CNC,Centene Corporation Common Stock,Healthcare,Healthcare Plans,16100631552,176151003136,
TKO,"TKO Group Holdings, Inc. Class A Common Stock",Communication Services,Entertainment,15914693632,4735151104,
RS,"Reliance, Inc. Common Stock",Basic Materials,Steel,15891054592,14294299648,
CDW,CDW Corporation Common Stock,Technology,Information Technology Services,15756037120,22424100864,
PAA,"Plains All American Pipeline, L.P. Common Units representing Limited Partner Interests",Energy,Oil & Gas Midstream,15754522624,44261998592,
BSAC,Banco Santander - Chile ADS,Financial Services,Banks - Regional,15735252992,0,
BALL,Ball Corporation Common Stock,Consumer Cyclical,Packaging & Containers,15732306944,13160999936,
GIB,CGI Inc. Common Stock,Technology,Information Technology Services,15708367872,16205783040,
EMA,Emera Incorporated Common Shares,Utilities,Utilities - Regulated Electric,15697705984,8775999488,
NWS,News Corporation Class B Common Stock,Communication Services,Entertainment,15693929472,8624000000,
TME,"Tencent Music Entertainment Group American Depositary Shares, each representing two Class A Ordinary Shares",Communication Services,Internet Content & Information,15629387776,32902000640,
TOST,"Toast, Inc. Class A Common Stock",Technology,Software - Infrastructure,15614390272,6152999936,
TPG,TPG Inc. Class A Common Stock,Financial Services,Asset Management,15607970816,4670212096,
VTRS,Viatris Inc. Common Stock,Healthcare,Drug Manufacturers - Specialty & Generic,15560411136,14299899904,
SGI,Somnigroup International Inc. Common Stock,Consumer Cyclical,"Furnishings, Fixtures & Appliances",15548378112,7476499968,
MGA,"Magna International, Inc. Common Stock",Consumer Cyclical,Auto Parts,15539992576,42010001408,
TRMB,Trimble Inc. Common Stock,Technology,Scientific & Technical Instruments,15519585280,3587300096,
HTHT,H World Group Limited American Depositary Shares,Consumer Cyclical,Lodging,15472630784,25307000832,
MKSI,MKS Inc. Common Stock,Technology,Scientific & Technical Instruments,15454345216,3931000064,
BPYPO,"Brookfield Property Partners L.P. 6.375% Class A Cumulative Redeemable Perpetual Preferred Units, Series 2",Real Estate,Real Estate Services,15448165487,7146999808,
CHKP,Check Point Software Technologies Ltd. Ordinary Shares,Technology,Software - Infrastructure,15335622656,2725400064,
CLH,"Clean Harbors, Inc. Common Stock",Industrials,Waste Management,15320510464,6030837248,
AFRM,"Affirm Holdings, Inc. Class A Common Stock",Financial Services,Credit Services,15263130624,3715908096,
TXT,Textron Inc. Common Stock,Industrials,Aerospace & Defense,15249661952,14798999552,
NIO,"NIO Inc. American depositary shares, each  representing one Class A ordinary share",Consumer Cyclical,Auto Manufacturers,15247815680,87487512576,
INVH,Invitation Homes Inc. Common Stock,Real Estate,REIT - Residential,15233562624,2717689088,
KIM,Kimco Realty Corporation (HC) Common Stock,Real Estate,REIT - Retail,15216549888,2140115968,
NLY,Annaly Capital Management Inc. Common Stock,Real Estate,REIT - Mortgage,15193883648,2381701888,
J,Jacobs Solutions Inc. Common Stock,Industrials,Engineering & Construction,15030280192,12390108160,
GRAB,Grab Holdings Limited Class A Ordinary Shares,Technology,Software - Application,15007763456,3369999872,
APA,APA Corporation Common Stock,Energy,Oil & Gas E&P,14991992832,8684999680,
WLK,Westlake Corporation Common Stock,Basic Materials,Specialty Chemicals,14984869888,11169999872,
HII,"Huntington Ingalls Industries, Inc. Common Stock",Industrials,Aerospace & Defense,14959387648,12483999744,
SN,"SharkNinja, Inc. Ordinary Shares",Consumer Cyclical,"Furnishings, Fixtures & Appliances",14957619200,6399187968,
GFL,"GFL Environmental Inc. Subordinate voting shares, no par value",Industrials,Waste Management,14951982080,6615900160,
WPC,W. P. Carey Inc. REIT,Real Estate,REIT - Diversified,14902837248,1705649024,
NDSN,Nordson Corporation Common Stock,Industrials,Specialty Industrial Machinery,14841784320,2845728000,
APTV,Aptiv PLC Ordinary Shares,Consumer Cyclical,Auto Parts,14800534528,20398000128,
WSO,"Watsco, Inc. Common Stock",Industrials,Industrial Distribution,14790160384,7239289856,
PODD,Insulet Corporation Common Stock,Healthcare,Medical Devices,14771864576,2708100096,
TYL,"Tyler Technologies, Inc. Common Stock",Technology,Software - Application,14717321216,2332339968,
GPC,Genuine Parts Company Common Stock,Consumer Cyclical,Auto Parts,14712163328,24300140544,
SMMT,Summit Therapeutics Inc. Common Stock ,Healthcare,Biotechnology,14701065216,0,
EWBC,"East West Bancorp, Inc. Common Stock",Financial Services,Banks - Regional,14692596736,2697061120,
MAA,"Mid-America Apartment Communities, Inc. Common Stock",Real Estate,REIT - Residential,14657280000,2209125888,
DECK,Deckers Outdoor Corporation Common Stock,Consumer Cyclical,Footwear & Accessories,14587599872,5374707200,
TLN,Talen Energy Corporation Common Stock,Utilities,Utilities - Independent Power Producers,14587217920,2625999872,
APOS,"Apollo Global Management, Inc. 7.625% Fixed-Rate Resettable Junior Subordinated Notes due 2053",,,14483256512,0,
LTM,"LATAM Airlines Group S.A. American Depositary Shares (each representing two thousand (2,000) shares of Common Stock)",Industrials,Airlines,14473260032,14265056256,
BBIO,"BridgeBio Pharma, Inc. Common Stock",Healthcare,Biotechnology,14396256256,502076000,
NWSA,News Corporation Class A Common Stock,Communication Services,Entertainment,14393335808,8624000000,
JLL,Jones Lang LaSalle Incorporated Common Stock,Real Estate,Real Estate Services,14362270720,26115600384,
PAYP,PayPay Corporation American Depository Shares,Technology,Software - Infrastructure,14268467200,355530014720,
KKRS,KKR Group Finance Co. IX LLC 4.625% Subordinated Notes due 2061,,,14264814304,0,
OWL,Blue Owl Capital Inc. Class A Common Stock,Financial Services,Asset Management,14246428672,2870178048,
PNR,Pentair plc. Ordinary Share,Industrials,Specialty Industrial Machinery,14219462656,4176000000,
REG,Regency Centers Corporation Common Stock,Real Estate,REIT - Retail,14142485504,1611042944,
IEX,IDEX Corporation Common Stock,Industrials,Specialty Industrial Machinery,14092630016,3457499904,
KSPI,Joint Stock Company Kaspi.kz American Depository Shares,Technology,Software - Infrastructure,14064048128,0,
VLYPN,"Valley National Bancorp 8.250% Fixed-Rate Reset Non-Cumulative Perpetual Preferred Stock, Series C",Financial Services,Banks - Regional,14052283366,1844204032,
ASND,Ascendis Pharma A/S American Depositary Shares,Healthcare,Biotechnology,14042456064,720131968,
GGG,Graco Inc. Common Stock,Industrials,Specialty Industrial Machinery,14034126848,2236603904,
COO,"The Cooper Companies, Inc. Common Stock",Healthcare,Medical Instruments & Supplies,13950680064,4151800064,
OKTA,"Okta, Inc. Class A Common Stock",Technology,Software - Infrastructure,13949791232,2919000064,
ROKU,"Roku, Inc. Class A Common Stock",Communication Services,Entertainment,13949616128,4737250816,
NVMI,Nova Ltd. Ordinary Shares,Technology,Semiconductor Equipment & Materials,13802708992,880577024,
BPYPN,"Brookfield Property Partners L.P. 5.750% Class A Cumulative Redeemable Perpetual Preferred Units, Series 3",Real Estate,Real Estate Services,13795232572,7146999808,
QXO,"QXO, Inc. Common Stock",Industrials,Industrial Distribution,13786159104,6842200064,
DTM,"DT Midstream, Inc. Common Stock ",Energy,Oil & Gas Midstream,13738241024,1243000064,
SMCI,"Super Micro Computer, Inc. Common Stock",Technology,Computer Hardware,13672973312,28057104384,
LECO,"Lincoln Electric Holdings, Inc. Common Shares",Industrials,Tools & Accessories,13655501824,4233003008,
CNH,CNH Industrial N.V. Common Shares,Industrials,Farm & Heavy Construction Machinery,13650412544,18094999552,
CSL,Carlisle Companies Incorporated Common Stock,Industrials,Building Products & Equipment,13639675904,5019899904,
MEDP,"Medpace Holdings, Inc. Common Stock",Healthcare,Diagnostics & Research,13628408832,2530234112,
H,Hyatt Hotels Corporation Class A Common Stock,Consumer Cyclical,Lodging,13583519744,3472000000,
NYT,New York Times Company (The) Common Stock,Communication Services,Publishing,13557307392,2797917952,
MKC,"McCormick & Company, Incorporated Common Stock",Consumer Defensive,Packaged Foods,13540024320,7108700160,
SNN,"Smith & Nephew SNATS, Inc. Common Stock",Healthcare,Medical Devices,13490440192,6163999744,
SNX,TD SYNNEX Corporation Common Stock,Technology,Electronics & Computer Distribution,13465082880,65137577984,
PFGC,Performance Food Group Company Common Stock,Consumer Defensive,Food Distribution,13457098752,62365798400,
BBY,"Best Buy Co., Inc. Common Stock",Consumer Cyclical,Specialty Retail,13452152832,41691000832,
LOGI,Logitech International S.A. Ordinary Shares,Technology,Computer Hardware,13432404992,4765593088,
RGA,"Reinsurance Group of America, Incorporated Common Stock",Financial Services,Insurance - Reinsurance,13416135680,23697999872,
TRU,TransUnion Common Stock,Financial Services,Financial Data & Stock Exchanges,13349553152,4576300032,
HST,"Host Hotels & Resorts, Inc. Common Stock",Real Estate,REIT - Hotel & Motel,13348563968,6131999744,
WMG,Warner Music Group Corp. Class A Common Stock,Communication Services,Entertainment,13340722176,6880999936,
WCC,"WESCO International, Inc. Common Stock",Industrials,Industrial Distribution,13314873344,23510900736,
OHI,"Omega Healthcare Investors, Inc. Common Stock",Real Estate,REIT - Healthcare Facilities,13311639552,1190098944,
AVY,Avery Dennison Corporation Common Stock,Consumer Cyclical,Packaging & Containers,13282032640,8855499776,
NBIX,"Neurocrine Biosciences, Inc. Common Stock",Healthcare,Drug Manufacturers - Specialty & Generic,13221882880,2860499968,
EG,"Everest Group, Ltd. Common Stock",Financial Services,Insurance - Reinsurance,13201521664,17540999168,
KTOS,"Kratos Defense & Security Solutions, Inc. Common Stock",Industrials,Aerospace & Defense,13168287744,1346800000,
HAS,"Hasbro, Inc. Common Stock",Consumer Cyclical,Leisure,13168187392,4701300224,
ERIE,Erie Indemnity Company Class A Common Stock,Financial Services,Insurance Brokers,13140966400,4067258112,
AR,Antero Resources Corporation Common Stock,Energy,Oil & Gas E&P,13093799936,5139509760,
SREA,DBA Sempra 5.750% Junior Subordinated Notes due 2079,,,13042805025,0,
FMS,Fresenius Medical Care AG American Depositary Shares (Each representing 1/2 of an Ordinary Share),Healthcare,Medical Care Facilities,13002336256,19627601920,
NVAWW,Nova Minerals Limited Warrant,,,12998632810,-1655963,
PNFP,"Pinnacle Financial Partners, Inc. Common stock",Financial Services,Banks - Regional,12944609280,1947606016,
ARCC,Ares Capital Corporation Common Stock,Financial Services,Asset Management,12938772480,3052000000,
TOL,"Toll Brothers, Inc. Common Stock",Consumer Cyclical,Residential Construction,12930516992,11253219328,
RNR,RenaissanceRe Holdings Ltd. Common Stock,Financial Services,Insurance - Reinsurance,12926209024,12861578240,
PEN,"Penumbra, Inc. Common Stock",Healthcare,Medical Devices,12886241280,1403665024,
BJ,"BJ's Wholesale Club Holdings, Inc. Common Stock",Consumer Defensive,Discount Stores,12878031872,21457274880,
HUBS,"HubSpot, Inc. Common Stock",Technology,Software - Application,12873965568,3131266048,
LAMR,Lamar Advertising Company Class A Common Stock,Real Estate,REIT - Specialty,12834537472,2266419968,
COKE,"Coca-Cola Consolidated, Inc. Common Stock",Consumer Defensive,Beverages - Non-Alcoholic,12763038720,7228055040,
RPM,RPM International Inc. Common Stock,Basic Materials,Specialty Chemicals,12744940544,7582175232,
UDR,"UDR, Inc. Common Stock",Real Estate,REIT - Residential,12717799424,1748904960,
GWRE,"Guidewire Software, Inc. Common Stock",Technology,Software - Application,12715467776,1341811968,
LSCC,Lattice Semiconductor Corporation Common Stock,Technology,Semiconductors,12696007680,523262016,
TIMB,TIM S.A. American Depositary Shares (Each representing 5 Common Shares) ,Communication Services,Telecom Services,12655164416,26624720896,
CLX,Clorox Company (The) Common Stock,Consumer Defensive,Household & Personal Products,12640826368,6758000128,
FIVE,"Five Below, Inc. Common Stock",Consumer Cyclical,Specialty Retail,12620876800,4764147200,
FNF,"Fidelity National Financial, Inc. Common Stock",Financial Services,Insurance - Specialty,12575361024,14504999936,
RGC,Regencell Bioscience Holdings Limited Ordinary Shares,Healthcare,Drug Manufacturers - Specialty & Generic,12574853120,0,
GLPI,"Gaming and Leisure Properties, Inc. Common Stock",Real Estate,REIT - Specialty,12566553600,1594752000,
TIGO,Millicom International Cellular S.A. Common Stock,Communication Services,Telecom Services,12555555840,5818999808,
ALLE,Allegion plc Ordinary Shares,Industrials,Security & Protection Services,12516077568,4067300096,
ELS,"Equity Lifestyle Properties, Inc. Common Stock",Real Estate,REIT - Residential,12507486208,1537901952,
STRL,"Sterling Infrastructure, Inc. Common Stock",Industrials,Engineering & Construction,12495342592,2490049024,
HL,Hecla Mining Company Common Stock,Basic Materials,Other Precious Metals & Mining,12488616960,1423019008,
PAC,"Grupo Aeroportuario Del Pacifico, S.A. B. de C.V. Grupo Aeroportuario Del Pacifico, S.A. de C.V. (each representing 10 Series B shares)",Industrials,Airports & Air Services,12473784320,32525907968,
RRX,Regal Rexnord Corporation Common Stock,Industrials,Specialty Industrial Machinery,12465051648,5934499840,
HRL,Hormel Foods Corporation Common Stock,Consumer Defensive,Packaged Foods,12463937536,12144663552,
CNA,CNA Financial Corporation Common Stock,Financial Services,Insurance - Property & Casualty,12429321216,14988999680,
IONS,"Ionis Pharmaceuticals, Inc. Common Stock",Healthcare,Biotechnology,12404268032,943710976,
SUZ,Suzano S.A. American Depositary Shares (each representing One Ordinary Share),Basic Materials,Paper & Paper Products,12373329920,50115678208,
BEN,"Franklin Resources, Inc. Common Stock",Financial Services,Asset Management,12315248640,8846199808,
ALGN,"Align Technology, Inc. Common Stock",Healthcare,Medical Instruments & Supplies,12300101632,4034963968,
MLI,"Mueller Industries, Inc. Common Stock",Industrials,Metal Fabrication,12294844416,4178546944,
MAS,Masco Corporation Common Stock,Industrials,Building Products & Equipment,12291760128,7561999872,
AEIS,"Advanced Energy Industries, Inc. Common Stock",Industrials,Electrical Equipment & Parts,12271890432,1798800000,
SUN,Sunoco LP Common Units representing limited partner interests,Energy,Oil & Gas Refining & Marketing,12241124352,25201000448,
UNM,Unum Group Common Stock,Financial Services,Insurance - Life,12220201984,13075500032,
PINS,"Pinterest, Inc. Class A Common Stock",Communication Services,Internet Content & Information,12198642688,4221766912,
PNW,Pinnacle West Capital Corporation Common Stock,Utilities,Utilities - Regulated Electric,12181218304,5339938816,
ALLY,Ally Financial Inc. Common Stock,Financial Services,Credit Services,12125667328,7374000128,
GH,"Guardant Health, Inc. Common Stock",Healthcare,Diagnostics & Research,12116213760,982020992,
SOLS,Solstice Advanced Materials Inc. Common Stock ,Basic Materials,Specialty Chemicals,12090214400,3886000128,
DPZ,Domino's Pizza Inc Common Stock,Consumer Cyclical,Restaurants,12065712128,4939994112,
CACI,"CACI International, Inc. Class A Common Stock",Technology,Information Technology Services,12011789312,8978845696,
MDGL,"Madrigal Pharmaceuticals, Inc. Common Stock",Healthcare,Biotechnology,12008384512,958403008,
ELAN,Elanco Animal Health Incorporated Common Stock,Healthcare,Drug Manufacturers - Specialty & Generic,11897232384,4714999808,
DRS,"Leonardo DRS, Inc. Common Stock",Industrials,Aerospace & Defense,11843509248,3648000000,
EVR,Evercore Inc. Class A Common Stock,Financial Services,Capital Markets,11822622720,3856875008,
SCI,Service Corporation International Common Stock,Consumer Cyclical,Personal Services,11734748160,4309234176,
ENSG,"The Ensign Group, Inc. Common Stock",Healthcare,Medical Care Facilities,11709724672,5057841152,
GMED,"Globus Medical, Inc. Class A Common Stock",Healthcare,Medical Devices,11653403648,2938930944,
JAZZ,Jazz Pharmaceuticals plc Common Stock (Ireland),Healthcare,Biotechnology,11637984256,4267586048,
GEN,Gen Digital Inc. Common Stock,Technology,Software - Infrastructure,11612764160,4727000064,
AMH,American Homes 4 Rent Common Shares of Beneficial Interest,Real Estate,REIT - Residential,11591623680,1850233984,
RDY,Dr. Reddy's Laboratories Ltd Common Stock,Healthcare,Drug Manufacturers - Specialty & Generic,11563311104,345831014400,
EXEL,"Exelixis, Inc. Common Stock",Healthcare,Biotechnology,11499330560,2320125952,
CRBG,Corebridge Financial Inc. Common Stock,Financial Services,Asset Management,11493025792,18616999936,
GNRC,Generac Holdlings Inc. Common Stock,Industrials,Specialty Industrial Machinery,11462759424,4209146880,
DINO,HF Sinclair Corporation Common Stock,Energy,Oil & Gas Refining & Marketing,11449250816,26869000192,
SF,Stifel Financial Corporation Common Stock,Financial Services,Capital Markets,11441923072,5491325952,
JKHY,"Jack Henry & Associates, Inc. Common Stock",Technology,Information Technology Services,11438482432,2464529920,
MOD,Modine Manufacturing Company Common Stock,Consumer Cyclical,Auto Parts,11427378176,2873900032,
DOC,"Healthpeak Properties, Inc. Common Stock",Real Estate,REIT - Healthcare Facilities,11423067136,2822512128,
IT,"Gartner, Inc. Common Stock",Technology,Information Technology Services,11412695040,6497226240,
EQX,Equinox Gold Corp. Common Shares,Basic Materials,Gold,11410981888,1817195008,
WTRG,"Essential Utilities, Inc. Common Stock",Utilities,Utilities - Regulated Water,11408641024,2474615040,
IREN,IREN Limited Ordinary Shares,Financial Services,Capital Markets,11372703744,757102016,
BNT,Brookfield Wealth Solutions Ltd. Class A Exchangeable Limited Voting Shares,Financial Services,Insurance - Diversified,11359084544,11635000320,
ACGLO,"Arch Capital Group Ltd. Depositary Shares Each Representing 1/1,000th Interest in a Share of 5.45% Non-Cumulative Preferred Shares, Series F",Financial Services,Insurance - Diversified,11358573568,19928999936,
CCK,"Crown Holdings, Inc.",Consumer Cyclical,Packaging & Containers,11350874112,12364999680,
SOLV,Solventum Corporation Common Stock,Healthcare,Medical Instruments & Supplies,11329093632,8325000192,
SKM,"SK Telecom Co., Ltd. Common Stock",Communication Services,Telecom Services,11280686080,17099212718080,
AGNC,AGNC Investment Corp. Common Stock,Real Estate,REIT - Mortgage,11266089984,1796999936,
ONON,On Holding AG Class A Ordinary Shares,Consumer Cyclical,Footwear & Accessories,11260536832,3014000128,
CHWY,"Chewy, Inc. Class A Common Stock",Consumer Cyclical,Internet Retail,11250278400,12601499648,
BWA,BorgWarner Inc. Common Stock,Consumer Cyclical,Auto Parts,11234465792,14316000256,
WBS,Webster Financial Corporation Common Stock,Financial Services,Banks - Regional,11193009152,2675645952,
GDDY,GoDaddy Inc. Class A Common Stock,Technology,Software - Infrastructure,11172155392,4951099904,
IAG,Iamgold Corporation Ordinary Shares,Basic Materials,Gold,11166136320,2852800000,
DT,"Dynatrace, Inc. Common Stock",Technology,Software - Application,11149035520,1931836032,
AMKR,"Amkor Technology, Inc. Common Stock",Technology,Semiconductor Equipment & Materials,11136326656,6707980800,
SWK,"Stanley Black & Decker, Inc. Common Stock",Industrials,Tools & Accessories,11034653696,15130399744,
FIG,"Figma, Inc. Class A Common Stock",Technology,Software - Application,11029078016,1055788032,
SFD,"Smithfield Foods, Inc. Common Stock",Consumer Defensive,Packaged Foods,11005558784,15530999808,
AEG,Aegon Ltd. New York Registry Shares,Financial Services,Insurance - Diversified,10998735872,12193000448,
FHN,First Horizon Corporation Common Stock,Financial Services,Banks - Regional,10997373952,3353999872,
JHX,James Hardie Industries plc. Ordinary Shares,Basic Materials,Building Materials,10988436480,4403400192,
ACM,AECOM Common Stock,Industrials,Engineering & Construction,10966260736,15956303872,
GL,Globe Life Inc. Common Stock,Financial Services,Insurance - Life,10943929344,5994317824,
UHS,"Universal Health Services, Inc. Common Stock",Healthcare,Medical Care Facilities,10932675584,17364828160,
TXRH,"Texas Roadhouse, Inc. Common Stock",Consumer Cyclical,Restaurants,10923363328,5878074880,
AIZ,"Assurant, Inc. Common Stock",Financial Services,Insurance - Property & Casualty,10908167168,12814300160,
BPYPP,Brookfield Property Partners L.P. 6.50% Class A Cumulative Redeemable Perpetual Preferred Units,Real Estate,Real Estate Services,10877310976,7146999808,
BMRN,BioMarin Pharmaceutical Inc. Common Stock,Healthcare,Biotechnology,10864347136,3221253120,
AM,Antero Midstream Corporation Common Stock,Energy,Oil & Gas Midstream,10859069440,1259097984,
TTD,"The Trade Desk, Inc. Class A Common Stock",Communication Services,Advertising Agencies,10799920128,2896283904,
IVZ,Invesco Ltd Common Stock,Financial Services,Asset Management,10776837120,6377099776,
DKNG,DraftKings Inc. Class A Common Stock,Consumer Cyclical,Gambling,10717960192,6054524928,
RRC,Range Resources Corporation Common Stock,Energy,Oil & Gas E&P,10704759808,2988818944,
WMS,"Advanced Drainage Systems, Inc. Common Stock",Industrials,Building Products & Equipment,10681822208,2989376000,
BSY,"Bentley Systems, Incorporated Class B Common Stock",Technology,Software - Application,10660923392,1501778944,
ARMK,Aramark Common Stock,Industrials,Specialty Business Services,10655371264,18785761280,
AFG,"American Financial Group, Inc. Common Stock",Financial Services,Insurance - Property & Casualty,10638093312,7941000192,
IONQ,"IonQ, Inc. Common Stock",Technology,Computer Hardware,10600037376,130016000,
AG,First Majestic Silver Corp. Ordinary Shares (Canada),Basic Materials,Silver,10592588800,1257156992,
KRMN,Karman Holdings Inc. Common Stock,Industrials,Aerospace & Defense,10592410624,471500000,
ZBRA,Zebra Technologies Corporation Class A Common Stock,Technology,Communication Equipment,10592043008,5395999744,
WYNN,"Wynn Resorts, Limited Common stock",Consumer Cyclical,Resorts & Casinos,10589969408,7137924096,
EMBJ,Embraer S.A. Common Stock,Industrials,Aerospace & Defense,10560045056,41883234304,
BIPJ,Brookfield Infrastructure Corporation 7.250% Subordinated Notes due 2084,,,10454054406,0,
EQH,"Equitable Holdings, Inc. Common Stock",Financial Services,Asset Management,10442357760,11669999616,
KT,KT Corporation Common Stock,Communication Services,Telecom Services,10344582144,28244160020480,
GME,GameStop Corporation Common Stock,Consumer Cyclical,Specialty Retail,10330564608,3629900032,
GIL,"Gildan Activewear, Inc. Class A Sub. Vot. Common Stock",Consumer Cyclical,Apparel Manufacturing,10312093696,3619236096,
SJM,The J.M. Smucker Company Common Stock,Consumer Defensive,Packaged Foods,10289601536,8926600192,
NTNX,"Nutanix, Inc. Class A Common Stock",Technology,Software - Infrastructure,10277901312,2685650944,
DVA,DaVita Inc. Common Stock,Healthcare,Medical Care Facilities,10274023424,13643069440,
CPT,Camden Property Trust Common Stock,Real Estate,REIT - Residential,10227591168,1586766976,
ONTO,Onto Innovation Inc. Common Stock,Technology,Semiconductor Equipment & Materials,10192462848,1005262976,
DY,"Dycom Industries, Inc. Common Stock",Industrials,Engineering & Construction,10154459136,5545911808,
ASR,"Grupo Aeroportuario del Sureste, S.A. de C.V. Common Stock",Industrials,Airports & Air Services,10141470720,37237432320,
MGM,MGM Resorts International Common Stock,Consumer Cyclical,Resorts & Casinos,10122472448,17537683456,
TTMI,"TTM Technologies, Inc. Common Stock",Technology,Electronic Components,10116403200,2906344960,
AES,The AES Corporation Common Stock,Utilities,Utilities - Diversified,10047178752,12232999936,
PSKY,Paramount Skydance Corporation Class B Common Stock,Communication Services,Entertainment,10027905024,28891000832,
HLI,"Houlihan Lokey, Inc. Class A Common Stock",Financial Services,Capital Markets,10022687744,2648005120,
Z,"Zillow Group, Inc. Class C Capital Stock",Communication Services,Internet Content & Information,10020960256,2583000064,
AIT,"Applied Industrial Technologies, Inc. Common Stock",Industrials,Industrial Distribution,10007316480,4754024960,
ZG,"Zillow Group, Inc. Class A Common Stock",Communication Services,Internet Content & Information,10002152448,2583000064,
SPXC,"SPX Technologies, Inc. Common Stock",Industrials,Building Products & Equipment,9972384768,2265100032,
RBRK,"Rubrik, Inc. Class A Common Stock",Technology,Software - Infrastructure,9905463296,1316190976,
GTLS,"Chart Industries, Inc. Common Stock",Industrials,Specialty Industrial Machinery,9896211456,4264000000,
OGE,OGE Energy Corp Common Stock,Utilities,Utilities - Regulated Electric,9892183040,3260100096,
BLD,TopBuild Corp. Common Stock,Industrials,Engineering & Construction,9887385600,5409085952,
EGP,"EastGroup Properties, Inc. Common Stock",Real Estate,REIT - Industrial,9874329600,719572992,
CR,Crane Company Common Stock,Industrials,Specialty Industrial Machinery,9874201600,2304999936,
STN,Stantec Inc Common Stock,Industrials,Engineering & Construction,9855388672,6494799872,
XP,XP Inc. Class A Common Stock,Financial Services,Capital Markets,9846493184,17773197312,
CART,Maplebear Inc. Common Stock,Consumer Cyclical,Internet Retail,9834484736,3742000128,
W,Wayfair Inc. Class A Common Stock,Consumer Cyclical,Internet Retail,9833546752,12456999936,
PAG,"Penske Automotive Group, Inc. Common Stock",Consumer Cyclical,Auto & Truck Dealerships,9830829056,31808499712,
DCI,"Donaldson Company, Inc. Common Stock",Industrials,Specialty Industrial Machinery,9829154816,3752499968,
DAR,Darling Ingredients Inc. Common Stock,Consumer Defensive,Packaged Foods,9817401344,6135877120,
ORI,Old Republic International Corporation Common Stock,Financial Services,Insurance - Property & Casualty,9804640256,9136100352,
RVTY,"Revvity, Inc. Common Stock",Healthcare,Diagnostics & Research,9795089408,2856050944,
EHC,Encompass Health Corporation Common Stock,Healthcare,Medical Care Facilities,9732583424,5935200256,
ALSN,"Allison Transmission Holdings, Inc. Common Stock",Consumer Cyclical,Auto Parts,9731129344,3009999872,
HMY,Harmony Gold Mining Company Limited,Basic Materials,Gold,9704389632,81154998272,
WTS,"Watts Water Technologies, Inc. Class A Common Stock",Industrials,Specialty Industrial Machinery,9678246912,2438500096,
PL,Planet Labs PBC Class A Common Stock,Industrials,Aerospace & Defense,9674865664,307727008,
CNM,"Core & Main, Inc. Class A Common Stock",Industrials,Industrial Distribution,9658308608,7647000064,
SEIC,SEI Investments Company Common Stock,Financial Services,Asset Management,9607820288,2297381120,
ONBPP,"Old National Bancorp Depositary Shares, Each Representing a 1/40th Interest in a Share of Series A Preferred Stock",Financial Services,Banks - Regional,9585955800,2300566016,
U,Unity Software Inc. Common Stock,Technology,Software - Application,9573081088,1849648000,
ONBPO,"Old National Bancorp Depositary Shares, Each Representing a 1/40th Interest in a Share of Series C Preferred Stock",Financial Services,Banks - Regional,9558678690,2300566016,
MASI,Masimo Corporation Common Stock,Healthcare,Medical Devices,9554099200,1526899968,
ENLT,Enlight Renewable Energy Ltd. Ordinary Shares,Utilities,Utilities - Renewable,9518451712,488596000,
IESC,"IES Holdings, Inc. Common Stock",Industrials,Engineering & Construction,9495094272,3492879104,
VIRT,"Virtu Financial, Inc. Class A Common Stock",Financial Services,Capital Markets,9444982784,2845200896,
EDU,"New Oriental Education & Technology Group, Inc. Sponsored ADR representing 10 Ordinary Share (Cayman Islands)",Consumer Defensive,Education & Training Services,9440908288,5140631040,
CAVA,"CAVA Group, Inc. Common Stock",Consumer Cyclical,Restaurants,9414961152,1179664000,
BAH,Booz Allen Hamilton Holding Corporation Common Stock,Industrials,Consulting Services,9409980416,11409000448,
SAIA,"Saia, Inc. Common Stock",Industrials,Trucking,9368469504,3234286080,
ACI,"Albertsons Companies, Inc. Class A Common Stock",Consumer Defensive,Grocery Stores,9360200704,81719803904,
FLS,Flowserve Corporation Common Stock,Industrials,Specialty Industrial Machinery,9354906624,4729260032,
KNX,Knight-Swift Transportation Holdings Inc.,Industrials,Trucking,9352479744,7469688832,
WTFC,Wintrust Financial Corporation Common Stock,Financial Services,Banks - Regional,9346562048,2628171008,
RMBS,Rambus Inc. Common Stock,Technology,Semiconductors,9304950784,707630016,
SSB,SouthState Bank Corporation Common Stock,Financial Services,Banks - Regional,9299681280,2555694080,
AVAV,"AeroVironment, Inc. Common Stock",Industrials,Aerospace & Defense,9263258624,1610279040,
FPS,"Forgent Power Solutions, Inc. Class A Common Stock",Industrials,Electrical Equipment & Parts,9255992320,1003515008,
MICC,The Magnum Ice Cream Company N.V. Ordinary Shares,Consumer Defensive,Packaged Foods,9236216832,7910000128,
FRT,Federal Realty Investment Trust Common Stock,Real Estate,REIT - Retail,9231499264,1280894976,
OSK,Oshkosh Corporation (Holding Company)Common Stock,Industrials,Farm & Heavy Construction Machinery,9222586368,10422299648,
DOCU,"DocuSign, Inc. Common Stock",Technology,Software - Application,9217828864,3219500032,
BILI,Bilibili Inc. American Depositary Shares,Communication Services,Internet Content & Information,9194485760,30347765760,
BXP,"BXP, Inc. Common Stock",Real Estate,REIT - Office,9189257216,3153085952,
MUSA,Murphy USA Inc. Common Stock,Consumer Cyclical,Specialty Retail,9155905536,17017900032,
BVN,Buenaventura Mining Company Inc.,Basic Materials,Other Precious Metals & Mining,9153686528,1731639040,
CELH,"Celsius Holdings, Inc. Common Stock",Consumer Defensive,Beverages - Non-Alcoholic,9146222592,2515269120,
AOS,A.O. Smith Corporation Common Stock,Industrials,Specialty Industrial Machinery,9118837760,3830200064,
TPGXL,"TPG Operating Group II, L.P. 6.950% Fixed-Rate Junior Subordinated Notes due 2064",,,9113347860,0,
TTC,Toro Company (The) Common Stock,Industrials,Tools & Accessories,9108591616,4551699968,
BLDR,"Builders FirstSource, Inc. Common Stock",Industrials,Building Products & Equipment,9106115584,15190637568,
SITM,SiTime Corporation Common Stock,Technology,Semiconductors,9082676224,326660000,
UHAL,U-Haul Holding Company Common Stock,Industrials,Rental & Leasing Services,9077143552,5999508992,
ADC,Agree Realty Corporation Common Stock,Real Estate,REIT - Retail,9073936384,718398016,
VFS,VinFast Auto Ltd. Ordinary Shares,Consumer Cyclical,Auto Manufacturers,9007213568,0,
BMNR,"BitMine Immersion Technologies, Inc. Common Stock",Financial Services,Capital Markets,9007099904,7187000,
GAP,"Gap, Inc. (The) Common Stock",Consumer Cyclical,Apparel Retail,9000506368,15365999616,
TFII,TFI International Inc. Common Shares,Industrials,Trucking,8980297728,7884670976,
PRAX,"Praxis Precision Medicines, Inc. Common Stock",Healthcare,Biotechnology,8973259776,0,
PPC,Pilgrim's Pride Corporation Common Stock,Consumer Defensive,Packaged Foods,8969791488,18497552384,
DDS,"Dillard's, Inc. Common Stock",Consumer Cyclical,Department Stores,8934682624,6563336192,
NFG,National Fuel Gas Company Common Stock,Energy,Oil & Gas Integrated,8928683008,2379566080,
DOCN,"DigitalOcean Holdings, Inc. Common Stock",Technology,Software - Infrastructure,8916328448,901427008,
RYAN,"Ryan Specialty Holdings, Inc. Class A Common Stock",Financial Services,Insurance - Specialty,8913761280,2994582016,
SBSW,D/B/A Sibanye-Stillwater Limited ADS,Basic Materials,Other Precious Metals & Mining,8911922176,129677000704,
OC,Owens Corning Inc Common Stock New,Industrials,Building Products & Equipment,8894790656,10103000064,
AHR,"American Healthcare REIT, Inc. Common Stock",Real Estate,REIT - Healthcare Facilities,8867426304,2258156032,
FRHC,Freedom Holding Corp. Common Stock,Financial Services,Financial Conglomerates,8865285120,1488945024,
ELPC,Companhia Paranaense de Energia (COPEL) American Depositary Shares (each representing four (4) Common Shares),Utilities,Utilities - Regulated Electric,8864352256,26116855808,
PCOR,"Procore Technologies, Inc. Common Stock",Technology,Software - Application,8861782016,1322509056,
BRX,Brixmor Property Group Inc. Common Stock,Real Estate,REIT - Retail,8836884480,1371597056,
ABVX,Abivax SA American Depositary Shares,Healthcare,Biotechnology,8820321280,4570000,
ARWR,"Arrowhead Pharmaceuticals, Inc. Common Stock",Healthcare,Biotechnology,8780018688,1090980992,
RZB,"Reinsurance Group of America, Incorporated 5.75% Fixed-To-Floating Rate Subordinated Debentures due 2056",,,8759355392,23697999872,
AGNCM,AGNC Investment Corp. Depositary Shares rep 6.875% Series D Fixed-to-Floating Cumulative Redeemable Preferred Stock,Real Estate,REIT - Mortgage,8738067456,1796999936,
BPOP,"Popular, Inc. Common Stock",Financial Services,Banks - Regional,8735044608,2939058944,
EMN,Eastman Chemical Company Common Stock,Basic Materials,Specialty Chemicals,8727185408,8752000000,
YMM,Full Truck Alliance Co. Ltd. American Depositary Shares (each representing 20 Class A Ordinary Shares),Technology,Software - Application,8680922112,12489859072,
HSIC,"Henry Schein, Inc. Common Stock",Healthcare,Medical Distribution,8676318208,13184000000,
BAX,Baxter International Inc. Common Stock,Healthcare,Medical Instruments & Supplies,8673041408,11244000256,
CFR,"Cullen/Frost Bankers, Inc. Common Stock",Financial Services,Banks - Regional,8663701504,2191042048,
LLYVK,"Liberty Live Holdings, Inc. Series C Liberty Live Group Common Stock",Communication Services,Entertainment,8651689984,381951008,
AXSM,"Axsome Therapeutics, Inc. Common Stock",Healthcare,Biotechnology,8645928960,638496000,
AGNCN,"AGNC Investment Corp. Depositary Shares Each Representing a 1/1,000th Interest in a Share of 7.00% Series C Fixed-To-Floating Rate Cumulative Redeemable Preferred Stock",Real Estate,REIT - Mortgage,8644662272,1796999936,
ONB,Old National Bancorp Common Stock,Financial Services,Banks - Regional,8611773440,2300566016,
AYI,Acuity Inc. Common Stock,Industrials,Electrical Equipment & Parts,8610510848,4537699840,
OKLO,Oklo Inc. Class A common stock,Utilities,Utilities - Independent Power Producers,8607276032,0,
ICLR,ICON plc Ordinary Shares,Healthcare,Diagnostics & Research,8606264320,8102602240,
LLYVA,"Liberty Live Holdings, Inc. Series A Liberty Live Group Common Stock",Communication Services,Entertainment,8592533504,381951008,
SARO,"StandardAero, Inc. Common Stock",Industrials,Aerospace & Defense,8592474112,6062513152,
UMBF,UMB Financial Corporation Common Stock,Financial Services,Banks - Regional,8587446272,2497754880,
MP,MP Materials Corp. Common Stock,Basic Materials,Other Industrial Metals & Mining,8574231040,275456992,
LFUS,"Littelfuse, Inc. Common Stock",Technology,Electronic Components,8538762752,2386294016,
GSAT,"Globalstar, Inc. Common Stock",Communication Services,Telecom Services,8538579968,272985984,
ZION,Zions Bancorporation N.A. Common Stock,Financial Services,Banks - Regional,8521354240,3312999936,
NCLH,Norwegian Cruise Line Holdings Ltd. Ordinary Shares,Consumer Cyclical,Travel Services,8518703616,9827592192,
CRL,"Charles River Laboratories International, Inc. Common Stock",Healthcare,Diagnostics & Research,8491795456,4015382016,
PCVX,"Vaxcyte, Inc. Common Stock",Healthcare,Biotechnology,8437935616,0,
JEF,Jefferies Financial Group Inc. Common Stock,Financial Services,Capital Markets,8436537856,7767861760,
CUBE,CubeSmart Common Shares,Real Estate,REIT - Industrial,8401303552,1125570048,
AGCO,AGCO Corporation Common Stock,Industrials,Farm & Heavy Construction Machinery,8389430272,10081999872,
CAE,CAE Inc. Ordinary Shares,Industrials,Aerospace & Defense,8383026688,4862700032,
BROS,Dutch Bros Inc. Class A Common Stock,Consumer Cyclical,Restaurants,8335848448,1638158976,
ESI,Element Solutions Inc. Common Stock,Basic Materials,Specialty Chemicals,8316346368,2551200000,
FCFS,"FirstCash Holdings, Inc. Common Stock",Financial Services,Credit Services,8297220608,3661042944,
HBM,Hudbay Minerals Inc. Ordinary Shares (Canada),Basic Materials,Copper,8294778368,2211000064,
SSL,Sasol Ltd. American Depositary Shares,Basic Materials,Specialty Chemicals,8262488064,249380995072,
QGEN,Qiagen N.V. Common Shares,Healthcare,Diagnostics & Research,8251233280,2089998976,
PRH,"Prudential Financial, Inc. 5.950% Junior Subordinated Notes due 2062",,,8240320000,0,
BTSG,"BrightSpring Health Services, Inc. Common Stock",Healthcare,Health Information Services,8184714240,12910564352,
CGNX,Cognex Corporation Common Stock,Technology,Scientific & Technical Instruments,8182008832,994358976,
CTRE,"CareTrust REIT, Inc. Common Stock",Real Estate,REIT - Healthcare Facilities,8181644800,476392992,
PSO,"Pearson, Plc Common Stock",Communication Services,Publishing,8176350720,3576999936,
TECH,Bio-Techne Corp Common Stock,Healthcare,Biotechnology,8176248832,1215577984,
LINE,"Lineage, Inc. Common Stock",Real Estate,REIT - Industrial,8167697408,5354999808,
FDS,FactSet Research Systems Inc. Common Stock,Financial Services,Financial Data & Stock Exchanges,8119752192,2401061120,
CYTK,"Cytokinetics, Incorporated Common Stock",Healthcare,Biotechnology,8117661184,88039000,
ATR,"AptarGroup, Inc. Common Stock",Healthcare,Medical Instruments & Supplies,8113134080,3777180928,
TAP,Molson Coors Beverage Company Class B Common Stock,Consumer Defensive,Beverages - Brewers,8107565568,11140800512,
COLB,"Columbia Banking System, Inc. Common Stock",Financial Services,Banks - Regional,8106955264,2151000064,
HESM,Hess Midstream LP Class A Representing Limited Partner Interests,Energy,Oil & Gas Midstream,8099825152,1621299968,
MOS,Mosaic Company (The) Common Stock,Basic Materials,Agricultural Inputs,8096384000,12052400128,
JOBY,"Joby Aviation, Inc. Common Stock",Industrials,Airports & Air Services,8089300992,53425000,
TEM,"Tempus AI, Inc. Class A Common Stock",Healthcare,Health Information Services,8084146688,1271789056,
CHRD,Chord Energy Corporation Common Stock,Energy,Oil & Gas E&P,8081870848,4585246208,
GDS,GDS Holdings Limited ADS,Technology,Information Technology Services,8073214464,11432273920,
R,"Ryder System, Inc. Common Stock",Industrials,Rental & Leasing Services,8071143424,12664999936,
CWEN,"Clearway Energy, Inc. Class C Common Stock",Utilities,Utilities - Renewable,8063051264,1428999936,
NUVL,"Nuvalent, Inc. Class A Common Stock",Healthcare,Biotechnology,8054311424,0,
SWKS,"Skyworks Solutions, Inc. Common Stock",Technology,Semiconductors,8052507136,4053799936,
ARE,"Alexandria Real Estate Equities, Inc. Common Stock",Real Estate,REIT - Office,8044602880,3016924928,
AUR,"Aurora Innovation, Inc. Class A Common Stock",Technology,Information Technology Services,8029110272,3000000,
MANH,"Manhattan Associates, Inc. Common Stock",Technology,Software - Application,8021577728,1081392000,
VIST,"Vista Energy S.A.B. de C.V. American Depositary Shares, each representing one series A share, with no par value",Energy,Oil & Gas E&P,8011055104,2474196992,
NNN,"NNN REIT, Inc. Common Stock",Real Estate,REIT - Retail,7996433920,926212992,
KNSL,"Kinsale Capital Group, Inc. Common Stock",Financial Services,Insurance - Property & Casualty,7948182016,1873986944,
PRI,"Primerica, Inc. Common Stock",Financial Services,Insurance - Life,7930172928,3349755904,
PRS,"Prudential Financial, Inc. 5.625% Junior Subordinated Notes due 2058",,,7927040000,0,
IBRX,"ImmunityBio, Inc. Common Stock",Healthcare,Biotechnology,7920947712,113288000,
JHG,Janus Henderson Group plc Ordinary Shares,Financial Services,Asset Management,7914864128,3097299968,
FR,"First Industrial Realty Trust, Inc. Common Stock",Real Estate,REIT - Industrial,7902702080,727561024,
TX,"Ternium S.A. Ternium S.A. American Depositary Shares (each representing ten shares, USD1.00 par value)",Basic Materials,Steel,7881753600,15609094144,
ALV,"Autoliv, Inc. Common Stock",Consumer Cyclical,Auto Parts,7872509440,10814999552,
TTEK,"Tetra Tech, Inc. Common Stock",Industrials,Engineering & Construction,7855524352,4457205760,
MTDR,Matador Resources Company Common Stock,Energy,Oil & Gas E&P,7851421184,3656514048,
IDA,"IDACORP, Inc. Common Stock",Utilities,Utilities - Regulated Electric,7848914432,1812996992,
GGAL,Grupo Financiero Galicia S.A. American Depositary Shares,Financial Services,Banks - Regional,7833421312,6349695483904,
NE,Noble Corporation plc A Ordinary Shares,Energy,Oil & Gas Drilling,7825361408,3107206912,
UGI,UGI Corporation Common Stock,Utilities,Utilities - Regulated Gas,7823248896,7340000256,
AXS,Axis Capital Holdings Limited Common Stock,Financial Services,Insurance - Specialty,7812398080,6563678208,
VMI,"Valmont Industries, Inc. Common Stock",Industrials,Conglomerates,7810479616,4104101888,
REXR,"Rexford Industrial Realty, Inc. Common Stock",Real Estate,REIT - Industrial,7805106688,1003132992,
WAL,Western Alliance Bancorporation Common Stock (DE),Financial Services,Banks - Regional,7797301760,3318899968,
AMG,"Affiliated Managers Group, Inc. Common Stock",Financial Services,Asset Management,7783269376,2074400000,
BOKF,BOK Financial Corporation Common Stock,Financial Services,Banks - Regional,7781061120,2174429952,
IDCC,"InterDigital, Inc. Common Stock",Technology,Software - Application,7774854656,834014976,
SNAP,Snap Inc. Class A Common Stock,Communication Services,Internet Content & Information,7769178624,5931446784,
SIRI,SiriusXM Holdings Inc. Common Stock,Communication Services,Entertainment,7767842304,8558000128,
FRO,Frontline Plc Ordinary Shares,Energy,Oil & Gas Midstream,7760634368,1965104000,
PRIM,Primoris Services Corporation Common Stock,Industrials,Engineering & Construction,7757277184,7574900224,
VIPS,"Vipshop Holdings Limited American Depositary Shares, each representing two ordinary shares",Consumer Cyclical,Internet Retail,7749960192,105919545344,
MSGS,Madison Square Garden Sports Corp. Class A Common Stock (New),Communication Services,Entertainment,7735883264,1071032000,
VIAV,Viavi Solutions Inc. Common Stock,Technology,Communication Equipment,7700637184,1243699968,
NXE,Nexgen Energy Ltd. Common Shares,Energy,Uranium,7668407296,0,
HALO,"Halozyme Therapeutics, Inc. Common Stock",Healthcare,Biotechnology,7656993792,1396610944,
AGX,"Argan, Inc. Common Stock",Industrials,Engineering & Construction,7595668480,944606016,
CIG,Comp En De Mn Cemig ADS American Depositary Shares,Utilities,Utilities - Diversified,7565190656,42751283200,
FORM,"FormFactor, Inc. FormFactor, Inc. Common Stock",Technology,Semiconductor Equipment & Materials,7557261312,784993024,
KRYS,"Krystal Biotech, Inc. Common Stock",Healthcare,Biotechnology,7551259136,389129984,
BIO,"Bio-Rad Laboratories, Inc. Class A Common Stock",Healthcare,Medical Devices,7526915584,2583200000,
CAG,"ConAgra Brands, Inc. Common Stock",Consumer Defensive,Packaged Foods,7519968256,11234499584,
ZWS,Zurn Elkay Water Solutions Corporation Common Stock,Industrials,Pollution & Treatment Controls,7512596992,1695900032,
SFM,"Sprouts Farmers Market, Inc. Common Stock",Consumer Defensive,Grocery Stores,7510104576,8806159360,
LKQ,LKQ Corporation Common Stock,Consumer Cyclical,Auto Parts,7495492096,13651000320,
PDI,PIMCO Dynamic Income Fund Common Stock,Financial Services,Asset Management,7480749056,0,
EPAM,"EPAM Systems, Inc. Common Stock",Technology,Information Technology Services,7479850496,5457055744,
SAIL,"SailPoint, Inc. Common Stock",Technology,Software - Infrastructure,7464757760,1071416000,
POOL,Pool Corporation Common Stock,Industrials,Industrial Distribution,7443279872,5289396224,
JXN,Jackson Financial Inc. Class A Common Stock ,Financial Services,Insurance - Life,7441180160,6758000128,
SM,SM Energy Company Common Stock,Energy,Oil & Gas E&P,7432038912,3027000064,
CRUS,"Cirrus Logic, Inc. Common Stock",Technology,Semiconductors,7380014592,1973312000,
CE,Celanese Corporation Common Stock,Basic Materials,Chemicals,7361159680,9543999488,
FIGR,"Figure Technology Solutions, Inc. Class A Common Stock",Financial Services,Capital Markets,7345093632,432055008,
ARW,"Arrow Electronics, Inc. Common Stock",Technology,Electronics & Computer Distribution,7326267392,30852935680,
RIG,Transocean Ltd (Switzerland) Common Stock,Energy,Oil & Gas Drilling,7311887360,3964999936,
GJS,"Goldman Sachs Group Securities STRATS Trust for Goldman Sachs Group Securities, Series 2006-2",,,7311074543,0,
VICR,Vicor Corporation Common Stock,Technology,Electronic Components,7305076224,407700992,
ESE,ESCO Technologies Inc. Common Stock,Technology,Scientific & Technical Instruments,7286290432,1170454016,
AL,Air Lease Corporation Class A Common Stock,Industrials,Rental & Leasing Services,7275579904,3015749120,
CBSH,"Commerce Bancshares, Inc. Common Stock",Financial Services,Banks - Regional,7249971200,1711661056,
MTCH,"Match Group, Inc. Common Stock",Communication Services,Internet Content & Information,7249715200,3487196928,
LBRDA,Liberty Broadband Corporation Class A Common Stock,Communication Services,Telecom Services,7224712704,0,
PEGA,Pegasystems Inc. Common Stock,Technology,Software - Application,7223401984,1745811968,
LEVI,Levi Strauss & Co Class A Common Stock,Consumer Cyclical,Apparel Manufacturing,7219740160,6281999872,
LBRDK,Liberty Broadband Corporation Class C Common Stock,Communication Services,Telecom Services,7217935360,0,
GLXY,Galaxy Digital Inc. Class A Common Stock,Financial Services,Capital Markets,7206760960,61355667456,
TFPM,Triple Flag Precious Metals Corp. Common Shares,Basic Materials,Other Precious Metals & Mining,7199107072,388704000,
CHYM,"Chime Financial, Inc. Class A Common Stock",Technology,Software - Application,7194189312,2186769920,
OR,OR Royalties Inc. Common Shares,Basic Materials,Gold,7179553280,277369984,
BEPC,Brookfield Renewable Corporation Brookfield Renewable Corporation Class A Subordinate Voting Shares,Utilities,Utilities - Renewable,7178960896,3728000000,
QRVO,"Qorvo, Inc. Common Stock",Technology,Semiconductors,7175419904,3739714048,
INGR,Ingredion Incorporated Common Stock,Consumer Defensive,Packaged Foods,7157305344,7218999808,
IBP,"Installed Building Products, Inc. Common Stock",Consumer Cyclical,Residential Construction,7152516096,2970800128,
SMTC,Semtech Corporation Common Stock,Technology,Semiconductors,7147015168,1049974976,
HQY,"HealthEquity, Inc. Common Stock",Healthcare,Health Information Services,7139910656,1313428992,
GGB,Gerdau S.A. Common Stock,Basic Materials,Steel,7136431104,69858533376,
KEX,Kirby Corporation Common Stock,Industrials,Marine Shipping,7128480768,3364049920,
LUMN,"Lumen Technologies, Inc. Common Stock",Communication Services,Telecom Services,7128223744,12401999872,
AWI,Armstrong World Industries Inc Common Stock,Industrials,Building Products & Equipment,7107501056,1620800000,
SSD,"Simpson Manufacturing Company, Inc. Common Stock",Basic Materials,Lumber & Wood Production,7105417216,2332807936,
AAL,American Airlines Group Inc. Common Stock,Industrials,Airlines,7091671040,54633000960,
SANM,Sanmina Corporation Common Stock,Technology,Electronic Components,7078977536,9311726592,
CWAN,"Clearwater Analytics Holdings, Inc. Class A Common Stock",Technology,Software - Application,7068026880,731368000,
CAMT,Camtek Ltd. Ordinary Shares,Technology,Semiconductor Equipment & Materials,7057234432,496072000,
DOX,Amdocs Limited Ordinary Shares,Technology,Software - Infrastructure,7044787200,4578797056,
STAG,"Stag Industrial, Inc. Common Stock",Real Estate,REIT - Industrial,7037813248,845184000,
TKR,Timken Company (The) Common Stock,Industrials,Tools & Accessories,7017578496,4581799936,
SOBO,South Bow Corporation Common Shares,Energy,Oil & Gas Midstream,6991952896,1986000000,
BIPH,Brookfield Infrastructure Corporation 5.000% Subordinated Notes due 2081,,,6966293977,0,
MOH,Molina Healthcare Inc Common Stock,Healthcare,Healthcare Plans,6943739904,43562999808,
TAL,TAL Education Group American Depositary Shares,Consumer Defensive,Education & Training Services,6918892032,2816758016,
SATA,"Strive, Inc. Variable Rate Series A Perpetual Preferred Stock",Financial Services,Asset Management,6897205628,5734000,
ORA,"Ormat Technologies, Inc. Common Stock",Utilities,Utilities - Renewable,6876970496,989542976,
SLAB,"Silicon Laboratories, Inc. Common Stock",Technology,Semiconductors,6862375424,784764032,
NOV,NOV Inc. Common Stock,Energy,Oil & Gas Equipment & Services,6861001216,8743999488,
VLY,Valley National Bancorp Common Stock,Financial Services,Banks - Regional,6847764992,1844204032,
PRMB,Primo Brands Corporation Class A Common Stock,Consumer Defensive,Beverages - Non-Alcoholic,6841484288,6664000000,
FLR,Fluor Corporation Common Stock,Industrials,Engineering & Construction,6837242368,15502999552,
PB,"Prosperity Bancshares, Inc. Common Stock",Financial Services,Banks - Regional,6824246784,1249793024,
EGO,Eldorado Gold Corporation Ordinary Shares,Basic Materials,Gold,6819483648,1818855936,
CMC,Commercial Metals Company Common Stock,Industrials,Metal Fabrication,6816828928,8386826752,
AUGO,Aura Minerals Inc. Common Shares,Basic Materials,Gold,6816415232,921732992,
BEPJ,Brookfield BRP Holdings (Canada) Inc. 7.250% Perpetual Subordinated Notes,,,6814409788,0,
KYMR,"Kymera Therapeutics, Inc. Common Stock",Healthcare,Biotechnology,6799994880,39211000,
VAL,Valaris Limited Common Shares,Energy,Oil & Gas Equipment & Services,6787400192,2368999936,
WFRD,Weatherford International plc Ordinary Shares,Energy,Oil & Gas Equipment & Services,6784226304,4918000128,
AN,"AutoNation, Inc. Common Stock",Consumer Cyclical,Auto & Truck Dealerships,6777579008,27631400960,
AAON,"AAON, Inc. Common Stock",Industrials,Building Products & Equipment,6755217920,1442076032,
LNC,Lincoln National Corporation Common Stock,Financial Services,Insurance - Life,6748209152,18268999680,
PTGX,"Protagonist Therapeutics, Inc. Common Stock",Healthcare,Biotechnology,6725438976,46016000,
TEX,Terex Corporation Common Stock,Industrials,Farm & Heavy Construction Machinery,6719669760,5421000192,
ACLX,"Arcellx, Inc. Common Stock",Healthcare,Biotechnology,6714652160,22286000,
NICE,NICE Ltd American Depositary Shares,Technology,Software - Application,6706287104,2945399040,
MORN,"Morningstar, Inc. Common Stock",Financial Services,Financial Data & Stock Exchanges,6691634688,2445499904,
ICL,ICL Group Ltd. Ordinary Shares,Basic Materials,Agricultural Inputs,6685684736,7152999936,
MIDD,Middleby Corporation (The) Common Stock,Industrials,Specialty Industrial Machinery,6678220800,3201201920,
PAYC,"Paycom Software, Inc. Common Stock",Technology,Software - Application,6673289728,2051699968,
VFC,V.F. Corporation Common Stock,Consumer Cyclical,Apparel Manufacturing,6647563776,9582944256,
JBTM,JBT Marel Corporation Common Stock,Industrials,Specialty Industrial Machinery,6646964736,3798200064,
CPB,The Campbell's Company Common Stock,Consumer Defensive,Packaged Foods,6639722496,10037000192,
APLD,Applied Digital Corporation Common Stock,Technology,Information Technology Services,6637367296,263986000,
RGEN,Repligen Corporation Common Stock,Healthcare,Medical Instruments & Supplies,6636931584,738256000,
UEC,Uranium Energy Corp. Common Stock,Energy,Uranium,6617980416,20200000,
CMSD,CMS Energy Corporation 5.875% Junior Subordinated Notes due 2079,,,6615313688,0,
BIRK,Birkenstock Holding plc Ordinary Shares,Consumer Cyclical,Footwear & Accessories,6589353984,2137611008,
GRFS,"Grifols, S.A. American Depositary Shares",Healthcare,Drug Manufacturers - General,6587019264,7523999744,
FSS,Federal Signal Corporation Common Stock,Industrials,Pollution & Treatment Controls,6584877056,2180499968,
AAOI,"Applied Optoelectronics, Inc. Common Stock",Technology,Communication Equipment,6570539008,455715008,
POWL,"Powell Industries, Inc. Common Stock",Industrials,Electrical Equipment & Parts,6569946624,1114071040,
CMSC,CMS Energy Corporation 5.875% Junior Subordinated Notes due 2078,,,6555446596,0,
STWD,"STARWOOD PROPERTY TRUST, INC. Starwood Property Trust Inc.",Real Estate,REIT - Mortgage,6548416000,547932032,
TRNO,Terreno Realty Corporation Common Stock,Real Estate,REIT - Industrial,6526270976,476383008,
YOU,"Clear Secure, Inc. Class A Common Stock",Technology,Software - Application,6519452160,900779008,
VOYA,"Voya Financial, Inc. Common Stock",Financial Services,Financial Conglomerates,6501531136,8189000192,
BZ,KANZHUN LIMITED American Depository Shares,Communication Services,Internet Content & Information,6460895744,8267517952,
HXL,Hexcel Corporation Common Stock,Industrials,Aerospace & Defense,6442503168,1893900032,
ENS,EnerSys Common Stock,Industrials,Electrical Equipment & Parts,6411855360,3738277888,
FSV,FirstService Corporation Common Shares,Real Estate,Real Estate Services,6389147136,5497500160,
EPRT,"Essential Properties Realty Trust, Inc. Common Stock",Real Estate,REIT - Retail,6388766208,561219008,
LGN,Legence Corp. Class A Common stock,Industrials,Engineering & Construction,6385028096,2550490880,
TXNM,"TXNM Energy, Inc. Common Stock",Utilities,Utilities - Regulated Electric,6367542784,2165605888,
AMTM,"Amentum Holdings, Inc. Common Stock",Industrials,Specialty Business Services,6361829376,14213999616,
MSA,MSA Safety Incorporated Common Stock,Industrials,Security & Protection Services,6357115904,1874813952,
SNEX,StoneX Group Inc. Common Stock,Financial Services,Capital Markets,6346749952,141825703936,
EAT,"Brinker International, Inc. Common Stock",Consumer Cyclical,Restaurants,6343444992,5688399872,
CGABL,The Carlyle Group Inc. 4.625% Subordinated Notes due 2061,,,6329835873,0,
G,Genpact Limited Common Stock,Technology,Information Technology Services,6327426048,5079879168,
OMF,"OneMain Holdings, Inc. Common Stock",Financial Services,Credit Services,6297480192,2972999936,
SWX,"Southwest Gas Holdings, Inc. Common Stock (DE)",Utilities,Utilities - Regulated Gas,6288486400,1940380032,
LEA,Lear Corporation Common Stock,Consumer Cyclical,Auto Parts,6280440320,23259099136,
ROAD,"Construction Partners, Inc. Class A Common Stock",Industrials,Engineering & Construction,6279988736,3060244992,
APGE,"Apogee Therapeutics, Inc. Common Stock",Healthcare,Biotechnology,6278884352,0,
BLTE,"Belite Bio, Inc American Depositary Shares",Healthcare,Biotechnology,6272363520,0,
RYN,Rayonier Inc. REIT Common Stock,Real Estate,REIT - Specialty,6268655616,484500000,
CHDN,"Churchill Downs, Incorporated Common Stock",Consumer Cyclical,Gambling,6260825600,2925900032,
GKOS,Glaukos Corporation Common Stock,Healthcare,Medical Devices,6252765184,507441984,
COGT,"Cogent Biosciences, Inc. Common Stock",Healthcare,Biotechnology,6247266816,0,
VSAT,"ViaSat, Inc. Common Stock",Technology,Communication Equipment,6221078528,4616074240,
BYD,Boyd Gaming Corporation Common Stock,Consumer Cyclical,Resorts & Casinos,6203949568,4091988992,
JAN,"Janus Living, Inc. Class A-1 Common Stock",,,6202227712,0,
CRK,"Comstock Resources, Inc. Common Stock",Energy,Oil & Gas E&P,6197978112,2220289024,
SEE,Sealed Air Corporation Common Stock,Consumer Cyclical,Packaging & Containers,6197061632,5359799808,
FAF,First American Corporation (New) Common Stock,Financial Services,Insurance - Specialty,6167872512,7452199936,
DSGX,Descartes Systems Group Inc. (The) Common Stock,Technology,Software - Application,6155898368,728992000,
CRC,California Resources Corporation Common Stock,Energy,Oil & Gas E&P,6142368256,3403000064,
MKTX,"MarketAxess Holdings, Inc. Common Stock",Financial Services,Capital Markets,6132555264,846268032,
WULF,TeraWulf Inc. Common Stock,Financial Services,Capital Markets,6119303168,168455008,
POR,Portland General Electric Co Common Stock,Utilities,Utilities - Regulated Electric,6106915840,3576000000,
KMX,CarMax Inc,Consumer Cyclical,Auto & Truck Dealerships,6105817088,27834193920,
WH,"Wyndham Hotels & Resorts, Inc. Common Stock ",Consumer Cyclical,Lodging,6104340992,1428999936,
THG,Hanover Insurance Group Inc,Financial Services,Insurance - Property & Casualty,6099978752,6594400256,
AROC,"Archrock, Inc. Common Stock",Energy,Oil & Gas Equipment & Services,6098623488,1489817984,
MHK,"Mohawk Industries, Inc. Common Stock",Consumer Cyclical,"Furnishings, Fixtures & Appliances",6086931456,10785399808,
BTG,B2Gold Corp Common shares (Canada),Basic Materials,Gold,6084891648,3061238016,
MWH,"SOLV Energy, Inc. Class A Common Stock",Utilities,Utilities - Renewable,6080787968,2490496000,
EXP,Eagle Materials Inc Common Stock,Basic Materials,Building Materials,6074501120,2299727104,
GATX,GATX Corporation Common Stock,Industrials,Rental & Leasing Services,6065305088,1740400000,
HR,Healthcare Realty Trust Incorporated Common Stock,Real Estate,REIT - Healthcare Facilities,6046446592,1180358016,
TTAN,"ServiceTitan, Inc. Class A Common Stock",Technology,Software - Application,6045277184,960964992,
MGY,Magnolia Oil & Gas Corporation Class A Common Stock,Energy,Oil & Gas E&P,6035533824,1311844992,
ECG,"Everus Construction Group, Inc. Common Stock",Industrials,Engineering & Construction,6025972224,3746386944,
NEU,NewMarket Corp Common Stock,Basic Materials,Specialty Chemicals,6023241216,2725168896,
SSRM,SSR Mining Inc. Common Stock,Basic Materials,Gold,6020606464,1629636992,
CMSA,CMS Energy Corporation 5.625% Junior Subordinated Notes due 2078,,,6003712000,0,
LTH,"Life Time Group Holdings, Inc. Common Stock",Consumer Cyclical,Leisure,5999607296,2995255040,
FNB,F.N.B. Corporation Common Stock,Financial Services,Banks - Regional,5975544320,1679000064,
STEP,StepStone Group Inc. Class A Common Stock,Financial Services,Asset Management,5964841472,1782752000,
TERN,"Terns Pharmaceuticals, Inc. Common Stock",Healthcare,Biotechnology,5958087680,0,
PLNT,"Planet Fitness, Inc. Common Stock",Consumer Cyclical,Leisure,5951442432,1237156992,
GXO,"GXO Logistics, Inc. Common Stock ",Industrials,Integrated Freight & Logistics,5947898880,13178000384,
RYTM,"Rhythm Pharmaceuticals, Inc. Common Stock",Healthcare,Biotechnology,5938749952,189756992,
PATH,"UiPath, Inc. Class A Common Stock",Technology,Software - Infrastructure,5935721984,1610572032,
KVYO,"Klaviyo, Inc. Series A Common Stock",Technology,Software - Application,5930904064,1234018944,
MUR,Murphy Oil Corporation Common Stock,Energy,Oil & Gas E&P,5913134592,2689844992,
AXTA,Axalta Coating Systems Ltd. Common Shares,Basic Materials,Specialty Chemicals,5910458368,5117000192,
SITE,"SiteOne Landscape Supply, Inc. Common Stock",Industrials,Industrial Distribution,5908756992,4704799744,
OS,"OneStream, Inc. Class A Common Stock",Technology,Software - Infrastructure,5900146688,601934016,
ALKS,Alkermes plc Ordinary Shares,Healthcare,Drug Manufacturers - Specialty & Generic,5892741632,1475899008,
LW,"Lamb Weston Holdings, Inc. Common Stock ",Consumer Defensive,Packaged Foods,5889035776,6473600000,
UGP,Ultrapar Participacoes S.A. (New) American Depositary Shares (Each representing one Common Share),Energy,Oil & Gas Refining & Marketing,5888908288,142369538048,
ESAB,ESAB Corporation Common Stock,Industrials,Metal Fabrication,5884808192,2842554880,
PCTY,Paylocity Holding Corporation Common Stock,Technology,Software - Application,5875388928,1679591040,
CNTA,Centessa Pharmaceuticals plc American Depositary Shares,Healthcare,Biotechnology,5871408128,15000000,
ACGLN,"Arch Capital Group Ltd. Depositary Shares, each Representing a 1/1,000th Interest in a 4.550% Non-Cumulative Preferred Share, Series G",Financial Services,Insurance - Diversified,5853562778,19928999936,
ALGM,"Allegro MicroSystems, Inc. Common Stock",Technology,Semiconductors,5842221056,839732992,
GTES,Gates Industrial Corporation plc Ordinary Shares,Industrials,Specialty Industrial Machinery,5839719424,3443200000,
LAD,"Lithia Motors, Inc. Common Stock",Consumer Cyclical,Auto & Truck Dealerships,5837182976,37634899968,
PFH,"Prudential Financial, Inc. 4.125% Junior Subordinated Notes due 2060",,,5815530000,0,
RHP,"Ryman Hospitality Properties, Inc. (REIT)",Real Estate,REIT - Hotel & Motel,5813566464,2567035904,
GBCI,"Glacier Bancorp, Inc. Common Stock",Financial Services,Banks - Regional,5811901952,952715008,
CENX,Century Aluminum Company Common Stock,Basic Materials,Aluminum,5808786944,2527899904,
UWMC,UWM Holdings Corporation Class A Common Stock,Financial Services,Mortgage Finance,5801565696,3458694912,
OTF,Blue Owl Technology Finance Corp. Common Stock,Financial Services,Asset Management,5799627776,1145448960,
PSN,Parsons Corporation Common Stock,Technology,Information Technology Services,5796812288,6364244992,
MBLY,Mobileye Global Inc. Class A Common Stock,Consumer Cyclical,Auto Parts,5780291072,1894000000,
ACT,"Enact Holdings, Inc. Common Stock",Financial Services,Insurance - Specialty,5775181312,1235826944,
UBSI,"United Bankshares, Inc. Common Stock",Financial Services,Banks - Regional,5774754816,1202182016,
CBC,"Central Bancompany, Inc. Class A Common Stock",Financial Services,Banks - Regional,5755019776,1012048000,
DLB,Dolby Laboratories Common Stock,Industrials,Specialty Business Services,5738121728,1338836992,
CGON,"CG Oncology, Inc. Common stock",Healthcare,Biotechnology,5714574336,4040000,
DBX,"Dropbox, Inc. Class A Common Stock",Technology,Software - Infrastructure,5689719808,2520999936,
MTG,MGIC Investment Corporation Common Stock,Financial Services,Insurance - Specialty,5687508992,1213635968,
URBN,"Urban Outfitters, Inc. Common Stock",Consumer Cyclical,Apparel Retail,5682382336,6165376000,
APPF,"AppFolio, Inc. Class A Common Stock",Technology,Software - Application,5679930880,950822016,
OTEX,Open Text Corporation Common Shares,Technology,Software - Application,5658300928,5179770880,
PAGP,"Plains GP Holdings, L.P. Class A Units representing Limited Partner Interests",Energy,Oil & Gas Midstream,5657638912,44261998592,
OBDC,Blue Owl Capital Corporation Common Stock,Financial Services,Asset Management,5652193792,1851303936,
SRRK,Scholar Rock Holding Corporation Common Stock,Healthcare,Biotechnology,5647652864,0,
BLCO,Bausch + Lomb Corporation Common Shares,Healthcare,Medical Instruments & Supplies,5645739008,5101000192,
OLLI,"Ollie's Bargain Outlet Holdings, Inc. Common Stock",Consumer Defensive,Discount Stores,5645048320,2649198080,
PTCT,"PTC Therapeutics, Inc. Common Stock",Healthcare,Biotechnology,5639441920,1730654976,
FROG,JFrog Ltd. Ordinary Shares,Technology,Software - Application,5614185472,531840000,
TMHC,Taylor Morrison Home Corporation Common Stock,Consumer Cyclical,Residential Construction,5610472960,8121480192,
PBF,PBF Energy Inc. Class A Common Stock,Energy,Oil & Gas Refining & Marketing,5593144320,29332299776,
IFS,Intercorp Financial Services Inc. Common Shares,Financial Services,Banks - Regional,5576351744,5497544192,
MIRM,"Mirum Pharmaceuticals, Inc. Common Stock",Healthcare,Biotechnology,5574358528,521312000,
PJT,PJT Partners Inc. Class A Common Stock,Financial Services,Capital Markets,5552389120,1712571008,
XENE,Xenon Pharmaceuticals Inc. Common Shares,Healthcare,Biotechnology,5549089280,7500000,
NSA,National Storage Affiliates Trust Common Shares of Beneficial Interest,Real Estate,REIT - Industrial,5547203072,745601984,
HLNE,Hamilton Lane Incorporated Class A Common Stock,Financial Services,Asset Management,5546891264,763398976,
NJR,NewJersey Resources Corporation Common Stock,Utilities,Utilities - Regulated Gas,5538417152,2152904960,
OMAB,Grupo Aeroportuario del Centro Norte S.A.B. de C.V. ADS,Industrials,Airports & Air Services,5538151936,15964413952,
ESNT,Essent Group Ltd. Common Shares,Financial Services,Insurance - Specialty,5525084160,1260935040,
CELC,Celcuity Inc. Common Stock,Healthcare,Biotechnology,5517148160,0,
GLNG,Golar Lng Ltd,Energy,Oil & Gas Midstream,5507303424,393521984,
LSTR,"Landstar System, Inc. Common Stock",Industrials,Integrated Freight & Logistics,5505799168,4757445120,
BRKR,Bruker Corporation Common Stock,Healthcare,Medical Devices,5498159104,3436499968,
LB,LandBridge Company LLC Class A Shares Representing Limited Liability Company Interests,Energy,Oil & Gas Equipment & Services,5495628800,199092992,
FND,"Floor & Decor Holdings, Inc. Common Stock",Consumer Cyclical,Home Improvement Retail,5491182592,4684087808,
BCPC,Balchem Corporation Common Stock,Basic Materials,Specialty Chemicals,5488823296,1037161024,
CNX,CNX Resources Corporation Common Stock,Energy,Oil & Gas E&P,5488292864,2065383936,
RRR,"Red Rock Resorts, Inc. Class A Common Stock",Consumer Cyclical,Resorts & Casinos,5486843392,2011483008,
ORLA,Orla Mining Ltd. Common Shares,Basic Materials,Gold,5486402048,1057881024,
NXST,"Nexstar Media Group, Inc. Common Stock",Communication Services,Broadcasting,5484211712,4949000192,
GOLF,Acushnet Holdings Corp. Common Stock,Consumer Cyclical,Leisure,5483661312,2558729984,
INGM,Ingram Micro Holding Corporation Common Stock,Technology,Information Technology Services,5479590912,52556263424,
FLG,"Flagstar Bank, N.A. Common Stock",Financial Services,Banks - Regional,5478628864,1878000000,
CIGI,Colliers International Group Inc. Subordinate Voting Shares,Real Estate,Real Estate Services,5464775168,5558461952,
SGHC,Super Group (SGHC) Limited Ordinary Shares,Consumer Cyclical,Gambling,5460886016,2342912000,
FCN,"FTI Consulting, Inc. Common Stock",Industrials,Consulting Services,5457963520,3788857088,
PIPR,Piper Sandler Companies Common Stock,Financial Services,Capital Markets,5457230336,1899376000,
ENIC,Enel Chile S.A. American Depositary Shares (Each representing 50 shares of Common Stock),Utilities,Utilities - Regulated Electric,5450324992,4549723136,
WTM,"White Mountains Insurance Group, Ltd. Common Stock",Financial Services,Insurance - Property & Casualty,5447751168,3735000064,
KRG,Kite Realty Group Trust Common Stock,Real Estate,REIT - Retail,5434278912,844364992,
COMP,"Compass, Inc. Class A Common Stock",Real Estate,Real Estate Services,5426028032,6961600000,
VNO,Vornado Realty Trust Common Stock,Real Estate,REIT - Office,5425389056,1864571008,
PLXS,Plexus Corp. Common Stock,Technology,Electronic Components,5425330688,4126695936,
EQPT,EquipmentShare.com Inc Class A Common Stock,Industrials,Rental & Leasing Services,5419380736,4378999808,
SEB,Seaboard Corporation Common Stock,Industrials,Conglomerates,5415392256,9745999872,
OGS,"ONE Gas, Inc. Common Stock",Utilities,Utilities - Regulated Gas,5399711232,2427428096,
CZR,"Caesars Entertainment, Inc. Common Stock",Consumer Cyclical,Resorts & Casinos,5394572800,11486000128,
ADT,ADT Inc. Common Stock,Industrials,Security & Protection Services,5388200960,5128607232,
RUSHB,"Rush Enterprises, Inc. Class B",Consumer Cyclical,Auto & Truck Dealerships,5386164224,7434194944,
BLSH,Bullish Ordinary Shares,Technology,Software - Infrastructure,5370297856,237240992,
LOAR,Loar Holdings Inc. Common Stock,Industrials,Aerospace & Defense,5363631616,496283008,
TGS,Transportadora de Gas del Sur SA TGS Common Stock,Energy,Oil & Gas Integrated,5363180032,1720626053120,
SR,Spire Inc. Common Stock,Utilities,Utilities - Regulated Gas,5350605312,2569499904,
VSNT,"Versant Media Group, Inc. Class A Common Stock ",Communication Services,Entertainment,5350418944,6688000000,
AVTR,"Avantor, Inc. Common Stock",Healthcare,Medical Instruments & Supplies,5347318784,6552200192,
CNR,"Core Natural Resources, Inc. Common Stock",Energy,Thermal Coal,5339087872,4164774912,
QBTS,D-Wave Quantum Inc. Common Shares,Technology,Computer Hardware,5337854976,24587000,
SON,Sonoco Products Company Common Stock,Consumer Cyclical,Packaging & Containers,5335104512,7518752768,
CHE,Chemed Corp,Healthcare,Medical Care Facilities,5329501184,2529978112,
ABCB,Ameris Bancorp Common Stock,Financial Services,Banks - Regional,5327898112,1138624000,
NPO,Enpro Inc. Common Stock,Industrials,Specialty Industrial Machinery,5325811712,1143299968,
LYFT,"Lyft, Inc. Class A Common Stock",Technology,Software - Application,5311400448,6316260864,
TGTX,"TG Therapeutics, Inc. Common Stock",Healthcare,Biotechnology,5304844288,616286976,
HOMB,"Home BancShares, Inc. Common Stock",Financial Services,Banks - Regional,5295358464,1068534016,
TFX,Teleflex Incorporated Common Stock,Healthcare,Medical Instruments & Supplies,5286829056,1992712960,
DOO,BRP Inc. Common Subordinate Voting Shares,Consumer Cyclical,Recreational Vehicles,5279115264,8442699776,
BKH,Black Hills Corporation Common Stock,Utilities,Utilities - Regulated Gas,5278959104,2310000128,
RITM,Rithm Capital Corp. Common Stock,Real Estate,REIT - Mortgage,5269859840,3780457984,
ESTC,Elastic N.V. Ordinary Shares,Technology,Software - Application,5267586560,1677081984,
SEI,"Solaris Energy Infrastructure, Inc. Class A Common Stock",Energy,Oil & Gas Equipment & Services,5263579136,622204992,
WIX,Wix.com Ltd. Ordinary Shares,Technology,Software - Infrastructure,5252355584,1993043968,
AVAL,Grupo Aval Acciones y Valores S.A. ADR (Each representing 20 preferred shares),Financial Services,Banks - Regional,5252274176,0,
WEX,WEX Inc. common stock,Technology,Software - Infrastructure,5250896384,2660800000,
TKC,Turkcell Iletisim Hizmetleri AS Common Stock,Communication Services,Telecom Services,5249580544,0,
RLI,RLI Corp. Common Stock (DE),Financial Services,Insurance - Property & Casualty,5243911168,1882448000,
GLBE,Global-E Online Ltd. Ordinary Shares,Consumer Cyclical,Internet Retail,5236049408,962195008,
GVA,Granite Construction Incorporated Common Stock,Industrials,Engineering & Construction,5232738816,4424378880,
UFPI,"UFP Industries, Inc. Common Stock",Basic Materials,Lumber & Wood Production,5232406528,6320343040,
CIFR,Cipher Digital Inc. Common Stock,Technology,Information Technology Services,5213886464,223942000,
ACA,"Arcosa, Inc. Common Stock ",Industrials,Engineering & Construction,5205638656,2883399936,
HUT,Hut 8 Corp. Common Stock,Financial Services,Capital Markets,5201722368,235118000,
HWC,Hancock Whitney Corporation Common Stock,Financial Services,Banks - Regional,5192946688,1459778048,
PECO,"Phillips Edison & Company, Inc. Common Stock",Real Estate,REIT - Retail,5189795840,726593984,
VSEC,VSE Corporation Common Stock,Industrials,Aerospace & Defense,5173413888,1112274944,
UNMA,Unum Group 6.250% Junior Subordinated Notes due 2058,,,5173213696,0,
POST,"Post Holdings, Inc. Common Stock",Consumer Defensive,Packaged Foods,5156023808,8358000128,
MSM,"MSC Industrial Direct Company, Inc. Common Stock",Industrials,Industrial Distribution,5148971008,3806721024,
VNT,Vontier Corporation Common Stock ,Technology,Scientific & Technical Instruments,5146697216,3075599872,
APLS,"Apellis Pharmaceuticals, Inc. Common Stock",Healthcare,Biotechnology,5142597120,1003782016,
CAR,"Avis Budget Group, Inc. Common Stock",Industrials,Rental & Leasing Services,5142474752,11651999744,
ST,Sensata Technologies Holding plc Ordinary Shares,Technology,Scientific & Technical Instruments,5135060480,3704499968,
OZK,Bank OZK Common Stock,Financial Services,Banks - Regional,5134074368,1555342976,
WFG,West Fraser Timber Co. Ltd Common stock,Basic Materials,Lumber & Wood Production,5115256832,5462000128,
AUB,Atlantic Union Bankshares Corporation Common Stock,Financial Services,Banks - Regional,5112822272,1232561024,
MATX,"Matson, Inc. Common Stock",Industrials,Marine Shipping,5111655424,3344499968,
REZI,"Resideo Technologies, Inc. Common Stock ",Industrials,Industrial Distribution,5098539520,7472000000,
MAC,Macerich Company (The) Common Stock,Real Estate,REIT - Retail,5091859456,1041060992,
ATAT,Atour Lifestyle Holdings Limited American Depositary Shares,Consumer Cyclical,Lodging,5086625280,9790158848,
RUSHA,"Rush Enterprises, Inc. Common Stock Cl A",Consumer Cyclical,Auto & Truck Dealerships,5086581248,7434194944,
LPX,Louisiana-Pacific Corporation Common Stock,Industrials,Building Products & Equipment,5081474048,2708000000,
RSI,"Rush Street Interactive, Inc. Class A Common Stock",Consumer Cyclical,Gambling,5063064064,1134428032,
IMVT,"Immunovant, Inc. Common Stock",Healthcare,Biotechnology,5055739392,0,
CAI,"Caris Life Sciences, Inc. Common Stock",Healthcare,Biotechnology,5052528640,812033024,
PACS,"PACS Group, Inc. Common Stock",Healthcare,Medical Care Facilities,5048140288,5288931840,
MNSO,"MINISO Group Holding Limited American Depositary Shares, each representing four Ordinary Shares",Consumer Cyclical,Specialty Retail,5046879232,21443827712,
AVT,"Avnet, Inc. Common Stock",Technology,Electronics & Computer Distribution,5044396032,23150745600,
CWST,"Casella Waste Systems, Inc. Class A Common Stock",Industrials,Waste Management,5039261696,1836840960,
TEO,Telecom Argentina SA,Communication Services,Telecom Services,5035322368,8328814002176,
ERAS,"Erasca, Inc. Common Stock",Healthcare,Biotechnology,5028737024,0,
KGS,"Kodiak Gas Services, Inc. Common Stock",Energy,Oil & Gas Equipment & Services,5009367552,1308099968,
LAUR,"Laureate Education, Inc. Common Stock",Consumer Defensive,Education & Training Services,4973188096,1701929984,
ENPH,"Enphase Energy, Inc. Common Stock",Technology,Solar,4956846592,1472984960,
SRAD,Sportradar Group AG Class A Ordinary Shares,Technology,Software - Application,4954230272,1289965056,
GPGI,"GPGI, Inc. Class A Common Stock",Industrials,Metal Fabrication,4952888320,59824000,
BMA,Banco Macro S.A.  ADR (representing Ten Class B Common Shares),Financial Services,Banks - Regional,4947141632,4069380063232,
KLAR,Klarna Group plc Ordinary Shares,Technology,Software - Infrastructure,4941578752,3508999936,
LNTH,"Lantheus Holdings, Inc. Common Stock",Healthcare,Drug Manufacturers - Specialty & Generic,4938032128,1541608960,
JSM,"Navient Corporation 6% Senior Notes due December 15, 2043",,,4936612864,0,
ETSY,"Etsy, Inc. Common Stock",Consumer Cyclical,Internet Retail,4933326336,2883501056,
HCC,"Warrior Met Coal, Inc. Common Stock",Basic Materials,Coking Coal,4918267392,1311643008,
MCY,Mercury General Corporation Common Stock,Financial Services,Insurance - Property & Casualty,4882507776,5989768192,
PAM,Pampa Energia S.A.,Industrials,Conglomerates,4850004992,1998000000,
SBRA,"Sabra Health Care REIT, Inc. Common Stock",Real Estate,REIT - Healthcare Facilities,4848761856,775760000,
BIPC,Brookfield Infrastructure Corporation Brookfield Infrastructure Corporation,Utilities,Utilities - Regulated Gas,4837511168,3668000000,
IPGP,IPG Photonics Corporation Common Stock,Technology,Semiconductor Equipment & Materials,4834706944,1003777024,
SIM,"Grupo Simec, S.A.B. de C.V. American Depositary Shares",Basic Materials,Steel,4832502272,30291404800,
EXLS,"ExlService Holdings, Inc. Common Stock",Technology,Information Technology Services,4832441856,2087678976,
ATHS,Athene Holding Ltd. 7.250% Fixed-Rate Reset Junior Subordinated Debentures due 2064,,,4826102400,0,
AX,"Axos Financial, Inc. Common Stock",Financial Services,Banks - Regional,4822751744,1267008000,
CLF,Cleveland-Cliffs Inc. Common Stock,Basic Materials,Steel,4819800064,18609999872,
IEP,"Icahn Enterprises, L.P. Common Stock",Energy,Oil & Gas Refining & Marketing,4810931712,9409000448,
SLMBP,"SLM Corporation Floating Rate Non-Cumulative Preferred Stock, Series B",Financial Services,Credit Services,4789395456,1651705984,
CHH,"Choice Hotels International, Inc. Common Stock",Consumer Cyclical,Lodging,4789216256,980588992,
LMND,"Lemonade, Inc. Common Stock",Financial Services,Insurance - Property & Casualty,4787714048,737900032,
TDS,"Telephone and Data Systems, Inc. Common Shares",Communication Services,Telecom Services,4786769920,1228206976,
GNTX,Gentex Corporation Common Stock,Consumer Cyclical,Auto Parts,4783902720,2534268928,
AQN,Algonquin Power & Utilities Corp. Common Shares,Utilities,Utilities - Diversified,4772340224,2433600000,
MAIN,Main Street Capital Corporation Common Stock,Financial Services,Asset Management,4771951616,566390976,
M,Macy's Inc Common Stock,Consumer Cyclical,Department Stores,4771047424,22620999680,
LOPE,"Grand Canyon Education, Inc. Common Stock",Consumer Defensive,Education & Training Services,4755480064,1106070016,
BC,Brunswick Corporation Common Stock,Consumer Cyclical,Recreational Vehicles,4737616896,5362800128,
HIMS,"Hims & Hers Health, Inc. Class A Common Stock",Healthcare,Drug Manufacturers - Specialty & Generic,4732008960,2347636992,
CORZZ,"Core Scientific, Inc. Tranche 2 Warrants",,,4729989825,319019008,
CORZ,"Core Scientific, Inc. Common Stock",Technology,Software - Infrastructure,4717376512,319019008,
HASI,"HA Sustainable Infrastructure Capital, Inc. Common Stock",Financial Services,Asset Management,4710782976,95953000,
RAL,Ralliant Corporation Common Stock,Technology,Electronic Components,4691594240,2068800000,
RIOT,"Riot Platforms, Inc. Common Stock ",Financial Services,Capital Markets,4685995520,647435008,
FBIN,"Fortune Brands Innovations, Inc. Common Stock",Industrials,Building Products & Equipment,4681792000,4463200256,
KBR,"KBR, Inc. Common Stock",Industrials,Engineering & Construction,4680838144,7785999872,
CPA,"Copa Holdings, S.A. Class A Common Stock",Industrials,Airlines,4673751040,3617821952,
CACC,Credit Acceptance Corporation Common Stock,Financial Services,Credit Services,4671417856,1238200064,
LBRT,Liberty Energy Inc. Class A common stock,Energy,Oil & Gas Equipment & Services,4667083776,4006116096,
OUT,OUTFRONT Media Inc. Common Stock,Real Estate,REIT - Specialty,4665329664,1831699968,
RGTI,"Rigetti Computing, Inc. Common Stock",Technology,Computer Hardware,4663393792,7088000,
MIR,"Mirion Technologies, Inc. Class A Common Stock",Industrials,Specialty Industrial Machinery,4661444096,925400000,
MRP,"Millrose Properties, Inc. Class A Common Stock",Real Estate,REIT - Residential,4648098304,600460992,
BFAM,Bright Horizons Family Solutions Inc. Common Stock,Consumer Cyclical,Personal Services,4644775424,2933606912,
BGC,"BGC Group, Inc. Class A Common Stock",Financial Services,Capital Markets,4638282752,2816142080,
PSMT,"PriceSmart, Inc. Common Stock",Consumer Defensive,Discount Stores,4637862400,5394878976,
DUOL,"Duolingo, Inc. Class A Common Stock",Technology,Software - Application,4627890176,1037588992,
ATMU,Atmus Filtration Technologies Inc. Common Stock,Consumer Cyclical,Auto Parts,4627243008,1764300032,
KNF,Knife Riv Holding Co. Common Stock,Basic Materials,Building Materials,4626629632,3146011904,
NNI,"Nelnet, Inc. Common Stock",Financial Services,Credit Services,4626434560,1672877056,
SNDR,"Schneider National, Inc. Common Stock",Industrials,Trucking,4621870592,5674299904,
WAY,Waystar Holding Corp. Common Stock,Healthcare,Health Information Services,4621443584,1099277952,
GHC,Graham Holdings Company Common Stock,Consumer Defensive,Education & Training Services,4611593728,4911562752,
MEOH,Methanex Corporation Common Stock,Basic Materials,Chemicals,4604794880,3589223936,
PHI,PLDT Inc. Sponsored ADR,Communication Services,Telecom Services,4603532800,218388004864,
MTN,"Vail Resorts, Inc. Common Stock",Consumer Cyclical,Resorts & Casinos,4590722048,2921807872,
CRSP,CRISPR Therapeutics AG Common Shares,Healthcare,Biotechnology,4566021120,3510000,
PFSI,"PennyMac Financial Services, Inc. Common Stock",Financial Services,Mortgage Finance,4559462912,3462138112,
FLY,Firefly Aerospace Inc. Common Stock,Industrials,Aerospace & Defense,4553844224,159855008,
UNF,Unifirst Corporation Common Stock,Industrials,Specialty Business Services,4548670464,2448762112,
FOLD,"Amicus Therapeutics, Inc. Common Stock",Healthcare,Biotechnology,4540450304,634209984,
SIGI,"Selective Insurance Group, Inc. Common Stock",Financial Services,Insurance - Property & Casualty,4529579008,5336928256,
MAT,"Mattel, Inc. Common Stock",Consumer Cyclical,Leisure,4515923968,5347622912,
BDC,Belden Inc Common Stock,Technology,Communication Equipment,4512842752,2715194112,
RDN,Radian Group Inc. Common Stock,Financial Services,Insurance - Specialty,4507891712,1197084032,
OSIS,"OSI Systems, Inc. Common Stock (DE)",Technology,Electronic Components,4507795456,1798018944,
OPEN,Opendoor Technologies Inc Common Stock,Real Estate,Real Estate Services,4484963328,4370999808,
FOUR,"Shift4 Payments, Inc. Class A Common Stock",Technology,Software - Infrastructure,4467616256,4180000000,
REYN,Reynolds Consumer Products Inc. Common Stock,Consumer Cyclical,Packaging & Containers,4463382016,3720999936,
BOOT,"Boot Barn Holdings, Inc. Common Stock",Consumer Cyclical,Apparel Retail,4461584896,2168855040,
LBTYB,Liberty Global Ltd. Class B Common Shares,Communication Services,Telecom Services,4455881728,4878499840,
BMI,"Badger Meter, Inc. Common Stock",Technology,Scientific & Technical Instruments,4445816832,916662976,
DNTH,"Dianthus Therapeutics, Inc. Common Stock",Healthcare,Biotechnology,4442899456,2036000,
CRGY,Crescent Energy Company Class A Common Stock,Energy,Oil & Gas E&P,4426653696,3579781888,
FSLY,"Fastly, Inc. Class A Common Stock",Technology,Software - Application,4411308032,624017984,
UUUU,Energy Fuels Inc Ordinary Shares (Canada),Energy,Uranium,4409309696,65922000,
EBC,"Eastern Bankshares, Inc. Common Stock",Financial Services,Banks - Regional,4400017920,696449024,
MYRG,"MYR Group, Inc. Common Stock",Industrials,Engineering & Construction,4387273728,3657889024,
DOCS,"Doximity, Inc. Class A Common Stock",Healthcare,Health Information Services,4386720256,637779008,
S,"SentinelOne, Inc. Class A Common Stock",Technology,Software - Infrastructure,4382760960,1001278016,
MRCY,Mercury Systems Inc Common Stock,Industrials,Aerospace & Defense,4375667200,942545024,
OLED,Universal Display Corporation Common Stock,Technology,Electronic Components,4357722624,650611008,
MTH,Meritage Homes Corporation Common Stock,Consumer Cyclical,Residential Construction,4353950720,5857636864,
AIR,AAR Corp. Common Stock,Industrials,Aerospace & Defense,4352596992,3134500096,
CSW,"CSW Industrials, Inc. Common Stock",Industrials,Specialty Industrial Machinery,4348221952,1004137984,
RDNT,"RadNet, Inc. Common Stock",Healthcare,Diagnostics & Research,4337741824,2040210048,
TNL,Travel   Leisure Co. Common  Stock,Consumer Cyclical,Travel Services,4317299712,4020999936,
CROX,"Crocs, Inc. Common Stock",Consumer Cyclical,Footwear & Accessories,4310037504,4040646912,
WING,Wingstop Inc. Common Stock,Consumer Cyclical,Restaurants,4306128896,696852992,
FHI,"Federated Hermes, Inc. Common Stock",Financial Services,Asset Management,4300867072,1800663040,
MWA,MUELLER WATER PRODUCTS Common Stock,Industrials,Specialty Industrial Machinery,4299032064,1443600000,
ELC,"Entergy Louisiana, Inc. Collateral Trust Mortgage Bonds, 4.875 % Series due September 1, 2066",,,4296736673,0,
ASB,Associated Banc-Corp Common Stock,Financial Services,Banks - Regional,4292115968,1433549056,
KEN,Kenon Holdings Ltd. Ordinary Shares,Utilities,Utilities - Independent Power Producers,4291647488,872000000,
BEPI,Brookfield BRP Holdings (Canada) Inc. 4.875% Perpetual Subordinated Notes,,,4290235240,0,
VVV,Valvoline Inc. Common Stock,Consumer Cyclical,Auto & Truck Dealerships,4287996928,1757799936,
CORT,Corcept Therapeutics Incorporated Common Stock,Healthcare,Biotechnology,4287936768,761406976,
OXLCP,Oxford Lane Capital Corp. 6.25% Series 2027 Term Preferred Shares,Financial Services,Asset Management,4287920000,487993984,
SAIC,Science Applications International Corporation Common Stock,Technology,Information Technology Services,4283494144,7262000128,
OPCH,"Option Care Health, Inc. Common Stock",Healthcare,Medical Care Facilities,4273084416,5649519104,
BCO,Brinks Company (The) Common Stock,Industrials,Security & Protection Services,4265722880,5261199872,
OXLCM,"Oxford Lane Capital Corp. Preferred Stock Shares, 8.25% Series 2031",,,4263616000,0,
SLM,SLM Corporation Common Stock,Financial Services,Credit Services,4242490368,1651705984,
ONDS,Ondas Inc. Common Stock,Technology,Communication Equipment,4240318464,50731000,
OXLCZ,Oxford Lane Capital Corp. 5.00% Notes due 2027,,,4237576000,0,
MDU,"MDU Resources Group, Inc. Common Stock (Holding Company)",Utilities,Utilities - Regulated Gas,4234811904,1875065984,
ACIW,"ACI Worldwide, Inc. Common Stock",Technology,Software - Infrastructure,4227639040,1759782016,
THO,"Thor Industries, Inc. Common Stock",Consumer Cyclical,Recreational Vehicles,4221280768,9933578240,
FFIN,"First Financial Bankshares, Inc. Common Stock",Financial Services,Banks - Regional,4218082560,602993984,
MC,Moelis & Company Class A Common Stock,Financial Services,Capital Markets,4217927168,1516796032,
ALK,"Alaska Air Group, Inc. Common Stock",Industrials,Airlines,4216512256,14238999552,
NOVT,Novanta Inc. Common Stock,Technology,Scientific & Technical Instruments,4214609920,980600000,
ALH,Alliance Laundry Holdings Inc. Common Stock,Consumer Cyclical,"Furnishings, Fixtures & Appliances",4206630144,1709236992,
TCBI,"Texas Capital Bancshares, Inc. Common Stock",Financial Services,Banks - Regional,4194944512,1200779008,
OXLCN,Oxford Lane Capital Corp. 7.125% Series 2029 Term Preferred Stock,Financial Services,Asset Management,4194123920,487993984,
VCTR,"Victory Capital Holdings, Inc. Class A Common Stock",Financial Services,Asset Management,4193970432,1306130944,
ANF,Abercrombie & Fitch Company Common Stock,Consumer Cyclical,Apparel Retail,4190004992,5266292224,
MMED,"MiniMed Group, Inc. Common Stock",Healthcare,Health Information Services,4189735168,2886000128,
CVSA,Covista Inc. Common Shares,Consumer Defensive,Education & Training Services,4186865152,1888834048,
IBOC,International Bancshares Corporation Common Stock,Financial Services,Banks - Regional,4183938816,827080000,
GPI,"Group 1 Automotive, Inc. Common Stock",Consumer Cyclical,Auto & Truck Dealerships,4176061184,22571399168,
NVST,Envista Holdings Corporation Common Stock,Healthcare,Medical Instruments & Supplies,4171493888,2719500032,
SPHR,Sphere Entertainment Co. Class A Common Stock,Communication Services,Entertainment,4167949056,1220045056,
BEPH,Brookfield BRP Holdings (Canada) Inc. 4.625% Perpetual Subordinated Notes,,,4166754573,0,
SKY,"Champion Homes, Inc. Common Stock",Consumer Cyclical,Residential Construction,4154180608,2636228096,
RCB,Ready Capital Corporation 6.20% Senior Notes due 2026,,,4142690527,0,
TDW,Tidewater Inc. Common Stock,Energy,Oil & Gas Equipment & Services,4141867776,1352786048,
DHCNL,Diversified Healthcare Trust 6.25% Senior Notes Due 2046,,,4133013792,0,
CAAP,Corporacion America Airports SA Common Shares,Industrials,Airports & Air Services,4127902208,1962134016,
PTEN,"Patterson-UTI Energy, Inc. Common Stock",Energy,Oil & Gas Drilling,4110799360,4826624000,
VISN,"Vistance Networks, Inc. Common Stock",Technology,Communication Equipment,4103424256,1931600000,
MMSI,"Merit Medical Systems, Inc. Common Stock",Healthcare,Medical Instruments & Supplies,4096643072,1515906048,
OXLCL,Oxford Lane Capital Corp. 6.75% Notes due 2031,,,4093488000,0,
PONY,Pony AI Inc. American Depositary Shares ,Technology,Information Technology Services,4092632320,90001000,
REGCP,Regency Centers Corporation 6.25% Series A Cumulative Redeemable Preferred Stock,Real Estate,REIT - Retail,4091913297,1611042944,
SLGN,Silgan Holdings Inc. Common Stock,Consumer Cyclical,Packaging & Containers,4091148288,6483166208,
GPOR,Gulfport Energy Corporation Common Shares,Energy,Oil & Gas E&P,4086859776,1302119040,
ALM,Almonty Industries Inc. Common Shares,Basic Materials,Other Industrial Metals & Mining,4082465536,32514000,
SHC,Sotera Health Company Common Stock,Healthcare,Diagnostics & Research,4078182144,1163617024,
TPC,Tutor Perini Corporation Common Stock,Industrials,Engineering & Construction,4074972416,5543038976,
FELE,"Franklin Electric Co., Inc. Common Stock",Industrials,Specialty Industrial Machinery,4074112000,2131250048,
TBBB,BBB Foods Inc. Class A Common Shares,Consumer Defensive,Discount Stores,4059301888,78152941568,
NWE,"NorthWestern Energy Group, Inc. Common Stock",Utilities,Utilities - Regulated Electric,4055248384,1610558976,
LBTYA,Liberty Global Ltd. Class A Common Shares,Communication Services,Telecom Services,4050497024,4878499840,
LAZ,"Lazard, Inc. Common Stock",Financial Services,Capital Markets,4030409472,3098089984,
REGCO,Regency Centers Corporation 5.875% Series B Cumulative Redeemable Preferred Stock,Real Estate,REIT - Retail,4029664952,1611042944,
CSAN,Cosan S.A. ADS,Energy,Oil & Gas Refining & Marketing,4024052480,40418594816,
HRB,"H&R Block, Inc. Common Stock",Consumer Cyclical,Personal Services,4023354112,3790531072,
BTU,Peabody Energy Corporation Common Stock ,Energy,Thermal Coal,4014431488,3861499904,
AD,"Array Digital Infrastructure, Inc. Common Shares",Communication Services,Telecom Services,3985567488,162960992,
LGND,Ligand Pharmaceuticals Incorporated Common Stock,Healthcare,Biotechnology,3981248512,268087008,
SFBS,"ServisFirst Bancshares, Inc. Common Stock",Financial Services,Banks - Regional,3979469568,525760000,
TPH,"Tri Pointe Homes, Inc. Common Stock",Consumer Cyclical,Residential Construction,3978384640,3470704128,
ITRI,"Itron, Inc. Common Stock",Technology,Scientific & Technical Instruments,3972384000,2367194112,
AMRX,"Amneal Pharmaceuticals, Inc. Class A Common Stock",Healthcare,Drug Manufacturers - Specialty & Generic,3965157888,3018759936,
SYRE,"Spyre Therapeutics, Inc. Common Stock",Healthcare,Biotechnology,3961565440,0,
KC,Kingsoft Cloud Holdings Limited American Depositary Shares,Technology,Software - Application,3952135936,9558619136,
NG,Novagold Resources Inc.,Basic Materials,Gold,3945937920,0,
TFSL,TFS Financial Corporation Common Stock,Financial Services,Banks - Regional,3942904832,327371008,
CBT,Cabot Corporation Common Stock,Basic Materials,Specialty Chemicals,3932808960,3607000064,
USAC,"USA Compression Partners, LP Common Units Representing Limited Partner Interests",Energy,Oil & Gas Equipment & Services,3931650304,998099008,
LBTYK,Liberty Global Ltd. Class C Common Shares,Communication Services,Telecom Services,3929886464,4878499840,
NHI,"National Health Investors, Inc. Common Stock",Real Estate,REIT - Healthcare Facilities,3918411520,379292000,
ZETA,Zeta Global Holdings Corp. Class A Common Stock,Technology,Software - Infrastructure,3914988288,1304668032,
QS,QuantumScape Corporation Class A Common Stock,Consumer Cyclical,Auto Parts,3908272640,0,
KTB,"Kontoor Brands, Inc. Common Stock ",Consumer Cyclical,Apparel Manufacturing,3907675136,3152455936,
AAUC,Allied Gold Corporation Common Shares,Basic Materials,Gold,3907353600,1074850048,
DHCNI,Diversified Healthcare Trust 5.625% Senior Notes due 2042,,,3906084296,0,
SKT,Tanger Inc. Common Stock,Real Estate,REIT - Retail,3891865344,595142016,
TAC,TransAlta Corporation Ordinary Shares,Utilities,Utilities - Independent Power Producers,3888546560,2404999936,
LPL,"LG Display Co, Ltd AMERICAN DEPOSITORY SHARES",Technology,Consumer Electronics,3880000000,25810081677312,
ACHR,Archer Aviation Inc. Class A Common Stock,Industrials,Aerospace & Defense,3876798208,300000,
CNO,"CNO Financial Group, Inc. Common Stock",Financial Services,Insurance - Life,3871043072,4487399936,
LRN,"Stride, Inc. Common Stock",Consumer Defensive,Education & Training Services,3867015168,2519166976,
STNG,Scorpio Tankers Inc. Common Shares,Energy,Oil & Gas Midstream,3864610304,938222016,
CCC,CCC Intelligent Solutions Holdings Inc. Common Stock,Technology,Software - Application,3844665600,1057001024,
HAFN,Hafnia Limited Common Shares,Industrials,Marine Shipping,3844175872,2281908992,
NMRK,"Newmark Group, Inc. Class A Common Stock",Real Estate,Real Estate Services,3839226624,3294023936,
BILL,"BILL Holdings, Inc. Common Stock",Technology,Software - Application,3836000768,1551979008,
BRC,Brady Corporation Common Stock,Industrials,Security & Protection Services,3835964160,1569288960,
ARIS,Aris Mining Corporation Common Shares,Basic Materials,Gold,3831256320,927664000,
GEF,Greif Inc. Class A Common Stock,Consumer Cyclical,Packaging & Containers,3826547712,4268754176,
DLO,DLocal Limited Class A Common Shares,Technology,Software - Infrastructure,3825267712,1093586944,
EPR,EPR Properties Common Stock,Real Estate,REIT - Specialty,3822939904,713961024,
BBWI,"Bath & Body Works, Inc.",Consumer Cyclical,Specialty Retail,3822152192,7290999808,
SIMO,Silicon Motion Technology Corporation American Depositary Shares,Technology,Semiconductors,3816026624,885627008,
IRTC,"iRhythm Holdings, Inc. Common Stock",Healthcare,Medical Devices,3814023936,747137984,
EE,"Excelerate Energy, Inc. Class A Common Stock",Energy,Oil & Gas Midstream,3812115456,1228263040,
INDV,"Indivior Pharmaceuticals, Inc. Common Stock",Healthcare,Drug Manufacturers - Specialty & Generic,3811988480,1239000064,
FTDR,"Frontdoor, Inc. Common Stock",Consumer Cyclical,Personal Services,3811903744,2092999936,
CRNX,"Crinetics Pharmaceuticals, Inc. Common Stock",Healthcare,Biotechnology,3802897408,7696000,
MZTI,The Marzetti Company Common Stock,Consumer Defensive,Packaged Foods,3802138368,1944688000,
ACAD,ACADIA Pharmaceuticals Inc. Common Stock,Healthcare,Biotechnology,3795209984,1071505024,
CUZ,Cousins Properties Incorporated Common Stock,Real Estate,REIT - Office,3791917824,985657024,
TREX,"Trex Company, Inc. Common Stock",Industrials,Building Products & Equipment,3783638272,1174267008,
CVCO,"Cavco Industries, Inc. Common Stock When Issued",Consumer Cyclical,Residential Construction,3779901952,2202736128,
SHAK,"Shake Shack, Inc. Class A Common Stock",Consumer Cyclical,Restaurants,3777006592,1445305984,
HHH,Howard Hughes Holdings Inc. Common Stock,Real Estate,Real Estate - Development,3772594944,1474892032,
CALM,"Cal-Maine Foods, Inc. Common Stock",Consumer Defensive,Farm Products,3771817984,4213443072,
ABG,Asbury Automotive Group Inc Common Stock,Consumer Cyclical,Auto & Truck Dealerships,3770576640,17998999552,
UCB,"United Community Banks, Inc. Common Stock",Financial Services,Banks - Regional,3766618880,1014345984,
ASO,"Academy Sports and Outdoors, Inc. Common Stock",Consumer Cyclical,Specialty Retail,3764159488,6053413888,
AZZ,AZZ Inc.,Industrials,Specialty Business Services,3761042944,1616857984,
VKTX,"Viking Therapeutics, Inc. Common Stock",Healthcare,Biotechnology,3760136960,0,
STVN,Stevanato Group S.p.A. Ordinary Shares,Healthcare,Medical Instruments & Supplies,3753800704,1186281984,
USLM,"United States Lime & Minerals, Inc. Common Stock",Basic Materials,Building Materials,3744595968,372727008,
VSCO,Victorias Secret & Co. Common Stock ,Consumer Cyclical,Apparel Retail,3730450432,6552999936,
SKYW,"SkyWest, Inc. Common Stock",Industrials,Airlines,3710544640,4058202112,
ASBA,Associated Banc-Corp 6.625% Fixed-Rate Reset Subordinated Notes due 2033,,,3700087984,0,
PATK,"Patrick Industries, Inc. Common Stock",Consumer Cyclical,Recreational Vehicles,3691379968,3950772992,
DAN,Dana Incorporated Common Stock ,Consumer Cyclical,Auto Parts,3686576640,7500000256,
DTW,DTE Energy Company 2017 Series E 5.25% Junior Subordinated Debentures due 2077,,,3686546688,0,
KNSA,"Kiniksa Pharmaceuticals International, plc Class A Ordinary Shares",Healthcare,Drug Manufacturers - Specialty & Generic,3685178368,677564032,
SII,Sprott Inc. Common Shares,Financial Services,Asset Management,3684856064,285081984,
INDB,Independent Bank Corp. Common Stock,Financial Services,Banks - Regional,3684184064,792051008,
OTTR,Otter Tail Corporation Common Stock,Industrials,Conglomerates,3682260736,1304057984,
GTLB,GitLab Inc. Class A Common Stock,Technology,Software - Infrastructure,3681656320,955224000,
NAMS,NewAmsterdam Pharma Company N.V. Ordinary Shares,Healthcare,Biotechnology,3680363008,22503000,
SXT,Sensient Technologies Corporation Common Stock,Basic Materials,Specialty Chemicals,3678135808,1612110976,
CMBT,CMB.TECH NV Ordinary Shares,Energy,Oil & Gas Midstream,3670647296,1666222976,
HP,"Helmerich & Payne, Inc. Common Stock",Energy,Oil & Gas Drilling,3663031552,4085736960,
AGO,Assured Guaranty Ltd. Common Stock,Financial Services,Insurance - Specialty,3662425856,832000000,
FULT,Fulton Financial Corporation Common Stock,Financial Services,Banks - Regional,3661414912,1277415040,
BNL,"Broadstone Net Lease, Inc. Common Stock",Real Estate,REIT - Diversified,3651887616,454137984,
PRM,"Perimeter Solutions, SA Common Stock",Basic Materials,Specialty Chemicals,3649326336,652862016,
BANF,BancFirst Corporation Common Stock,Financial Services,Banks - Regional,3639643136,684958016,
BLLN,"BillionToOne, Inc. Class A Common Stock",Healthcare,Diagnostics & Research,3628541184,305112000,
JOE,St. Joe Company (The) Common Stock,Real Estate,Real Estate - Diversified,3626356480,513246016,
SKE,Skeena Resources Limited Common Shares,Basic Materials,Other Industrial Metals & Mining,3624101888,0,
IRT,"Independence Realty Trust, Inc. Common Stock",Real Estate,REIT - Residential,3621574400,668761984,
ELF,"e.l.f. Beauty, Inc. Common Stock",Consumer Defensive,Household & Personal Products,3614584576,1519825024,
HGTY,"Hagerty, Inc. Class A Common Stock",Financial Services,Insurance - Property & Casualty,3607774720,1456388992,
MIAX,"Miami International Holdings, Inc. Common Stock",Financial Services,Capital Markets,3607286272,1364072960,
INSW,"International Seaways, Inc. Common Stock ",Energy,Oil & Gas Midstream,3602279168,843302016,
ALHC,"Alignment Healthcare, Inc. Common Stock",Healthcare,Healthcare Plans,3599704320,3948719104,
FRMI,Fermi Inc. Common Stock,Real Estate,REIT - Specialty,3585908480,0,
WSFS,WSFS Financial Corporation Common Stock,Financial Services,Banks - Regional,3579087872,1016779008,
BGSI,Boyd Group Services Inc. Common Shares,Consumer Cyclical,Auto & Truck Dealerships,3572331264,3142793984,
MNDY,monday.com Ltd. Ordinary Shares,Technology,Software - Application,3562721792,1231997056,
ARLP,"Alliance Resource Partners, L.P. Common Units representing Limited Partners Interests",Energy,Thermal Coal,3557415680,2194810880,
CGAU,Centerra Gold Inc. Common Shares,Basic Materials,Gold,3552846848,1384562048,
MMYT,MakeMyTrip Limited Ordinary Shares,Consumer Cyclical,Travel Services,3548046336,1039337024,
OII,"Oceaneering International, Inc. Common Stock",Energy,Oil & Gas Equipment & Services,3539026944,2784155904,
CDP,COPT Defense Properties Common Shares of Beneficial Interest,Real Estate,REIT - Office,3537623040,766729024,
GTX,Garrett Motion Inc. Common Stock,Consumer Cyclical,Auto Parts,3533747200,3584000000,
SMG,Scotts Miracle-Gro Company (The) Common Stock,Basic Materials,Agricultural Inputs,3529397504,3400900096,
STNE,StoneCo Ltd. Class A Common Shares,Technology,Software - Infrastructure,3514533888,13399705600,
INTR,Inter & Co. Inc. Class A Common Shares,Financial Services,Banks - Regional,3513305344,5984585216,
BETA,"Beta Technologies, Inc. Class A Common Stock",Industrials,Aerospace & Defense,3502307840,35616000,
PPTA,Perpetua Resources Corp. Common Shares,Basic Materials,Other Precious Metals & Mining,3500940032,0,
MMS,"Maximus, Inc. Common Stock",Industrials,Specialty Business Services,3496563712,5373646848,
LIVN,LivaNova PLC Ordinary Shares,Healthcare,Medical Devices,3476088576,1388052992,
WHR,Whirlpool Corporation Common Stock,Consumer Cyclical,"Furnishings, Fixtures & Appliances",3474534656,15523999744,
NTRSO,"Northern Trust Corporation Depositary Shares Each Representing a 1/1,000th Interest in a Share of Series E Non-Cumulative Perpetual Preferred Stock",Financial Services,Asset Management,3465501223,8093899776,
AB,AllianceBernstein Holding L.P.  Units,Financial Services,Asset Management,3455126528,332756000,
SMR,NuScale Power Corporation Class A Common Stock,Industrials,Specialty Industrial Machinery,3453658112,31479000,
MDA,MDA Space Ltd. Common Shares,Industrials,Aerospace & Defense,3453646848,1633200000,
KAI,Kadant Inc Common Stock,Industrials,Specialty Industrial Machinery,3446520832,1052248000,
SIG,Signet Jewelers Limited Common Shares,Consumer Cyclical,Luxury Goods,3443531264,6813599744,
KLIC,"Kulicke and Soffa Industries, Inc. Common Stock",Technology,Semiconductor Equipment & Materials,3439299584,687582016,
CLBT,Cellebrite DI Ltd. Ordinary Shares,Technology,Software - Infrastructure,3437280768,475675008,
BTE,Baytex Energy Corp Common Shares,Energy,Oil & Gas E&P,3436023808,1480814976,
CVLT,"Commvault Systems, Inc. Common Stock",Technology,Software - Application,3434509568,1147037056,
FG,"F&G Annuities & Life, Inc. Common Stock",Financial Services,Insurance - Life,3433647872,5730999808,
BHF,"Brighthouse Financial, Inc. Common Stock",Financial Services,Insurance - Life,3424184064,6947999744,
DTG,DTE Energy Company 2021 Series E 4.375% Junior Subordinated Debentures,,,3422062525,0,
BBAR,Banco BBVA Argentina S.A. ADS,Financial Services,Banks - Regional,3416049152,3138949742592,
OSCR,"Oscar Health, Inc. Class A Common Stock",Healthcare,Healthcare Plans,3415169536,11701427200,
BFH,"Bread Financial Holdings, Inc. Common Stock",Financial Services,Credit Services,3414983936,2603000064,
GPCR,Structure Therapeutics Inc. American Depositary Shares,Healthcare,Biotechnology,3414575104,0,
LEU,Centrus Energy Corp. Class A Common Stock,Energy,Uranium,3413571584,448700000,
TMDX,"TransMedics Group, Inc. Common Stock",Healthcare,Medical Devices,3410006784,605494016,
RNST,Renasant Corporation Common Stock,Financial Services,Banks - Regional,3401361664,878392000,
ENVA,"Enova International, Inc. Common Stock",Financial Services,Credit Services,3397151744,1490936064,
DTB,DTE Energy Company 2020 Series G 4.375% Junior Subordinated Debentures due 2080,,,3397099151,0,
NTSK,"Netskope, Inc. Class A Common Stock",Technology,Software - Infrastructure,3396000000,708996992,
BKU,"BankUnited, Inc. Common Stock",Financial Services,Banks - Regional,3393438464,1025278976,
CATY,Cathay General Bancorp Common Stock,Financial Services,Banks - Regional,3392305664,745260992,
WK,Workiva Inc. Class A Common Stock,Technology,Software - Application,3389049600,884568000,
CSTM,Constellium SE Ordinary Shares (France),Basic Materials,Aluminum,3387167744,8448999936,
BOX,"Box, Inc. Class A Common Stock",Technology,Software - Infrastructure,3385905664,1177252992,
GFF,Griffon Corporation Common Stock,Industrials,Building Products & Equipment,3385374208,2536643072,
OLN,Olin Corporation Common Stock,Basic Materials,Chemicals,3384969728,6780800000,
CVI,CVR Energy Inc. Common Stock,Energy,Oil & Gas Refining & Marketing,3382854912,7161999872,
EWTX,"Edgewise Therapeutics, Inc. Common Stock",Healthcare,Biotechnology,3379021312,0,
FIBK,"First Interstate BancSystem, Inc. Common Stock (DE)",Financial Services,Banks - Regional,3377351424,1032000000,
KRC,Kilroy Realty Corporation Common Stock,Real Estate,REIT - Office,3375428864,1112667008,
FUL,H. B. Fuller Company Common Stock,Basic Materials,Specialty Chemicals,3360776448,3455770112,
PVH,PVH Corp. Common Stock,Consumer Cyclical,Apparel Manufacturing,3356836352,8816700416,
NIQ,NIQ Global Intelligence plc Ordinary Shares,,,3355372032,0,
WPP,WPP plc American Depositary Shares,Communication Services,Advertising Agencies,3354211328,13550000128,
BHFAL,"Brighthouse Financial, Inc. 6.25% Junior Subordinated Debentures due 2058",,,3354111744,0,
CNK,"Cinemark Holdings Inc Cinemark Holdings, Inc. Common Stock",Communication Services,Entertainment,3350412800,3115000064,
LEGN,Legend Biotech Corporation American Depositary Shares,Healthcare,Biotechnology,3345847808,1028899968,
FBP,First BanCorp. New Common Stock,Financial Services,Banks - Regional,3344229632,914857024,
LBRDP,Liberty Broadband Corporation Series A Cumulative Redeemable Preferred Stock,Communication Services,Telecom Services,3343497109,0,
NP,Neptune Insurance Holdings Inc. Class A Common Stock,Financial Services,Insurance Brokers,3341934080,159551008,
GBDC,"Golub Capital BDC, Inc. Common Stock",Financial Services,Asset Management,3332468736,857084032,
AVNT,Avient Corporation Common Stock,Basic Materials,Specialty Chemicals,3329066240,3260199936,
LQDA,Liquidia Corporation Common Stock,Healthcare,Drug Manufacturers - Specialty & Generic,3325438720,158320000,
HRI,Herc Holdings Inc. Common Stock ,Industrials,Rental & Leasing Services,3322009600,4376000000,
WSBC,"WesBanco, Inc. Common Stock",Financial Services,Banks - Regional,3314891264,903812992,
CC,Chemours Company (The) Common Stock,Basic Materials,Specialty Chemicals,3306951168,5808000000,
AVA,Avista Corporation Common Stock,Utilities,Utilities - Diversified,3301564928,1964000000,
RELY,"Remitly Global, Inc. Common Stock",Technology,Software - Infrastructure,3300954112,1635147008,
USAR,"USA Rare Earth, Inc. Class A Common Stock",Basic Materials,Other Industrial Metals & Mining,3299069440,1643000,
NAVN,"Navan, Inc. Class A Common Stock",Technology,Software - Application,3292047360,702265024,
KFY,Korn Ferry Common Stock,Industrials,Staffing & Employment Services,3285671680,2859745024,
COLD,"Americold Realty Trust, Inc. Common Stock",Real Estate,REIT - Industrial,3275437824,2599734016,
LIF,"Life360, Inc. Common Stock",Technology,Software - Application,3273707520,489480992,
MCHB,Mechanics Bancorp Class A Common Stock,Financial Services,Banks - Regional,3265480704,642659968,
WHD,"Cactus, Inc. Class A Common Stock",Energy,Oil & Gas Equipment & Services,3263785472,1079051008,
VLYPO,"Valley National Bancorp 5.50% Fixed-to-Floating Rate Non-Cumulative Perpetual Preferred Stock, Series B",Financial Services,Banks - Regional,3261556736,1844204032,
EXPO,"Exponent, Inc. Common Stock",Industrials,Engineering & Construction,3255141376,536760000,
BKD,Brookdale Senior Living Inc. Common Stock,Healthcare,Medical Care Facilities,3253395968,3053564928,
CARG,"CarGurus, Inc. Class A Common Stock ",Consumer Cyclical,Auto & Truck Dealerships,3250181632,906979968,
GNW,Genworth Financial Inc Common Stock,Financial Services,Insurance - Life,3242970112,7301000192,
TLX,Telix Pharmaceuticals Limited American Depositary Shares,Healthcare,Biotechnology,3242096384,803793984,
KBH,KB Home Common Stock,Consumer Cyclical,Residential Construction,3239549952,5921447936,
BXMT,"Blackstone Mortgage Trust, Inc. Common Stock",Real Estate,REIT - Mortgage,3231344896,439948000,
PLBL,Polibeli Group Ltd Class A Ordinary Shares,Consumer Cyclical,Department Stores,3224209664,30226940,
NATL,NCR Atleos Corporation Common Stock,Technology,Software - Application,3220742400,4353999872,
CNS,Cohen & Steers Inc Common Stock,Financial Services,Asset Management,3214689024,556115968,
CALX,"Calix, Inc Common Stock",Technology,Software - Infrastructure,3214119680,1000009984,
HWKN,"Hawkins, Inc. Common Stock",Basic Materials,Specialty Chemicals,3210561536,1063104000,
BSM,"Black Stone Minerals, L.P. Common units representing limited partner interests",Energy,Oil & Gas E&P,3210486784,400976992,
HYMC,Hycroft Mining Holding Corporation Class A Common Stock,Basic Materials,Gold,3204893440,0,
FULTP,"Fulton Financial Corporation Depositary Shares, Each Representing a 1/40th Interest in a Share of Fixed Rate Non-Cumulative Perpetual Preferred Stock, Series A",Financial Services,Banks - Regional,3202387898,1277415040,
MHO,"M/I Homes, Inc. Common Stock",Consumer Cyclical,Residential Construction,3201884928,4417781248,
MRX,Marex Group plc Ordinary Shares,Financial Services,Capital Markets,3198094080,2869600000,
PAY,"Paymentus Holdings, Inc. Class A Common Stock",Technology,Software - Infrastructure,3193176064,1196507008,
DORM,"Dorman Products, Inc. Common Stock",Consumer Cyclical,Auto Parts,3189517568,2130318976,
PLMR,"Palomar Holdings, Inc. Common stock",Financial Services,Insurance - Property & Casualty,3189424384,875966976,
ICUI,"ICU Medical, Inc. Common Stock",Healthcare,Medical Instruments & Supplies,3188749056,2231261952,
DNN,Denison Mines Corp Ordinary Shares (Canada),Energy,Uranium,3187462656,4918000,
HGV,Hilton Grand Vacations Inc. Common Stock ,Consumer Cyclical,Resorts & Casinos,3185306368,4512999936,
RNG,"RingCentral, Inc. Class A Common Stock",Technology,Software - Application,3184406016,2515141888,
VEON,VEON Ltd. ADS,Communication Services,Telecom Services,3183933952,4399000064,
LASR,"nLIGHT, Inc. Common Stock",Technology,Semiconductors,3181221120,261330000,
RUN,Sunrun Inc. Common Stock,Technology,Solar,3179717120,2956997120,
SUNC,"SunocoCorp LLC Common Units, representing limited liability company interests",Energy,Oil & Gas Midstream,3176035584,25201000448,
ZIM,ZIM Integrated Shipping Services Ltd. Ordinary Shares,Industrials,Marine Shipping,3175688704,6904200192,
NIC,Nicolet Bankshares Inc. Common Stock,Financial Services,Banks - Regional,3175541504,387790016,
AAP,Advance Auto Parts Inc.,Consumer Cyclical,Auto Parts,3170275072,8600999936,
AXTI,AXT Inc Common Stock,Technology,Semiconductor Equipment & Materials,3166583808,88326000,
DIOD,Diodes Incorporated Common Stock,Technology,Semiconductors,3166262784,1482072960,
RWTN,"Redwood Trust, Inc. 9.125% Senior Notes Due 2029",,,3159513695,0,
WSC,WillScot Holdings Corporation Class A Common Stock,Industrials,Rental & Leasing Services,3158577408,2281445888,
RWTO,"Redwood Trust, Inc. 9.00% Senior Notes Due 2029",,,3158221460,0,
FIZZ,National Beverage Corp. Common Stock,Consumer Defensive,Beverages - Non-Alcoholic,3150720512,1197060992,
PLUG,"Plug Power, Inc. Common Stock",Industrials,Electrical Equipment & Parts,3150338560,709918976,
QLYS,"Qualys, Inc. Common Stock",Technology,Software - Infrastructure,3150152192,669124992,
FGN,"F&G Annuities & Life, Inc. 7.950% Senior Notes due 2053",,,3141114831,0,
KNTK,Kinetik Holdings Inc. Class A Common Stock,Energy,Oil & Gas Midstream,3126837504,1764388992,
LCID,"Lucid Group, Inc. Common Stock",Consumer Cyclical,Auto Manufacturers,3122830848,1353789952,
BKV,BKV Corporation Common Stock,Energy,Oil & Gas E&P,3119651328,893780992,
TR,"Tootsie Roll Industries, Inc. Common Stock",Consumer Defensive,Confectioners,3117989120,732524032,
CLMT,"Calumet, Inc. Common Stock",Basic Materials,Specialty Chemicals,3115278336,4137100032,
TOWN,TowneBank Common Stock,Financial Services,Banks - Regional,3106954240,811779968,
PI,"Impinj, Inc. Common Stock",Technology,Semiconductors,3104794112,361075008,
MARA,"MARA Holdings, Inc. Common Stock",Financial Services,Capital Markets,3102714368,907092992,
IAC,IAC Inc. Common Stock,Communication Services,Internet Content & Information,3099644928,2393189120,
PARR,"Par Pacific Holdings, Inc.  Common Stock",Energy,Oil & Gas Refining & Marketing,3098848512,7464650240,
OPLN,"OPENLANE, Inc. Common Stock",Consumer Cyclical,Auto & Truck Dealerships,3098564352,1934499968,
CBU,"Community Financial System, Inc. Common Stock",Financial Services,Banks - Regional,3092258816,796657024,
PII,Polaris Inc. Common Stock,Consumer Cyclical,Recreational Vehicles,3089641472,7236299776,
SXI,Standex International Corporation Common Stock,Industrials,Specialty Industrial Machinery,3088580352,868579968,
VLYPP,"Valley National Bancorp 6.25% Fixed-to-Floating Rate Non-Cumulative Perpetual Preferred Stock, Series A",Financial Services,Banks - Regional,3084381952,1844204032,
ITGR,Integer Holdings Corporation Common Stock,Healthcare,Medical Devices,3083381248,1853636992,
SEDG,"SolarEdge Technologies, Inc. Common Stock",Technology,Solar,3081699072,1184444032,
FSM,Fortuna Mining Corp. Common Shares,Basic Materials,Gold,3056920832,947059008,
NOG,"Northern Oil and Gas, Inc. Common Stock",Energy,Oil & Gas E&P,3054589696,1963725056,
DNLI,Denali Therapeutics Inc. Common Stock,Healthcare,Biotechnology,3044956672,0,
CPRX,"Catalyst Pharmaceuticals, Inc. Common Stock",Healthcare,Biotechnology,3043310592,588988992,
SA,"Seabridge Gold, Inc. Ordinary Shares (Canada)",Basic Materials,Gold,3042956032,0,
HNGE,"Hinge Health, Inc. Class A Common Stock",Healthcare,Health Information Services,3037110528,587859968,
CPK,Chesapeake Utilities Corporation Common Stock,Utilities,Utilities - Regulated Gas,3031520768,930000000,
FHB,"First Hawaiian, Inc. Common Stock",Financial Services,Banks - Regional,3027635200,853587968,
ANDG,Andersen Group Inc. Class A Common Stock,Consumer Cyclical,Personal Services,3017907968,838691968,
DBRG,"DigitalBridge Group, Inc.",Financial Services,Asset Management,3013918720,93959000,
BATRA,"Atlanta Braves Holdings, Inc. Series A Common Stock",Communication Services,Entertainment,3013586944,732492032,
KD,"Kyndryl Holdings, Inc. Common Stock",Technology,Information Technology Services,3009728000,15123000320,
MTRN,Materion Corporation,Basic Materials,Other Industrial Metals & Mining,3008913408,1786550016,
HSAI,"Hesai Group American Depositary Share, each ADS represents one Class B ordinary share",Consumer Cyclical,Auto Parts,3004559104,3027572992,
DYN,"Dyne Therapeutics, Inc. Common Stock",Healthcare,Biotechnology,2991941632,0,
LCII,LCI Industries,Consumer Cyclical,Recreational Vehicles,2986504960,4122017024,
TARS,"Tarsus Pharmaceuticals, Inc. Common Stock",Healthcare,Biotechnology,2985408256,451360000,
TNGX,"Tango Therapeutics, Inc.",Healthcare,Biotechnology,2985050624,62384000,
JOYY,JOYY Inc. American Depositary Shares,Communication Services,Internet Content & Information,2976636672,2124248064,
SUPN,"Supernus Pharmaceuticals, Inc. Common Stock",Healthcare,Drug Manufacturers - Specialty & Generic,2976398592,718952000,
ARX,Accelerant Holdings Class A Common Shares,Financial Services,Insurance Brokers,2968057600,856300032,
SBCF,Seacoast Banking Corporation of Florida Common Stock,Financial Services,Banks - Regional,2967170304,598366016,
HG,"Hamilton Insurance Group, Ltd. Class B Common Shares",Financial Services,Insurance - Reinsurance,2966458624,2911508992,
LUNR,"Intuitive Machines, Inc. Class A Common Stock",Industrials,Aerospace & Defense,2957954560,210059008,
AWR,American States Water Company Common Stock,Utilities,Utilities - Regulated Water,2955416576,658073024,
COLM,Columbia Sportswear Company Common Stock,Consumer Cyclical,Apparel Manufacturing,2953650176,3397350912,
PRK,Park National Corporation Common Stock,Financial Services,Banks - Regional,2952951808,545704000,
QTWO,"Q2 Holdings, Inc. Common Stock",Technology,Software - Application,2951726848,794809024,
BOH,Bank of Hawaii Corporation Common Stock,Financial Services,Banks - Regional,2949619968,705129024,
CTRI,"Centuri Holdings, Inc. Common Stock",Utilities,Utilities - Regulated Gas,2944848384,2982780928,
DHT,"DHT Holdings, Inc.",Energy,Oil & Gas Midstream,2942230784,551342976,
GPK,Graphic Packaging Holding Company,Consumer Cyclical,Packaging & Containers,2939664384,8616999936,
POWWP,Outdoor Holding Company 8.75% Series A Cumulative Redeemable Perpetual Preferred Stock,Industrials,Aerospace & Defense,2929872276,46019480,
IDYA,"IDEAYA Biosciences, Inc. Common Stock",Healthcare,Biotechnology,2925963264,218710000,
GBTG,"Global Business Travel Group, Inc. Class A Common Stock",Consumer Cyclical,Travel Services,2923918080,2718000128,
ARQT,"Arcutis Biotherapeutics, Inc. Common Stock",Healthcare,Biotechnology,2922226432,376072000,
FFBC,First Financial Bancorp. Common Stock,Financial Services,Banks - Regional,2915860224,855344000,
TWST,Twist Bioscience Corporation Common Stock,Healthcare,Diagnostics & Research,2913532160,391556992,
IPAR,"Interparfums, Inc. Common Stock",Consumer Defensive,Household & Personal Products,2913400832,1488509056,
IRDM,Iridium Communications Inc Common Stock,Communication Services,Telecom Services,2911500544,871659008,
HAYW,"Hayward Holdings, Inc. Common Stock",Industrials,Electrical Equipment & Parts,2906238464,1122155008,
SOUN,"SoundHound AI, Inc Class A Common Stock",Technology,Software - Application,2904733440,168920000,
MANU,Manchester United Ltd. Class A Ordinary Shares,Communication Services,Entertainment,2900345856,655401024,
FRPT,"Freshpet, Inc. Common Stock",Consumer Defensive,Packaged Foods,2892411136,1102014976,
VERA,"Vera Therapeutics, Inc. Class A Common Stock",Healthcare,Biotechnology,2870638336,0,
ACLS,"Axcelis Technologies, Inc. Common Stock",Technology,Semiconductor Equipment & Materials,2859307520,839048000,
NMIH,NMI Holdings Inc. Common Stock,Financial Services,Insurance - Specialty,2856625152,706440000,
FSK,FS KKR Capital Corp. Common Stock,Financial Services,Asset Management,2851076352,1519000064,
PBH,Prestige Consumer Healthcare Inc. Common Stock,Healthcare,Drug Manufacturers - Specialty & Generic,2849939456,1103606016,
TRMD,TORM plc Class A Common Stock,Energy,Oil & Gas Midstream,2848022016,1339500032,
ZIONP,"Zions Bancorporation, N.A. Depositary Shares (Each representing 1/40th Interest in a Share of Series A Floating-Rate Non-Cumulative Perpetual Preferred Stock)",Financial Services,Banks - Regional,2842844466,3312999936,
CWK,Cushman & Wakefield Ltd. Common Shares,Real Estate,Real Estate Services,2842134016,10288199680,
POWI,"Power Integrations, Inc. Common Stock",Technology,Semiconductors,2841804800,443504000,
SDRL,Seadrill Limited Common Shares,Energy,Oil & Gas Drilling,2841449984,1379000064,
AEO,"American Eagle Outfitters, Inc. Common Stock",Consumer Cyclical,Apparel Retail,2830850560,5496809984,
YSS,York Space Systems Inc. Common Stock,Industrials,Aerospace & Defense,2829096448,386203008,
UCTT,"Ultra Clean Holdings, Inc. Common Stock",Technology,Semiconductor Equipment & Materials,2828570624,2054000000,
MGEE,"MGE Energy, Inc",Utilities,Utilities - Regulated Electric,2826023936,726654016,
VTMX,"Corporacion Inmobiliaria Vesta, S.A.B de C.V. American Depositary Shares, each representing ten (10) Common Shares",Real Estate,Real Estate - Development,2822947584,283236352,
SFNC,Simmons First National Corporation Class A Common Stock,Financial Services,Banks - Regional,2817679616,37409000,
GRBK,"Green Brick Partners, Inc. Common Stock",Consumer Cyclical,Residential Construction,2807770624,2098471040,
BBUC,Brookfield Business Corporation Class A Subordinate Voting Shares,Industrials,Conglomerates,2805706240,7168000000,
SLG,SL Green Realty Corp Common Stock,Real Estate,REIT - Office,2804080896,946902976,
ALMS,Alumis Inc. Common Stock,Healthcare,Biotechnology,2802201344,24050000,
PAGS,PagSeguro Digital Ltd. Class A Common Shares,Technology,Software - Infrastructure,2800783872,19743260672,
CRVL,CorVel Corp. Common Stock,Financial Services,Insurance Brokers,2800645888,941492992,
RLX,"RLX Technology Inc. American Depositary Shares, each representing the right to receive one (1) Class A ordinary share",Consumer Defensive,Tobacco,2797523968,3617265920,
UE,Urban Edge Properties Common Shares of Beneficial Interest,Real Estate,REIT - Retail,2795332608,471935008,
ZGN,Ermenegildo Zegna N.V. Ordinary Shares,Consumer Cyclical,Apparel Manufacturing,2795065344,1916946944,
EEFT,"Euronet Worldwide, Inc. Common Stock",Technology,Software - Infrastructure,2790505472,4244199936,
MPT,"Medical Properties Trust, Inc. common stock",Real Estate,REIT - Healthcare Facilities,2784945152,1069873024,
MSGE,Madison Square Garden Entertainment Corp. Class A Common Stock,Consumer Cyclical,Leisure,2784858368,1014804992,
FTAIM,FTAI Aviation Ltd. 9.500% Fixed-Rate Reset Series D Cumulative Perpetual Redeemable Preferred Shares,Industrials,Rental & Leasing Services,2784259451,2507408896,
LION,Lionsgate Studios Corp Common Shares,,,2782895616,0,
ERO,Ero Copper Corp. Common Shares,Basic Materials,Copper,2781053184,785843968,
FBK,FB Financial Corporation Common Stock,Financial Services,Banks - Regional,2776841216,516732000,
WU,Western Union Company (The) Common Stock,Financial Services,Credit Services,2774785792,4050700032,
WRD,WeRide Inc. American Depositary Shares,Technology,Software - Application,2769771776,684587008,
YETI,"YETI Holdings, Inc. Common Stock",Consumer Cyclical,Leisure,2769630208,1868493952,
PFS,"Provident Financial Services, Inc Common Stock",Financial Services,Banks - Regional,2765533440,866819968,
TTAM,Titan America SA Common Shares,Basic Materials,Building Materials,2761749504,1664188032,
IHS,IHS Holding Limited Ordinary Shares,Real Estate,Real Estate Services,2761339392,1582000000,
CON,"Concentra Group Holdings Parent, Inc. Common Stock",Healthcare,Medical Care Facilities,2759215616,2163417088,
WDFC,WD-40 Company Common Stock,Basic Materials,Specialty Chemicals,2758866944,620913024,
CORZW,"Core Scientific, Inc. Tranche 1 Warrants",,,2756007405,319019008,
EXK,Endeavour Silver Corporation Ordinary Shares (Canada),Basic Materials,Silver,2753277952,467500000,
KMT,Kennametal Inc. Common Stock,Industrials,Tools & Accessories,2753062400,2030344960,
UNFI,"United Natural Foods, Inc. Common Stock",Consumer Defensive,Food Distribution,2745587712,31541999616,
CSQ,Calamos Strategic Total Return Common Stock,Financial Services,Asset Management,2745528320,79895016,
TVTX,"Travere Therapeutics, Inc. Common Stock",Healthcare,Biotechnology,2740496384,490728000,
LXP,LXP Industrial Trust Common Stock (Maryland REIT),Real Estate,REIT - Industrial,2736688128,350228000,
COCO,"The Vita Coco Company, Inc. Common Stock",Consumer Defensive,Beverages - Non-Alcoholic,2734806784,609779968,
ATS,ATS Corporation Common Shares,Industrials,Specialty Industrial Machinery,2734008320,2800072960,
SYNA,Synaptics Incorporated Common Stock $0.001 Par Value,Technology,Semiconductors,2730864640,1144400000,
CAKE,Cheesecake Factory Incorporated (The) Common Stock,Consumer Cyclical,Restaurants,2729785344,3751805952,
BATRK,"Atlanta Braves Holdings, Inc. Series C Common Stock",Communication Services,Entertainment,2729165824,732492032,
APLE,"Apple Hospitality REIT, Inc. Common Shares",Real Estate,REIT - Hotel & Motel,2722986240,1412386048,
CURB,Curbline Properties Corp. Common Stock,Real Estate,REIT - Retail,2721834752,182892992,
BCC,"Boise Cascade, L.L.C. Common Stock",Basic Materials,Lumber & Wood Production,2719700480,6404595200,
BANC,"Banc of California, Inc. Common Stock",Financial Services,Banks - Regional,2715693312,1048924992,
MGRC,McGrath RentCorp Common Stock,Industrials,Rental & Leasing Services,2714173440,944235008,
HTGC,"Hercules Capital, Inc. Common Stock",Financial Services,Asset Management,2713181696,532492992,
TXG,"10x Genomics, Inc. Class A Common Stock",Healthcare,Health Information Services,2712180224,642822976,
AKR,Acadia Realty Trust Common Stock,Real Estate,REIT - Retail,2709472768,403436000,
RCUS,"Arcus Biosciences, Inc. Common Stock",Healthcare,Biotechnology,2707548672,247000000,
DBD,Diebold Nixdorf Incorporated Common stock,Technology,Software - Application,2705818368,3805700096,
CWT,California Water Service Group Common Stock,Utilities,Utilities - Regulated Water,2704206592,1000140032,
HCM,HUTCHMED (China) Limited American Depositary Shares,Healthcare,Drug Manufacturers - Specialty & Generic,2701797632,548512000,
NMFCZ,New Mountain Finance Corporation 8.250% Notes due 2028,,,2698377581,0,
DK,"Delek US Holdings, Inc. Common Stock",Energy,Oil & Gas Refining & Marketing,2695565568,10722899968,
TALO,"Talos Energy, Inc. Common Stock",Energy,Oil & Gas E&P,2679023104,1779651968,
BRZE,"Braze, Inc. Class A Common Stock",Technology,Software - Application,2678523904,738182016,
DKL,"Delek Logistics Partners, L.P. Common Units representing Limited Partner Interests",Energy,Oil & Gas Refining & Marketing,2662774272,1013323008,
ADEA,Adeia Inc. Common Stock,Technology,Software - Application,2660210688,443385984,
AMR,"Alpha Metallurgical Resources, Inc. Common Stock",Basic Materials,Coking Coal,2639366656,2129480960,
HAE,Haemonetics Corporation Common Stock,Healthcare,Medical Devices,2638193152,1318274944,
BWLP,BW LPG Limited Common Shares,Industrials,Marine Shipping,2637019904,3582138880,
CVBF,CVB Financial Corporation Common Stock,Financial Services,Banks - Regional,2633167872,518958016,
PHIN,PHINIA Inc. Common Stock,Consumer Cyclical,Auto Parts,2631016960,3483000064,
RH,RH Common Stock,Consumer Cyclical,Specialty Retail,2625498112,3409318912,
MH,"McGraw Hill, Inc. Common Stock",Consumer Defensive,Education & Training Services,2616720896,2112321024,
SBLK,Star Bulk Carriers Corp. Common Shares,Industrials,Marine Shipping,2615075840,1042499008,
FCPT,"Four Corners Property Trust, Inc. Common Stock",Real Estate,REIT - Retail,2595470080,294132000,
CEPU,Central Puerto S.A. American Depositary Shares (each represents ten Common Shares),Utilities,Utilities - Regulated Electric,2590700544,1097422209024,
WOR,"Worthington Enterprises, Inc. Common Shares",Industrials,Metal Fabrication,2589536000,1327719936,
ACMR,"ACM Research, Inc. Class A Common Stock",Technology,Semiconductor Equipment & Materials,2586380544,901308992,
FTAIN,FTAI Aviation Ltd. 8.25% Fixed - Rate Reset Series C Cumulative Perpetual Redeemable Preferred Shares,Industrials,Rental & Leasing Services,2582795266,2507408896,
DRD,DRDGOLD Limited American Depositary Shares,Basic Materials,Gold,2582779648,9129100288,
TRN,"Trinity Industries, Inc. Common Stock",Industrials,Railroads,2580209152,2156900096,
WRBY,Warby Parker Inc. Class A Common Stock,Healthcare,Medical Instruments & Supplies,2579974656,871905024,
DX,"Dynex Capital, Inc. Common Stock",Real Estate,REIT - Mortgage,2577306368,372112992,
BKE,"Buckle, Inc. (The) Common Stock",Consumer Cyclical,Apparel Retail,2576247552,1297835008,
RHI,Robert Half Inc. Common Stock,Industrials,Staffing & Employment Services,2569047296,5378506240,
DJT,Trump Media & Technology Group Corp. Common Stock,Communication Services,Internet Content & Information,2568066560,3682600,
APAM,Artisan Partners Asset Management Inc. Class A Common Stock,Financial Services,Asset Management,2566614016,1196688000,
HE,"Hawaiian Electric Industries, Inc. Common Stock",Utilities,Utilities - Regulated Electric,2561688064,3086896128,
MFAN,"MFA Financial, Inc. 8.875% Senior Notes due 2029",,,2561584115,0,
VCYT,"Veracyte, Inc. Common Stock",Healthcare,Diagnostics & Research,2559355648,517144992,
MFAO,"MFA Financial, Inc. 9.000% Senior Notes due 2029",,,2555423993,0,
CALY,Callaway Golf Company Common Stock,Consumer Cyclical,Leisure,2555228416,2060099968,
EFXT,Enerflex Ltd Common Shares,Energy,Oil & Gas Equipment & Services,2548093184,2571000064,
ASH,Ashland Inc. Common Stock,Basic Materials,Specialty Chemicals,2544846592,1804999936,
PRVA,"Privia Health Group, Inc. Common Stock",Healthcare,Health Information Services,2544268032,2122841984,
TMC,TMC the metals company Inc. Common Stock,Basic Materials,Other Industrial Metals & Mining,2541925376,0,
TNK,Teekay Tankers Ltd.,Energy,Oil & Gas Midstream,2540087552,951796992,
BWNB,"Babcock & Wilcox Enterprises, Inc. 6.50% Senior Notes due 2026",,,2537548304,0,
VRNS,"Varonis Systems, Inc. Common Stock",Technology,Software - Infrastructure,2531255296,623532032,
FLNC,"Fluence Energy, Inc. Class A Common Stock",Utilities,Utilities - Renewable,2530949376,2551276032,
SPNT,SiriusPoint Ltd. Common Shares,Financial Services,Insurance - Reinsurance,2519970816,2982700032,
BBT,Beacon Financial Corporation Common stock,Financial Services,Banks - Regional,2517265920,511607008,
UAA,"Under Armour, Inc. Class A Common Stock",Consumer Cyclical,Apparel Manufacturing,2517009920,4975792128,
UPST,"Upstart Holdings, Inc. Common stock",Financial Services,Credit Services,2515271680,1075521024,
NGVT,Ingevity Corporation Common Stock ,Basic Materials,Specialty Chemicals,2513840896,1167600000,
ETOR,eToro Group Ltd. Class A Common Shares,Financial Services,Capital Markets,2513630976,13700697088,
BULL,Webull Corporation Class A Ordinary Shares,Technology,Software - Application,2512563456,570996800,
BELFB,Bel Fuse Inc. Class B Common Stock,Technology,Electronic Components,2505696768,675454976,
LMAT,"LeMaitre Vascular, Inc. Common Stock",Healthcare,Medical Instruments & Supplies,2486713856,249602000,
VC,Visteon Corporation Common Stock,Consumer Cyclical,Auto Parts,2486020608,3768000000,
NHC,National HealthCare Corporation Common Stock,Healthcare,Medical Care Facilities,2481946880,1517780992,
TRMK,Trustmark Corporation Common Stock,Financial Services,Banks - Regional,2480860928,786908032,
IMNM,"Immunome, Inc. Common Stock",Healthcare,Biotechnology,2474223104,6941000,
SHOO,"Steven Madden, Ltd. Common Stock",Consumer Cyclical,Footwear & Accessories,2473168384,2534108928,
PTRN,Pattern Group Inc. Series A Common Stock,Technology,Software - Application,2469263104,2501315072,
UA,"Under Armour, Inc. Class C Common Stock",Consumer Cyclical,Apparel Manufacturing,2465903104,4975792128,
FIGS,"FIGS, Inc. Class A Common Stock",Consumer Cyclical,Apparel Manufacturing,2457390080,631097984,
SAM,"Boston Beer Company, Inc. (The) Common Stock",Consumer Defensive,Beverages - Brewers,2455687936,1964994048,
FRME,First Merchants Corporation Common Stock,Financial Services,Banks - Regional,2455201024,641697024,
HTO,H2O America Common Stock,Utilities,Utilities - Regulated Water,2453864704,800590016,
BHFAP,"Brighthouse Financial, Inc. Depositary Shares 6.6% Non-Cumulative Preferred Stock, Series A",Financial Services,Insurance - Life,2447163648,6947999744,
ANDE,"Andersons, Inc. (The) Common Stock",Consumer Defensive,Food Distribution,2444357120,11008927744,
VSH,"Vishay Intertechnology, Inc. Common Stock",Technology,Semiconductors,2444296192,3069048064,
IRON,"Disc Medicine, Inc. Common Stock",Healthcare,Biotechnology,2439954432,0,
LFST,"LifeStance Health Group, Inc. Common Stock",Healthcare,Medical Care Facilities,2438328832,1424285056,
XNDU,Xanadu Quantum Technologies Limited Class B Subordinate Voting Shares,Technology,Software - Infrastructure,2437118055,0,
SOC,Sable Offshore Corp. Common Stock,Energy,Oil & Gas Drilling,2432472320,0,
ORKA,"Oruka Therapeutics, Inc. Common Stock",Healthcare,Biotechnology,2430068992,0,
BEAM,Beam Therapeutics Inc. Common Stock,Healthcare,Biotechnology,2427234304,139743008,
CHEF,"The Chefs' Warehouse, Inc. Common Stock",Consumer Defensive,Food Distribution,2424229888,4149537024,
GRDN,"Guardian Pharmacy Services, Inc. Class A Common Stock",Healthcare,Medical Care Facilities,2423068160,1448685056,
TDC,Teradata Corporation Common Stock,Technology,Software - Infrastructure,2422814208,1663000064,
AMBP,Ardagh Metal Packaging S.A. Ordinary Shares,Consumer Cyclical,Packaging & Containers,2420683520,5496999936,
KYN,"Kayne Anderson Energy Infrastructure Fund, Inc.",Financial Services,Asset Management,2415119616,97348000,
SMA,"SmartStop Self Storage REIT, Inc. Common Stock",Real Estate,REIT - Industrial,2414814976,267830000,
WSBCO,"WesBanco, Inc. Depositary Shares each representing 1/40th interest in a share of 7.375% Fixed-Rate Reset Non-Cumulative Perpetual Preferred Stock, Series B",Financial Services,Banks - Regional,2407632128,903812992,
HIW,"Highwoods Properties, Inc. Common Stock",Real Estate,REIT - Office,2404410368,808481024,
HNI,HNI Corporation Common Stock,Consumer Cyclical,"Furnishings, Fixtures & Appliances",2403843328,2839000064,
RXO,"RXO, Inc. Common Stock",Industrials,Trucking,2400515840,5742000128,
WAFD,"WaFd, Inc. Common Stock",Financial Services,Banks - Regional,2400052992,734465024,
PRDO,Perdoceo Education Corporation Common Stock,Consumer Defensive,Education & Training Services,2393439232,846096000,
HOG,"Harley-Davidson, Inc. Common Stock",Consumer Cyclical,Recreational Vehicles,2388828416,4473175040,
BCRX,"BioCryst Pharmaceuticals, Inc. Common Stock",Healthcare,Drug Manufacturers - Specialty & Generic,2387622144,874836992,
GDV,Gabelli Dividend & Income Trust Common Shares of Beneficial Interest,Financial Services,Asset Management,2386261760,63250176,
PLAB,"Photronics, Inc. Common Stock",Technology,Semiconductor Equipment & Materials,2382831872,862222016,
ATRO,Astronics Corporation Common Stock,Industrials,Aerospace & Defense,2381672192,862128000,
CUBI,"Customers Bancorp, Inc Common Stock",Financial Services,Banks - Regional,2374667264,720353984,
SVM,Silvercorp Metals Inc. Common Shares,Basic Materials,Silver,2371856384,365888992,
IVT,InvenTrust Properties Corp. Common Stock,Real Estate,REIT - Retail,2366718720,299168992,
TBBK,The Bancorp Inc Common Stock,Financial Services,Banks - Regional,2359694080,526151008,
MNR,Mach Natural Resources LP Common Units representing Limited Partner Interests,Energy,Oil & Gas E&P,2357919488,1045340032,
TGB,"Taseko Mines, Ltd. Common Stock",Basic Materials,Copper,2351393536,672904000,
BRSL,"Brightstar Lottery PLC Trading under the Legal Name to begin at the market open on July 21, 2025. Ordinary Shares",Consumer Cyclical,Gambling,2350894336,2511000064,
MFICL,MidCap Financial Investment Corporation 8.00% Notes due 2028,,,2346586093,271686272,
ELVN,"Enliven Therapeutics, Inc. Common Stock",Healthcare,Biotechnology,2344176128,0,
OSW,OneSpaWorld Holdings Limited Common Shares,Consumer Cyclical,Leisure,2339807232,961001024,
FBNC,First Bancorp Common Stock,Financial Services,Banks - Regional,2337243648,378809984,
KYIV,Kyivstar Group Ltd. Common Shares,Communication Services,Telecom Services,2336339968,2576999936,
CXT,"Crane NXT, Co. Common Stock",Industrials,Specialty Industrial Machinery,2331634688,1656700032,
KOD,Kodiak Sciences Inc Common Stock,Healthcare,Biotechnology,2327165952,0,
XRAY,DENTSPLY SIRONA Inc. Common Stock,Healthcare,Medical Instruments & Supplies,2317092352,3680000000,
HUN,Huntsman Corporation Common Stock,Basic Materials,Chemicals,2316064512,5682999808,
MLCO,Melco Resorts & Entertainment Limited American Depositary Shares,Consumer Cyclical,Resorts & Casinos,2310578432,5163298816,
AMPX,"Amprius Technologies, Inc. Common Stock",Industrials,Electrical Equipment & Parts,2310140672,73011000,
DAVE,Dave Inc. Class A Common Stock,Technology,Software - Application,2308363264,554182016,
NAMSW,NewAmsterdam Pharma Company N.V. Warrant,,,2304107457,22503000,
SAH,"Sonic Automotive, Inc. Common Stock",Consumer Cyclical,Auto & Truck Dealerships,2302297344,15153600512,
NTCT,"NetScout Systems, Inc. Common Stock",Technology,Software - Infrastructure,2295885056,861433984,
CENT,Central Garden & Pet Company Common Stock,Consumer Defensive,Packaged Foods,2289573888,3090000896,
MCW,"Mister Car Wash, Inc. Common Stock",Consumer Cyclical,Auto & Truck Dealerships,2289499136,1051731008,
SRPT,"Sarepta Therapeutics, Inc. Common Stock (DE)",Healthcare,Biotechnology,2284577536,2198236928,
AAPG,Ascentage Pharma Group International American Depository Shares,Healthcare,Biotechnology,2284402688,574120000,
FRSH,Freshworks Inc. Class A Common Stock,Technology,Software - Application,2281605632,838809024,
CDLR,Cadeler A/S American Depositary Share (each representing four (4) Ordinary Shares),Industrials,Engineering & Construction,2280852992,620353984,
BELFA,Bel Fuse Inc. Class A Common Stock,Technology,Electronic Components,2280667648,675454976,
VRRM,Verra Mobility Corporation Class A Common Stock,Technology,Information Technology Services,2280175872,979078976,
CSGS,"CSG Systems International, Inc. Common Stock",Technology,Software - Infrastructure,2279929600,1223288960,
GEO,Geo Group Inc (The) REIT,Industrials,Security & Protection Services,2258619136,2631548928,
ABM,ABM Industries Incorporated Common Stock,Industrials,Specialty Business Services,2257209344,8874500096,
VNET,"VNET Group, Inc. American Depositary Shares",Technology,Information Technology Services,2257127168,9949260800,
AMBA,"Ambarella, Inc. Ordinary Shares",Technology,Semiconductor Equipment & Materials,2254032640,390702016,
UNIT,Uniti Group Inc. Common Stock,Real Estate,REIT - Specialty,2242506752,2234500096,
PAHC,Phibro Animal Health Corporation Class A Common Stock,Healthcare,Drug Manufacturers - Specialty & Generic,2241975296,1464324992,
GRND,Grindr Inc. Common Stock,Technology,Software - Application,2238435840,439897984,
SLDE,"Slide Insurance Holdings, Inc. Common Stock",Financial Services,Insurance - Property & Casualty,2237749248,1155901056,
VAC,Marriott Vacations Worldwide Corporation Common Stock,Consumer Cyclical,Resorts & Casinos,2234058752,3334000128,
MLYS,"Mineralys Therapeutics, Inc. Common Stock",Healthcare,Biotechnology,2232201984,0,
STUB,"StubHub Holdings, Inc. Class A Common Stock",Communication Services,Internet Content & Information,2225958400,1745187968,
NBTB,NBT Bancorp Inc. Common Stock,Financial Services,Banks - Regional,2222863872,664785024,
DNOW,DNOW Inc. Common Stock,Industrials,Industrial Distribution,2219382528,2820000000,
ADAMI,"Adamas Trust, Inc. 9.125% Senior Notes Due 2029",,,2219105921,0,
XXI,"Twenty One Capital, Inc. Class A Common Stock",Financial Services,Shell Companies,2217908224,0,
MANE,"Veradermics, Incorporated Common Stock",Healthcare,Biotechnology,2215117824,0,
DAWN,"Day One Biopharmaceuticals, Inc. Common Stock",Healthcare,Biotechnology,2214702592,158182000,
PMTU,PennyMac Mortgage Investment Trust 8.50% Senior Notes due 2028,,,2214581273,0,
ARCB,ArcBest Corporation Common Stock,Industrials,Trucking,2214183936,4010158080,
ADAMM,"Adamas Trust, Inc. 7.875% Series E Fixed-to-Floating Rate Cumulative Redeemable Preferred Stock",Real Estate,REIT - Mortgage,2213002381,315033984,
NWN,Northwest Natural Holding Company Common Stock,Utilities,Utilities - Regulated Gas,2212028160,1289362944,
MTX,Minerals Technologies Inc. Common Stock,Basic Materials,Specialty Chemicals,2208045056,2072600064,
HUBG,"Hub Group, Inc. Class A Common Stock",Industrials,Integrated Freight & Logistics,2206353664,3728869888,
BL,"BlackLine, Inc. Common Stock",Technology,Software - Application,2203778816,700427008,
HTH,Hilltop Holdings Inc.,Financial Services,Financial Conglomerates,2196788224,1274535936,
KN,Knowles Corporation Common Stock,Technology,Electronic Components,2196401920,593200000,
DXPE,"DXP Enterprises, Inc. Common Stock",Industrials,Industrial Distribution,2190867200,2016365056,
DXC,DXC Technology Company Common Stock ,Technology,Information Technology Services,2188863744,12682999808,
GEL,"Genesis Energy, L.P. Common Units",Energy,Oil & Gas Midstream,2183538944,1630414976,
BUSEP,"First Busey Corporation Depositary Shares, Each Representing a 1/40thInterest in a Share of 8.25% Fixed-Rate Series B Non-Cumulative Perpetual Preferred Stock, $0.001 par value",Financial Services,Banks - Regional,2180692185,666841024,
BUSE,First Busey Corporation Class A Common Stock,Financial Services,Banks - Regional,2178967552,666841024,
CLSK,"CleanSpark, Inc. Common Stock",Financial Services,Capital Markets,2176457216,785187968,
FLOC,Flowco Holdings Inc. Class A Common Stock,Energy,Oil & Gas Equipment & Services,2173221120,759718976,
NN,NextNav Inc. Common Stock,Technology,Software - Infrastructure,2172242688,4573000,
NESR,National Energy Services Reunited Corp Ordinary Shares,Energy,Oil & Gas Equipment & Services,2164111616,1324046976,
NTB,Bank of N.T. Butterfield & Son Limited (The) Voting Ordinary Shares,Financial Services,Banks - Diversified,2162237696,606792000,
SEZL,Sezzle Inc. Common Stock,Financial Services,Credit Services,2161550080,450279008,
WB,Weibo Corporation American Depositary Share,Communication Services,Internet Content & Information,2157465088,1757216000,
ACHC,"Acadia Healthcare Company, Inc. Common Stock",Healthcare,Medical Care Facilities,2156833280,3312769024,
ALRM,"Alarm.com Holdings, Inc. Common Stock",Technology,Software - Application,2154303232,1011187008,
KWR,Quaker Houghton Common Stock,Basic Materials,Specialty Chemicals,2153536512,1888633984,
FMC,FMC Corporation Common Stock,Basic Materials,Agricultural Inputs,2153275392,3467399936,
ADMA,ADMA Biologics Inc Common Stock,Healthcare,Biotechnology,2145814144,510172992,
HLIO,"Helios Technologies, Inc. Common Stock",Industrials,Specialty Industrial Machinery,2143744896,839000000,
VVX,"V2X, Inc. Common Stock",Industrials,Aerospace & Defense,2142004096,4480037888,
AGRO,Adecoagro S.A. Common Shares,Consumer Defensive,Farm Products,2141503360,1427734016,
ADPT,Adaptive Biotechnologies Corporation Common Stock,Healthcare,Biotechnology,2137264128,276976000,
BTDR,Bitdeer Technologies Group Class A Ordinary Shares,Technology,Software - Application,2129717504,620252992,
CECO,CECO Environmental Corp. Common Stock,Industrials,Pollution & Treatment Controls,2124969088,774380992,
ZLAB,Zai Lab Limited American Depositary Shares,Healthcare,Biotechnology,2124362112,460156000,
ADAML,"Adamas Trust, Inc. 6.875% Series F Fixed-to-Floating Rate Cumulative Redeemable Preferred Stock, $0.01 par value per share",Real Estate,REIT - Mortgage,2124337527,315033984,
INFQ,"Infleqtion, Inc. Common Stock",Technology,Software - Infrastructure,2123589760,0,
BWIN,"The Baldwin Insurance Group, Inc. Class A Common Stock",Financial Services,Insurance Brokers,2122060416,1504883968,
PK,Park Hotels & Resorts Inc. Common Stock ,Real Estate,REIT - Hotel & Motel,2120725376,2544999936,
GRAL,"GRAIL, Inc. Common Stock ",Healthcare,Diagnostics & Research,2119926784,147172000,
XMTR,"Xometry, Inc. Class A Common Stock",Industrials,Industrial Distribution,2116509440,686630976,
HURN,Huron Consulting Group Inc. Common Stock,Industrials,Consulting Services,2113364992,1662835968,
WTTR,"Select Water Solutions, Inc. Class A common stock",Energy,Oil & Gas Equipment & Services,2112388224,1407344000,
CLDX,"Celldex Therapeutics, Inc.",Healthcare,Biotechnology,2111484416,1545000,
INTA,"Intapp, Inc. Common Stock",Technology,Software - Application,2104691328,543340992,
VET,Vermilion Energy Inc. Common (Canada),Energy,Oil & Gas E&P,2102827904,1701627008,
CCU,"Compania Cervecerias Unidas, S.A. Common Stock",Consumer Defensive,Beverages - Brewers,2101331456,0,
CPRI,Capri Holdings Limited Ordinary Shares,Consumer Cyclical,Luxury Goods,2099632128,4326000128,
SPSC,"SPS Commerce, Inc. Common Stock",Technology,Software - Application,2099265280,751505024,
NYAX,Nayax Ltd. Ordinary Shares,Technology,Software - Infrastructure,2093175808,400432992,
HTFL,"Heartflow, Inc. Common Stock",Healthcare,Health Information Services,2086486144,176034000,
NSIT,"Insight Enterprises, Inc. Common Stock",Technology,Electronics & Computer Distribution,2077075712,8247179776,
TGLS,Tecnoglass Inc. Ordinary Shares,Basic Materials,Building Materials,2074668928,983609984,
DRVN,Driven Brands Holdings Inc. Common Stock,Consumer Cyclical,Auto & Truck Dealerships,2073767680,2439296000,
NTST,NetSTREIT Corp. Common Stock,Real Estate,REIT - Retail,2073428096,195006000,
BANR,Banner Corporation Common Stock,Financial Services,Banks - Regional,2069057920,647688000,
MAAS,Maase Inc. Class A Ordinary Shares,Financial Services,Asset Management,2064793088,0,
NKTR,Nektar Therapeutics  Common Stock,Healthcare,Biotechnology,2064098944,55232000,
ATHM,"Autohome Inc. American Depositary Shares, each representing four class A ordinary shares.",Communication Services,Internet Content & Information,2063663104,6452029952,
TYRA,"Tyra Biosciences, Inc. Common Stock",Healthcare,Biotechnology,2063110528,0,
WT,"WisdomTree, Inc. Common Stock",Financial Services,Asset Management,2061939328,493752992,
SNDX,"Syndax Pharmaceuticals, Inc. Common Stock",Healthcare,Biotechnology,2060365824,172352000,
RARE,Ultragenyx Pharmaceutical Inc. Common Stock,Healthcare,Biotechnology,2059745920,673000000,
EYE,"National Vision Holdings, Inc. Common Stock",Consumer Cyclical,Specialty Retail,2057422976,1987488000,
CENTA,Central Garden & Pet Company Class A Common Stock Nonvoting,Consumer Defensive,Packaged Foods,2055391744,3090000896,
AVPT,"AvePoint, Inc. Class A Common Stock",Technology,Software - Infrastructure,2053767424,419496992,
IMAX,Imax Corporation Common Stock,Communication Services,Entertainment,2052274432,410212000,
GNL,"Global Net Lease, Inc. Common Stock",Real Estate,REIT - Diversified,2052011008,495286016,
DAC,Danaos Corporation Common Stock,Industrials,Marine Shipping,2050439552,1042456000,
EVCM,EverCommerce Inc. Common Stock,Technology,Software - Infrastructure,2050169216,588907008,
FA,First Advantage Corporation Common Stock,Industrials,Specialty Business Services,2049992832,1574388992,
ARR,"ARMOUR Residential REIT, Inc.",Real Estate,REIT - Mortgage,2047761280,377436000,
VECO,Veeco Instruments Inc. Common Stock,Technology,Semiconductor Equipment & Materials,2044875136,664294016,
AERO,"Grupo Aeromexico, S.A.B. de C.V. American Depositary Shares (each representing ten (10) Common Shares)",Industrials,Airlines,2044106752,5360999936,
CMRE,Costamare Inc. Common Stock $0.0001 par value,Industrials,Marine Shipping,2037949952,877900032,
GLOB,Globant S.A. Common Shares,Technology,Information Technology Services,2031316480,2454876928,
RVT,"Royce Small-Cap Trust, Inc. Common Stock",Financial Services,Asset Management,2031239296,27252112,
NEXT,NextDecade Corporation Common Stock,Energy,Oil & Gas Equipment & Services,2029364224,0,
EXTR,"Extreme Networks, Inc. Common Stock",Technology,Communication Equipment,2024784640,1219677952,
NVTS,Navitas Semiconductor Corporation Common Stock,Technology,Semiconductors,2024052736,45916000,
NEOG,Neogen Corporation Common Stock,Healthcare,Medical Devices,2020816384,880318976,
SEM,Select Medical Holdings Corporation Common Stock,Healthcare,Medical Care Facilities,2020258304,5452830208,
TENB,"Tenable Holdings, Inc. Common Stock",Technology,Software - Infrastructure,2018708352,999404992,
GLPG,Galapagos NV American Depositary Shares,Healthcare,Biotechnology,2014778880,1112248064,
MESO,Mesoblast Limited American Depositary Shares,Healthcare,Biotechnology,2012872448,65384000,
PAX,Patria Investments Limited Class A Common Shares,Financial Services,Asset Management,2009303680,381700000,
HCI,"HCI Group, Inc. Common Stock",Financial Services,Insurance - Property & Casualty,2008686208,900945984,
ALG,"Alamo Group, Inc. Common Stock",Industrials,Farm & Heavy Construction Machinery,2007462656,1603714944,
PENN,"PENN Entertainment, Inc. Common Stock",Consumer Cyclical,Resorts & Casinos,2007200384,6960999936,
BHC,Bausch Health Companies Inc. Common Stock,Healthcare,Drug Manufacturers - Specialty & Generic,2004774528,10266000384,
EFSC,Enterprise Financial Services Corporation Common Stock,Financial Services,Banks - Regional,2002660480,673715008,
BHE,"Benchmark Electronics, Inc. Common Stock",Technology,Electronic Components,2000161152,2659108096,
ECO,Okeanis Eco Tankers Corp. Common Stock,Industrials,Marine Shipping,1999654144,391548832,
AGYS,"Agilysys, Inc. Common Stock (DE)",Technology,Software - Application,1999620736,310638016,
VRDN,"Viridian Therapeutics, Inc. Common Stock",Healthcare,Biotechnology,1999160448,70849000,
CIMN,Chimera Investment Corporation 9.000% Senior Notes due 2029,,,1998771875,0,
CASH,"Pathward Financial, Inc. Common Stock",Financial Services,Banks - Regional,1993309568,786022976,
SFB,Stifel Financial Corporation 5.20% Senior Notes due 2047,,,1992381417,0,
PLUS,ePlus inc. Common Stock,Technology,Software - Application,1989525376,2407459072,
ATKR,Atkore Inc. Common Stock,Industrials,Electrical Equipment & Parts,1988239872,2844328960,
BW,"Babcock & Wilcox Enterprises, Inc. Common Stock",Industrials,Specialty Industrial Machinery,1986910592,587676032,
UTI,Universal Technical Institute Inc Common Stock,Consumer Defensive,Education & Training Services,1986240128,855030976,
AGIO,"Agios Pharmaceuticals, Inc. Common Stock",Healthcare,Biotechnology,1982173312,54028000,
XPRO,Expro Group Holdings N.V. Common Stock,Energy,Oil & Gas Equipment & Services,1980658432,1607095040,
WLYB,"John Wiley & Sons, Inc. Common Stock",Communication Services,Publishing,1978758144,1671165952,
CXW,"CoreCivic, Inc. Common Stock",Industrials,Security & Protection Services,1977695872,2211182080,
MBIN,Merchants Bancorp Common Stock,Financial Services,Banks - Regional,1972232192,563692992,
AUPH,Aurinia Pharmaceuticals Inc Ordinary Shares,Healthcare,Biotechnology,1970629760,283055008,
ADAMN,"Adamas Trust, Inc. 8.00% Series D Fixed-to-Floating Rate Cumulative Redeemable Preferred Stock",Real Estate,REIT - Mortgage,1962388456,315033984,
SYBT,"Stock Yards Bancorp, Inc. Common Stock",Financial Services,Banks - Regional,1956310016,390560000,
WLY,"John Wiley & Sons, Inc. Common Stock",Communication Services,Publishing,1955406080,1671165952,
KALU,Kaiser Aluminum Corporation Common Stock,Basic Materials,Aluminum,1953520512,3372999936,
AHG,Akso Health Group ADS,Healthcare,Medical Distribution,1953285504,14842253,
NMM,Navios Maritime Partners LP Common Units Representing Limited Partner Interests,Industrials,Marine Shipping,1947922176,1344142976,
SKWD,"Skyward Specialty Insurance Group, Inc. Common Stock",Financial Services,Insurance - Property & Casualty,1945641088,1416541056,
AAMI,Acadian Asset Management Inc. Common Stock,Financial Services,Asset Management,1944022144,563699968,
UMBFO,"UMB Financial Corporation Depositary Shares Each Representing a 1/400th Interest in a Share of 7.750% Fixed-Rate Reset Non-Cumulative Perpetual Preferred Stock, Series B",Financial Services,Banks - Regional,1942244360,2497754880,
VRE,"Veris Residential, Inc. Common Stock",Real Estate,REIT - Residential,1931497472,293291008,
DRH,Diamondrock Hospitality Company Common Stock,Real Estate,REIT - Hotel & Motel,1929078016,1120491008,
STOK,"Stoke Therapeutics, Inc. Common Stock",Healthcare,Biotechnology,1925949824,184420000,
EPAC,Enerpac Tool Group Corp. Common Stock,Industrials,Specialty Industrial Machinery,1924751872,625190016,
FDP,"Fresh Del Monte Produce, Inc. Common Stock",Consumer Defensive,Farm Products,1923412352,4322299904,
ROG,Rogers Corporation Common Stock,Technology,Electronic Components,1914287232,810800000,
NOVTU,Novanta Inc. Tangible Equity Units,Technology,Scientific & Technical Instruments,1914077369,980600000,
BB,BlackBerry Limited Common Stock,Technology,Software - Infrastructure,1912077952,534800000,
DEI,"Douglas Emmett, Inc. Common Stock",Real Estate,REIT - Office,1911904000,1003982016,
BRBR,"BellRing Brands, Inc. Common Stock ",Consumer Defensive,Packaged Foods,1905464832,2320999936,
GTY,Getty Realty Corporation Common Stock,Real Estate,REIT - Retail,1902165632,221727008,
VERX,"Vertex, Inc. Class A Common Stock",Technology,Software - Application,1901887488,748444032,
BLX,"Banco Latinoamericano de Comercio Exterior, S.A.",Financial Services,Banks - Regional,1901719040,317451008,
GT,The Goodyear Tire & Rubber Company Common Stock,Consumer Cyclical,Auto Parts,1899609344,18279999488,
STRA,"Strategic Education, Inc. Common Stock",Consumer Defensive,Education & Training Services,1885713280,1268220032,
DFTX,"Definium Therapeutics, Inc. Common Shares",Healthcare,Biotechnology,1884294528,0,
WGS,GeneDx Holdings Corp. Class A Common Stock,Healthcare,Diagnostics & Research,1880922880,427539008,
STC,Stewart Information Services Corporation Common Stock,Financial Services,Insurance - Property & Casualty,1878358528,2926535936,
IE,Ivanhoe Electric Inc. Common Stock,Basic Materials,Copper,1860735616,3244000,
ZYME,Zymeworks Inc. Common Stock,Healthcare,Biotechnology,1860541952,105965000,
STEL,"Stellar Bancorp, Inc. Common Stock",Financial Services,Banks - Regional,1858770816,413252000,
NWBI,"Northwest Bancshares, Inc. Common Stock",Financial Services,Banks - Regional,1854509824,599086016,
HBNB,Hotel101 Global Holdings Corp. Class A Ordinary Shares,Real Estate,Real Estate Services,1854252928,16935176,
BLKB,"Blackbaud, Inc. Common Stock",Technology,Software - Application,1846877696,1128365056,
TSAT,Telesat Corporation Class A Common Shares and Class B Variable Voting Shares ,Technology,Communication Equipment,1846623488,417956000,
OCUL,"Ocular Therapeutix, Inc. Common Stock",Healthcare,Biotechnology,1843849344,51951000,
PDO,PIMCO Dynamic Income Opportunities Fund Common Shares of Beneficial Interest,Financial Services,Asset Management,1842338432,0,
PHVS,Pharvaris N.V. Ordinary Shares,Healthcare,Biotechnology,1835104640,0,
HWCPZ,Hancock Whitney Corporation 6.25% Subordinated Notes due 2060,,,1832402624,0,
GCMG,GCM Grosvenor Inc. Class A Common Stock,Financial Services,Asset Management,1831424000,554363008,
DCO,Ducommun Incorporated Common Stock,Industrials,Aerospace & Defense,1828407552,824729984,
CLBK,"Columbia Financial, Inc. Common Stock",Financial Services,Banks - Regional,1826526848,248880992,
GTM,ZoomInfo Technologies Inc Common Stock,Technology,Software - Application,1825662080,1249500032,
PTON,"Peloton Interactive, Inc. Class A Common Stock",Consumer Cyclical,Leisure,1825348224,2438299904,
RGTIW,"Rigetti Computing, Inc. Warrants",,,1823506558,7088000,
IOSP,Innospec Inc. Common Stock,Basic Materials,Specialty Chemicals,1817501952,1778000000,
DGII,Digi International Inc. Common Stock,Technology,Communication Equipment,1812857984,448816992,
SEMR,"SEMrush Holdings, Inc. Class A Common Stock",Technology,Software - Application,1808384256,443644000,
FUN,Six Flags Entertainment Corporation Common Stock New,Consumer Cyclical,Leisure,1808192640,3100289024,
EVTC,"Evertec, Inc. Common Stock",Technology,Software - Infrastructure,1805623936,931817984,
SION,"Sionna Therapeutics, Inc. Common Stock",Healthcare,Biotechnology,1803972736,0,
LTC,"LTC Properties, Inc. Common Stock",Real Estate,REIT - Healthcare Facilities,1802622720,257620000,
CMPR,Cimpress plc Ordinary Shares (Ireland),Industrials,Specialty Business Services,1801040256,3564430080,
SLNO,"Soleno Therapeutics, Inc. Common Stock",Healthcare,Biotechnology,1798211584,190404992,
KMPR,Kemper Corporation,Financial Services,Insurance - Property & Casualty,1796785664,4789700096,
FCF,First Commonwealth Financial Corporation Common Stock,Financial Services,Banks - Regional,1796784000,485532000,
MQ,"Marqeta, Inc. Class A Common Stock",Technology,Software - Infrastructure,1795604992,624883968,
BLBD,Blue Bird Corporation Common Stock,Industrials,Farm & Heavy Construction Machinery,1795529728,1499310976,
PVLA,"Palvella Therapeutics, Inc. Common Stock",Healthcare,Biotechnology,1784197632,0,
BVC,BitVentures Limited Ordinary Shares,Technology,Software - Application,1783303168,0,
APPN,Appian Corporation Class A Common Stock,Technology,Software - Infrastructure,1783169536,726937024,
OZKAP,Bank OZK 4.625% Series A Non-Cumulative Perpetual Preferred Stock,Financial Services,Banks - Regional,1783025440,1555342976,
PRKS,United Parks & Resorts Inc. Common Stock,Consumer Cyclical,Leisure,1781623040,1662558976,
RLAY,"Relay Therapeutics, Inc. Common Stock",Healthcare,Biotechnology,1778321792,15355000,
PBI,Pitney Bowes Inc. Common Stock,Industrials,Integrated Freight & Logistics,1778145664,1892628992,
MD,"Pediatrix Medical Group, Inc. Common Stock",Healthcare,Medical Care Facilities,1776912256,1913848960,
BORR,Borr Drilling Limited Common Shares,Energy,Oil & Gas Drilling,1775435264,1020800000,
LU,"Lufax Holding Ltd American Depositary Shares, each representing two (2) Ordinary Shares",Financial Services,Credit Services,1773621120,28363980800,
COTY,Coty Inc. Class A Common Stock,Consumer Defensive,Household & Personal Products,1768812672,5807300096,
LILAK,Liberty Latin America Ltd. Class C Common Stock,Communication Services,Telecom Services,1764863360,4442200064,
NBHC,National Bank Holdings Corporation Common Stock,Financial Services,Banks - Regional,1762733568,398268992,
WERN,"Werner Enterprises, Inc. Common Stock",Industrials,Trucking,1760759168,2974395904,
PUMP,ProPetro Holding Corp. Common Stock,Energy,Oil & Gas Equipment & Services,1756427392,1269158016,
TRINI,Trinity Capital Inc. 7.875% Notes Due 2029,,,1754338292,0,
AORT,"Artivion, Inc. Common Stock",Healthcare,Medical Devices,1753508224,441329984,
TRINZ,Trinity Capital Inc. 7.875% Notes due 2029,,,1751525726,0,
OFG,OFG Bancorp Common Stock,Financial Services,Banks - Regional,1750184960,623929984,
TNET,"TriNet Group, Inc. Common Stock",Industrials,Staffing & Employment Services,1749746048,4943000064,
GAB,"Gabelli Equity Trust, Inc. (The) Common Stock",Financial Services,Asset Management,1749114240,35774040,
CAPR,"Capricor Therapeutics, Inc. Common Stock",Healthcare,Biotechnology,1748323328,0,
ADUS,Addus HomeCare Corporation Common Stock,Healthcare,Medical Care Facilities,1745974656,1422530048,
TSLX,"Sixth Street Specialty Lending, Inc. Common Stock",Financial Services,Asset Management,1740680576,449055008,
INVA,"Innoviva, Inc. Common Stock",Healthcare,Biotechnology,1739018752,411328000,
ARCO,Arcos Dorados Holdings Inc. Class A Shares,Consumer Cyclical,Restaurants,1737970176,4678259200,
HMN,Horace Mann Educators Corporation Common Stock,Financial Services,Insurance - Property & Casualty,1736434432,1701400064,
NCNO,"nCino, Inc. Common Stock",Technology,Software - Application,1734904448,586484992,
WTFCN,"Wintrust Financial Corporation Depositary Shares, Each Representing a 1/1,000th Interest in a Share of 7.875% Fixed-Rate Reset Non-Cumulative Perpetual Preferred StocK",Financial Services,Banks - Regional,1733560450,2628171008,
RUM,Rumble Inc. Class A Common Stock,Communication Services,Internet Content & Information,1731141376,100622320,
CHA,Chagee Holdings Limited American Depositary Shares,Consumer Cyclical,Restaurants,1729355776,12907407360,
LILA,Liberty Latin America Ltd. Class A Common Stock,Communication Services,Telecom Services,1728845824,4442200064,
ANIP,"ANI Pharmaceuticals, Inc.",Healthcare,Drug Manufacturers - Specialty & Generic,1727033216,883366016,
UZD,"Array Digital Infrastructure, Inc. 6.250% Senior Notes due 2069",,,1726880000,0,
FLO,"Flowers Foods, Inc. Common Stock",Consumer Defensive,Packaged Foods,1724167680,5256479232,
PAYO,Payoneer Global Inc. Common Stock,Technology,Software - Infrastructure,1721606656,1052774016,
AXGN,"Axogen, Inc. Common Stock",Healthcare,Medical Devices,1719370240,225208000,
SPB,"Spectrum Brands Holdings, Inc. Common Stock",Consumer Defensive,Household & Personal Products,1715662464,2785799936,
CHCO,City Holding Company Common Stock,Financial Services,Banks - Regional,1715162496,315568000,
MGNI,"Magnite, Inc. Common Stock",Communication Services,Advertising Agencies,1715048704,713953024,
AFGB,"American Financial Group, Inc. 5.875% Subordinated Debentures due 2059",,,1714289983,0,
GIGGU,GigCapital7 Corp. Unit,Financial Services,Shell Companies,1714100300,0,
MCRI,"Monarch Casino & Resort, Inc. Common Stock",Consumer Cyclical,Resorts & Casinos,1709913088,545124992,
SHO,"Sunstone Hotel Investors, Inc. Sunstone Hotel Investors, Inc. Common Shares",Real Estate,REIT - Hotel & Motel,1707570688,960126016,
IMKTA,"Ingles Markets, Incorporated Class A Common Stock",Consumer Defensive,Grocery Stores,1707404416,5418895360,
QFIN,"Qfin Holdings, Inc. American Depositary Shares",Financial Services,Credit Services,1700320896,19205058560,
WMK,"Weis Markets, Inc. Common Stock",Consumer Defensive,Grocery Stores,1692282880,4957708800,
SRCE,1st Source Corporation Common Stock,Financial Services,Banks - Regional,1691125888,421216000,
FORTY,Formula Systems (1985) Ltd. American Depositary Shares,Technology,Information Technology Services,1690886528,2627123968,
TY,Tri Continental Corporation Common Stock,Financial Services,Asset Management,1690557184,68243000,
RAMP,"LiveRamp Holdings, Inc. Common Stock",Technology,Software - Infrastructure,1687967360,795571968,
PSNY,Polestar Automotive Holding UK PLC Class A ADS,Consumer Cyclical,Auto Manufacturers,1685572224,2547619072,
EOSE,"Eos Energy Enterprises, Inc. Class A Common Stock",Industrials,Electrical Equipment & Parts,1683593984,114203000,
GCT,GigaCloud Technology Inc Class A Ordinary Shares,Technology,Software - Infrastructure,1681635072,1289896960,
TPB,"Turning Point Brands, Inc. Common Stock",Consumer Defensive,Tobacco,1678581248,463062016,
USAS,"Americas Gold and Silver Corporation Common Shares, no par value",Basic Materials,Other Industrial Metals & Mining,1676636416,117934000,
BBAI,"BigBear.ai, Inc. Common Stock",Technology,Information Technology Services,1675719168,127672000,
INVX,"Innovex International, Inc. Common Stock",Energy,Oil & Gas Equipment & Services,1672268288,978251008,
SLVM,Sylvamo Corporation Common Stock,Basic Materials,Paper & Paper Products,1668830208,3351000064,
RNW,ReNew Energy Global plc Class A Ordinary Shares,Utilities,Utilities - Renewable,1668025088,129449000960,
CCS,"Century Communities, Inc. Common Stock",Real Estate,Real Estate - Development,1666918656,4117816064,
PWP,Perella Weinberg Partners Class A Common Stock,Financial Services,Capital Markets,1666619904,750902976,
RZC,"Reinsurance Group of America, Incorporated 7.125% Fixed-Rate Reset Subordinated Debentures due 2052",,,1665960226,0,
ESTA,Establishment Labs Holdings Inc. Common Shares,Healthcare,Medical Devices,1664837632,211076000,
CNXC,Concentrix Corporation Common Stock,Technology,Information Technology Services,1664089984,9953940480,
ALKT,"Alkami Technology, Inc. Common Stock",Technology,Software - Application,1663341440,443639008,
ATEN,"A10 Networks, Inc. Common Stock",Technology,Software - Infrastructure,1658281728,290556992,
FRMEP,First Merchants Corporation Depository Shares,Financial Services,Banks - Regional,1657720360,641697024,
THR,"Thermon Group Holdings, Inc. Common Stock",Industrials,Specialty Industrial Machinery,1656464128,522011008,
ASGN,ASGN Incorporated Common Stock,Technology,Information Technology Services,1652916992,3980400128,
FIHL,Fidelis Insurance Holdings Limited Common Shares,Financial Services,Insurance - Diversified,1652635648,2500499968,
LC,LendingClub Corporation Common Stock,Financial Services,Banks - Regional,1651116544,1334718976,
KOS,Kosmos Energy Ltd. Common Shares (DE),Energy,Oil & Gas E&P,1648956672,1289449984,
SID,Companhia Siderurgica Nacional S.A. Common Stock,Basic Materials,Steel,1648901120,44797947904,
ATEC,"Alphatec Holdings, Inc. Common Stock",Healthcare,Medical Devices,1646760064,764155008,
GBX,"Greenbrier Companies, Inc. (The) Common Stock",Industrials,Railroads,1642199936,3070400000,
HLMN,Hillman Solutions Corp. Common Stock,Industrials,Tools & Accessories,1641449728,1552224000,
VCEL,Vericel Corporation Common Stock,Healthcare,Biotechnology,1638469504,276259008,
AESI,Atlas Energy Solutions Inc. Common Stock,Energy,Oil & Gas Equipment & Services,1638257024,1095309952,
JBLU,JetBlue Airways Corporation Common Stock,Industrials,Airlines,1635928960,9061999616,
GRC,Gorman-Rupp Company (The) Common Stock,Industrials,Specialty Industrial Machinery,1634816896,682388992,
ABR,Arbor Realty Trust Common Stock,Real Estate,REIT - Mortgage,1633628672,545337024,
RDW,Redwire Corporation Common Stock,Industrials,Aerospace & Defense,1631794432,335380992,
AFGD,"American Financial Group, Inc. 5.625% Subordinated Debentures due 2060",,,1630991150,0,
CDZIP,"Cadiz, Inc. Depositary Shares",Utilities,Utilities - Regulated Water,1628957548,16313000,
CNL,Collective Mining Ltd. Common Shares,Basic Materials,Gold,1627763840,0,
RXRX,"Recursion Pharmaceuticals, Inc. Class A Common Stock",Healthcare,Biotechnology,1621581056,74681000,
CLVT,Clarivate Plc Ordinary Shares,Technology,Information Technology Services,1620967296,2455200000,
HRMY,"Harmony Biosciences Holdings, Inc. Common Stock",Healthcare,Biotechnology,1620115712,868452992,
RQI,Cohen & Steers Quality Income Realty Fund Inc Common Shares,Financial Services,Asset Management,1619898880,85556608,
SONO,"Sonos, Inc. Common Stock",Technology,Consumer Electronics,1619693568,1438081024,
AHCO,AdaptHealth Corp. Common Stock,Healthcare,Medical Devices,1617386240,3244857088,
RVLV,"Revolve Group, Inc. Class A Common Stock",Consumer Cyclical,Internet Retail,1615029248,1225682048,
ICHR,Ichor Holdings Ordinary Shares,Technology,Semiconductor Equipment & Materials,1614772352,947651968,
OI,"O-I Glass, Inc. Common Stock",Consumer Cyclical,Packaging & Containers,1614278400,6425999872,
AMSC,American Superconductor Corporation Common Stock,Industrials,Specialty Industrial Machinery,1611675776,279404000,
AGM,Federal Agricultural Mortgage Corporation Common Stock,Financial Services,Credit Services,1610633216,372340000,
BPOPM,"Popular, Inc. Popular Capital Trust II - 6.125% Cumulative Monthly Income Trust Preferred Securities",,,1609771511,0,
DHC,Diversified Healthcare Trust Common Shares of Beneficial Interest,Real Estate,REIT - Healthcare Facilities,1607683584,1537853056,
FLNG,FLEX LNG Ltd. Ordinary Shares,Energy,Oil & Gas Midstream,1607084416,347636992,
NRP,Natural Resource Partners LP Limited Partnership,Energy,Thermal Coal,1603299840,202340000,
NRIX,"Nurix Therapeutics, Inc. Common stock",Healthcare,Biotechnology,1602790144,83980000,
ADAMZ,"Adamas Trust, Inc. 7.000% Series G Cumulative Redeemable Preferred Stock, $0.01 par value per share",Real Estate,REIT - Mortgage,1602300579,315033984,
ADNT,Adient plc Ordinary Shares ,Consumer Cyclical,Auto Parts,1599651712,14684000256,
STBA,"S&T Bancorp, Inc. Common Stock",Financial Services,Banks - Regional,1598847232,394696992,
NVRI,Enviri Corporation Common Stock,Industrials,Waste Management,1598039168,2240357888,
ETV,Eaton Vance Corporation Eaton Vance Tax-Managed Buy-Write Opportunities Fund Common Shares of Beneficial Interest,Financial Services,Asset Management,1596034944,19937670,
ANAB,"AnaptysBio, Inc. Common Stock",Healthcare,Biotechnology,1594378240,234603008,
STGW,Stagwell Inc. Class A Common Stock,Communication Services,Advertising Agencies,1594216576,2908999936,
GENB,"Generate Biomedicines, Inc. Common Stock",,,1593127552,0,
ZD,"Ziff Davis, Inc. Common Stock",Communication Services,Advertising Agencies,1587643008,1451267968,
RCAT,"Red Cat Holdings, Inc. Common Stock",Industrials,Aerospace & Defense,1585706496,40729000,
DJTWW,Trump Media & Technology Group Corp. Warrants,,,1579110144,3682600,
KRP,Kimbell Royalty Partners Common Units Representing Limited Partner Interests,Energy,Oil & Gas E&P,1578749568,321739008,
GABC,"German American Bancorp, Inc. Common Stock",Financial Services,Banks - Regional,1570282496,342019008,
RES,"RPC, Inc. Common Stock",Energy,Oil & Gas Equipment & Services,1569206016,1626566016,
EZPW,"EZCORP, Inc. Class A Non Voting Common Stock",Financial Services,Credit Services,1565875456,1336129024,
ECPG,Encore Capital Group Inc Common Stock,Financial Services,Credit Services,1563933824,1768802048,
DMRA,"Damora Therapeutics, Inc. Common Stock",Healthcare,Biotechnology,1561853184,0,
GSHD,"Goosehead Insurance, Inc. Class A Common Stock",Financial Services,Insurance Brokers,1560877312,364633984,
TV,Grupo Televisa S.A.B. Common Stock,Communication Services,Telecom Services,1559841024,58878148608,
OGN,Organon & Co. Common Stock ,Healthcare,Drug Manufacturers - General,1559290624,6216000000,
TROX,Tronox Holdings plc Ordinary Shares (UK),Basic Materials,Chemicals,1558441984,2897999872,
TCBK,TriCo Bancshares Common Stock,Financial Services,Banks - Regional,1545603712,405782016,
SGRY,"Surgery Partners, Inc. Common Stock",Healthcare,Medical Care Facilities,1542684544,3308699904,
ESRT,"Empire State Realty Trust, Inc. Class A Common Stock",Real Estate,REIT - Diversified,1542224896,767806016,
OCS,Oculis Holding AG Ordinary shares,Healthcare,Biotechnology,1541806208,1199000,
KARO,Karooooo Ltd. Ordinary Shares,Technology,Software - Application,1539722112,5250264064,
DV,"DoubleVerify Holdings, Inc. Common Stock",Communication Services,Advertising Agencies,1538885632,748291008,
QUBT,Quantum Computing Inc. Common Stock,Technology,Computer Hardware,1538087040,682000,
AMLX,"Amylyx Pharmaceuticals, Inc. Common Stock",Healthcare,Drug Manufacturers - Specialty & Generic,1536463488,0,
NGL,NGL ENERGY PARTNERS LP Common Units representing Limited Partner Interests,Energy,Oil & Gas Midstream,1532248064,3525449984,
BOBS,"Bob's Discount Furniture, Inc. Common Stock",Consumer Cyclical,Specialty Retail,1531812864,2368038912,
TRVI,"Trevi Therapeutics, Inc. Common Stock",Healthcare,Biotechnology,1531779456,0,
WINA,Winmark Corporation Common Stock,Consumer Cyclical,Specialty Retail,1529526272,86055696,
LOB,"Live Oak Bancshares, Inc. Common Stock",Financial Services,Banks - Regional,1528482304,480777984,
IMCR,Immunocore Holdings plc American Depositary Shares,Healthcare,Biotechnology,1528456704,400016000,
SNDA,"Sonida Senior Living, Inc. Common Stock",Healthcare,Medical Care Facilities,1528264320,336388000,
BDJ,Blackrock Enhanced Equity Dividend Trust,Financial Services,Asset Management,1525263232,44222360,
ASAN,"Asana, Inc. Class A Common Stock",Technology,Software - Application,1523763584,790806016,
UZE,"Array Digital Infrastructure, Inc. 5.500% Senior Notes due 2070",,,1522200000,0,
HLF,Herbalife Ltd. Common Shares,Consumer Defensive,Packaged Foods,1522193280,5037499904,
YELP,Yelp Inc. Common Stock,Communication Services,Internet Content & Information,1521311872,1464955008,
ARLO,"Arlo Technologies, Inc. Common Stock",Industrials,Building Products & Equipment,1520552576,529296992,
MXL,"MaxLinear, Inc. Common Stock",Technology,Semiconductors,1519413504,467640992,
OMCL,"Omnicell, Inc. Common Stock ($0.001 par value)",Healthcare,Health Information Services,1516651008,1184845056,
ECCW,Eagle Point Credit Company Inc. 6.75% Notes due 2031,,,1516563100,0,
UZF,"Array Digital Infrastructure, Inc. 5.500% Senior Notes due 2070",,,1515320000,0,
WS,"Worthington Steel, Inc. Common Shares",Basic Materials,Steel,1514797696,3347500032,
NTLA,"Intellia Therapeutics, Inc. Common Stock",Healthcare,Biotechnology,1514471936,67671000,
OXSQG,Oxford Square Capital Corp. 5.50% Notes due 2028,,,1514249175,0,
BFC,Bank First Corporation Common Stock,Financial Services,Banks - Regional,1512898560,172628000,
WD,"Walker & Dunlop, Inc Common Stock",Financial Services,Mortgage Finance,1511600384,1160004992,
JJSF,J & J Snack Foods Corp. Common Stock,Consumer Defensive,Packaged Foods,1507073536,1564413056,
REX,REX American Resources Corporation,Basic Materials,Chemicals,1506433664,650486976,
KW,Kennedy-Wilson Holdings Inc. Common Stock,Real Estate,Real Estate Services,1498185984,542499968,
AIN,Albany International Corporation Common Stock,Consumer Cyclical,Textile Manufacturing,1496526080,1182813056,
NBTX,Nanobiotix S.A. American Depositary Shares,Healthcare,Biotechnology,1496343296,10159000,
RAPP,"Rapport Therapeutics, Inc. Common Stock",Healthcare,Biotechnology,1495441280,0,
LKFN,Lakeland Financial Corporation Common Stock,Financial Services,Banks - Regional,1495441280,257188000,
ALGT,Allegiant Travel Company Common Stock,Industrials,Airlines,1495374080,2606578944,
UFPT,"UFP Technologies, Inc. Common Stock",Healthcare,Medical Devices,1493294976,602796992,
CXM,"Sprinklr, Inc. Class A Common Stock",Technology,Software - Application,1493186048,857200000,
XHR,"Xenia Hotels & Resorts, Inc. Common Stock",Real Estate,REIT - Hotel & Motel,1492367744,1078499968,
NUVB,Nuvation Bio Inc. Class A Common Stock,Healthcare,Biotechnology,1491192320,62902000,
ECCC,Eagle Point Credit Company Inc. 6.50% Series C Term Preferred Stock due 2031,Financial Services,Asset Management,1491090906,203984848,
CTOS,"Custom Truck One Source, Inc. Common Stock",Industrials,Rental & Leasing Services,1488932352,1943956992,
INSP,"Inspire Medical Systems, Inc. Common Stock",Healthcare,Medical Devices,1485365248,911980992,
DCOM,"Dime Community Bancshares, Inc. Common Stock",Financial Services,Banks - Regional,1484897152,409900992,
GLIBK,"GCI Liberty, Inc. Series C GCI Group Common Stock",Communication Services,Telecom Services,1481279744,1046000000,
BCAT,BlackRock Capital Allocation Term Trust Common Shares of Beneficial Interest,Financial Services,Asset Management,1480474624,0,
CBZ,"CBIZ, Inc. Common Stock",Industrials,Specialty Business Services,1478717312,2757990912,
PRGO,Perrigo Company plc Ordinary Shares,Healthcare,Drug Manufacturers - Specialty & Generic,1478354048,4253100032,
APC,ARKO Petroleum Corp. Class A Common Stock,Energy,Oil & Gas Refining & Marketing,1477181312,5581263872,
EFC,Ellington Financial Inc. Common Stock ,Real Estate,REIT - Mortgage,1477090944,329387008,
ARI,"Apollo Commercial Real Estate Finance, Inc",Real Estate,REIT - Mortgage,1474165248,268360000,
CNXN,"PC Connection, Inc. Common Stock",Technology,Electronics & Computer Distribution,1474136704,2872745984,
MAZE,"Maze Therapeutics, Inc. Common Stock",Healthcare,Biotechnology,1472666240,0,
ARDX,"Ardelyx, Inc. Common Stock",Healthcare,Biotechnology,1469032064,407320000,
PLSE,"Pulse Biosciences, Inc Common Stock (DE)",Healthcare,Medical Instruments & Supplies,1467884288,350000,
CET,Central Securities Corporation Common Stock,Financial Services,Asset Management,1467416448,31888364,
GLIBA,"GCI Liberty, Inc. Series A GCI Group Common Stock",Communication Services,Telecom Services,1466948608,1046000000,
ECVT,Ecovyst Inc. Common Stock,Basic Materials,Specialty Chemicals,1466289664,723515008,
LPG,Dorian LPG Ltd. Common Stock,Energy,Oil & Gas Midstream,1461848448,396968416,
TRS,TriMas Corporation Common Stock,Consumer Cyclical,Packaging & Containers,1460805376,645720000,
BAK,Braskem SA ADR,Basic Materials,Chemicals,1458452224,70716997632,
NWL,Newell Brands Inc. Common Stock,Consumer Defensive,Household & Personal Products,1457502336,7203999744,
HLX,"Helix Energy Solutions Group, Inc. Common Stock",Energy,Oil & Gas Equipment & Services,1456758400,1291474048,
TIC,"TIC Solutions, Inc. Common Stock",Industrials,Specialty Business Services,1455559680,1530296064,
TILE,"Interface, Inc. Common Stock",Consumer Cyclical,"Furnishings, Fixtures & Appliances",1455094144,1386854016,
KSS,Kohl's Corporation Common Stock,Consumer Cyclical,Department Stores,1447566208,15527000064,
BY,"Byline Bancorp, Inc. Common Stock",Financial Services,Banks - Regional,1446513024,409976000,
IOVA,"Iovance Biotherapeutics, Inc. Common Stock",Healthcare,Biotechnology,1445985152,263502000,
CYD,China Yuchai International Limited Common Stock,Consumer Cyclical,Auto Manufacturers,1444455424,24661772288,
HTZ,"Hertz Global Holdings, Inc Common Stock",Industrials,Rental & Leasing Services,1439982720,8504000000,
QCRH,"QCR Holdings, Inc. Common Stock",Financial Services,Banks - Regional,1438862720,351463008,
SLSR,Solaris Resources Inc. Common Shares,Basic Materials,Other Precious Metals & Mining,1438692864,0,
PEB,Pebblebrook Hotel Trust Common Shares of Beneficial Interest,Real Estate,REIT - Hotel & Motel,1436894208,1475544064,
COHU,"Cohu, Inc. Common Stock",Technology,Semiconductor Equipment & Materials,1435720576,452956000,
BRAI,Braiin Limited Common Stock,Technology,Computer Hardware,1434374144,0,
SFL,SFL Corporation Ltd,Industrials,Marine Shipping,1433103872,719750016,
TUYA,"Tuya Inc. American Depositary Shares, each representing one Class A Ordinary Share",Technology,Software - Infrastructure,1432719872,321791008,
HOPE,"Hope Bancorp, Inc. Common Stock",Financial Services,Banks - Regional,1432035712,456352992,
UPWK,Upwork Inc. Common Stock,Communication Services,Internet Content & Information,1431977472,787784000,
VIR,"Vir Biotechnology, Inc. Common Stock",Healthcare,Biotechnology,1431910016,68556000,
AAT,"American Assets Trust, Inc. Common Stock",Real Estate,REIT - Diversified,1428109184,431867008,
DQ,"DAQO New Energy Corp. American Depositary Shares, each representing five ordinary shares",Technology,Semiconductor Equipment & Materials,1426296320,665414976,
GLP,Global Partners LP Common Units representing Limited Partner Interests,Energy,Oil & Gas Midstream,1424067840,18561421312,
ECCV,Eagle Point Credit Company Inc. 5.375% Notes due 2029,,,1421626250,0,
FLYW,Flywire Corporation Voting Common Stock,Technology,Software - Infrastructure,1421557632,623025024,
ATRC,"AtriCure, Inc. Common Stock",Healthcare,Medical Instruments & Supplies,1421076480,534528000,
TFIN,"Triumph Financial, Inc. Common Stock",Financial Services,Banks - Regional,1419548032,435852000,
ORIC,"Oric Pharmaceuticals, Inc. Common Stock",Healthcare,Biotechnology,1419133568,0,
MBX,"MBX Biosciences, Inc. Common Stock",Healthcare,Biotechnology,1418180864,0,
IIPR,"Innovative Industrial Properties, Inc. Common Stock",Real Estate,REIT - Industrial,1411294976,265955008,
PRCT,PROCEPT BioRobotics Corporation Common Stock,Healthcare,Medical Devices,1410318848,308054016,
EDN,Empresa Distribuidora Y Comercializadora Norte S.A. (Edenor) American Depositary Shares,Utilities,Utilities - Regulated Electric,1409606272,2990891073536,
NOMD,Nomad Foods Limited Ordinary Shares,Consumer Defensive,Packaged Foods,1409269120,3032499968,
NSSC,"NAPCO Security Technologies, Inc. Common Stock",Industrials,Security & Protection Services,1404817664,192024992,
GAM,"General American Investors, Inc. Common Stock",Financial Services,Asset Management,1404406912,24306604,
DCH,Dauch Corporation Common Stock,Consumer Cyclical,Auto Parts,1403908992,5836700160,
PSIX,"Power Solutions International, Inc. Common Stock",Industrials,Specialty Industrial Machinery,1403311360,722404992,
NEXA,Nexa Resources S.A. Common Shares,Basic Materials,Other Industrial Metals & Mining,1402524928,3002054912,
AVAH,Aveanna Healthcare Holdings Inc. Common Stock,Healthcare,Medical Care Facilities,1400764672,2433199104,
WLTH,Wealthfront Corporation Common Stock,Technology,Software - Application,1393466880,364992992,
PGNY,"Progyny, Inc. Common Stock",Healthcare,Healthcare Plans,1390699904,1288660992,
CTS,CTS Corporation Common Stock,Technology,Electronic Components,1387543680,541318016,
RBCAA,"Republic Bancorp, Inc. Class A Common Stock",Financial Services,Banks - Regional,1383439232,385897984,
VOYG,"Voyager Technologies, Inc. Class A Common Stock",Industrials,Aerospace & Defense,1382059520,166419008,
RHLD,Resolute Holdings Management Common Stock ,Industrials,Specialty Business Services,1379662720,462055008,
SGML,Sigma Lithium Corporation Common Shares,Basic Materials,Other Industrial Metals & Mining,1374478336,110012000,
ORC,"Orchid Island Capital, Inc. Common Stock",Real Estate,REIT - Mortgage,1374443264,179510000,
HIMX,"Himax Technologies, Inc. American Depositary Shares",Technology,Semiconductors,1372732032,832172992,
LAC,Lithium Americas Corp. Common Shares,Basic Materials,Other Industrial Metals & Mining,1372109952,0,
PGEN,"Precigen, Inc. Common Stock",Healthcare,Biotechnology,1369703936,9684000,
MAN,ManpowerGroup Common Stock,Industrials,Staffing & Employment Services,1369585024,17957099520,
VTOL,"Bristow Group, Inc. Common Stock",Energy,Oil & Gas Equipment & Services,1368765952,1490512000,
WVE,Wave Life Sciences Ltd. Ordinary Shares,Healthcare,Biotechnology,1364848512,42727000,
OLPX,"Olaplex Holdings, Inc. Common Stock",Consumer Cyclical,Specialty Retail,1363574528,422960000,
ASTH,Astrana Health Inc. Common Stock,Healthcare,Medical Care Facilities,1363400320,3181768960,
SMPL,The Simply Good Foods Company Common Stock,Consumer Defensive,Packaged Foods,1363238272,1449849984,
SBH,"Sally Beauty Holdings, Inc. (Name to be changed from Sally Holdings, Inc.) Common Stock",Consumer Cyclical,Specialty Retail,1360990976,3706696960,
DOLE,Dole plc Ordinary Shares,Consumer Defensive,Farm Products,1359902848,9172907008,
PRLB,"Proto Labs, Inc. Common stock",Industrials,Metal Fabrication,1355659648,533127008,
PICS,PicS N.V. Class A Common Shares,Technology,Software - Infrastructure,1354189824,10277824512,
ECAT,BlackRock ESG Capital Allocation Term Trust Common Shares of Beneficial Interest,Financial Services,Asset Management,1350779520,0,
AFGE,"American Financial Group, Inc. 4.500% Subordinated Debentures due 2060",,,1349441095,0,
AFYA,Afya Limited Class A Common Shares,Consumer Defensive,Education & Training Services,1348674944,3697254912,
AMRC,"Ameresco, Inc. Class A Common Stock",Industrials,Engineering & Construction,1348441856,1932125952,
CNOB,"ConnectOne Bancorp, Inc. Common Stock",Financial Services,Banks - Regional,1345818496,334708000,
LEG,"Leggett & Platt, Incorporated Common Stock",Consumer Cyclical,"Furnishings, Fixtures & Appliances",1342470656,4055099904,
KMPB,Kemper Corporation 5.875% Fixed-Rate Reset Junior Subordinated Debentures due 2062,,,1339945844,0,
UAN,"CVR Partners, LP Common Units representing Limited Partner Interests",Basic Materials,Agricultural Inputs,1338856064,606038016,
WWW,"Wolverine World Wide, Inc. Common Stock",Consumer Cyclical,Footwear & Accessories,1337929856,1874300032,
GSL,Global Ship Lease Inc New Class A Common Shares,Industrials,Marine Shipping,1337236224,752964992,
MLTX,MoonLake Immunotherapeutics Class A Ordinary Shares,Healthcare,Biotechnology,1337007488,0,
XZO,"Exzeo Group, Inc. Common Stock",Financial Services,Insurance - Diversified,1333701632,221282000,
SKYT,"SkyWater Technology, Inc. Common Stock",Technology,Semiconductors,1332830080,442139008,
LOMA,Loma Negra Compania Industrial Argentina Sociedad Anonima ADS,Basic Materials,Building Materials,1332344832,848086630400,
CSWC,Capital Southwest Corporation Common Stock,Financial Services,Asset Management,1330783872,226744992,
NVAX,"Novavax, Inc. Common Stock",Healthcare,Biotechnology,1326298752,1123479040,
PLPC,Preformed Line Products Company Common Stock,Industrials,Electrical Equipment & Parts,1325823744,669337984,
LZB,La-Z-Boy Incorporated Common Stock,Consumer Cyclical,"Furnishings, Fixtures & Appliances",1325741952,2127168000,
WEN,Wendy's Company (The) Common Stock,Consumer Cyclical,Restaurants,1323005824,2176890880,
IMTX,Immatics N.V. Ordinary Shares,Healthcare,Biotechnology,1319510272,48266000,
GLUE,"Monte Rosa Therapeutics, Inc. Common Stock",Healthcare,Biotechnology,1316257792,123672000,
UVV,Universal Corporation Common Stock,Consumer Defensive,Tobacco,1313468288,2911505920,
HROW,"Harrow, Inc. Common Stock",Healthcare,Drug Manufacturers - Specialty & Generic,1312719360,272303008,
JKS,JinkoSolar Holding Company Limited American Depositary Shares (each representing 4 Common Shares),Technology,Solar,1312488448,68641591296,
CDRE,"Cadre Holdings, Inc. Common Stock",Industrials,Aerospace & Defense,1310850944,610307968,
TNDM,"Tandem Diabetes Care, Inc. Common Stock",Healthcare,Medical Devices,1309808000,1014736000,
HCXY,"Hercules Capital, Inc. 6.25% Notes due 2033",,,1308381568,0,
SILA,"Sila Realty Trust, Inc. Common Stock",Real Estate,REIT - Healthcare Facilities,1308234624,197536000,
DMLP,"Dorchester Minerals, L.P. Common Units Representing Limited Partnership Interests",Energy,Oil & Gas E&P,1307722752,146998000,
HCSG,"Healthcare Services Group, Inc. Common Stock",Healthcare,Medical Care Facilities,1306949632,1837172992,
SPH,"Suburban Propane Partners, L.P. Common Stock",Utilities,Utilities - Regulated Gas,1306066816,1429575040,
PDFS,"PDF Solutions, Inc. Common Stock",Technology,Software - Application,1304824960,219024000,
CRI,"Carter's, Inc. Common Stock",Consumer Cyclical,Apparel Retail,1303375744,2898426112,
IQ,"iQIYI, Inc. American Depositary Shares",Communication Services,Entertainment,1302783360,27291299840,
ENOV,Enovis Corporation Common Stock,Healthcare,Medical Devices,1302326784,2248048896,
OLMA,"Olema Pharmaceuticals, Inc. Common Stock",Healthcare,Biotechnology,1299510272,0,
LINC,Lincoln Educational Services Corporation Common Stock,Consumer Defensive,Education & Training Services,1296836352,518240992,
IAUX,i-80 Gold Corp. Common Shares,Basic Materials,Gold,1293827456,95193000,
DFH,"Dream Finders Homes, Inc. Class A Common Stock",Consumer Cyclical,Residential Construction,1291145728,4322847744,
PDS,Precision Drilling Corporation Common Stock,Energy,Oil & Gas Drilling,1289065856,1843704064,
BCAX,Bicara Therapeutics Inc. Common Stock,Healthcare,Biotechnology,1288826752,0,
ATAI,AtaiBeckley Inc. Common Stock,Healthcare,Biotechnology,1285779584,4089000,
OBK,"Origin Bancorp, Inc. Common Stock",Financial Services,Banks - Regional,1284584704,341943008,
TSHA,"Taysha Gene Therapies, Inc. Common Stock",Healthcare,Biotechnology,1284096384,9773000,
WKC,World Kinect Corporation Common Stock,Energy,Oil & Gas Refining & Marketing,1281740928,36916600832,
OPRA,Opera Limited American Depositary Shares,Communication Services,Internet Content & Information,1281696128,614825024,
BHVN,Biohaven Ltd. Common Shares ,Healthcare,Biotechnology,1272558080,0,
SBET,"Sharplink, Inc. Common Stock",Financial Services,Capital Markets,1271692416,28055000,
PRA,ProAssurance Corporation Common Stock,Financial Services,Insurance - Property & Casualty,1270945280,1108909952,
WABC,Westamerica Bancorporation Common Stock,Financial Services,Banks - Regional,1269853312,258400000,
PSEC,Prospect Capital Corporation Common Stock,Financial Services,Asset Management,1269725696,671288000,
NBR,Nabors Industries Ltd.,Energy,Oil & Gas Drilling,1262774400,3184692992,
BST,BlackRock Science and Technology Trust Common Shares of Beneficial Interest,Financial Services,Asset Management,1262072704,0,
NVGS,Navigator Holdings Ltd. Ordinary Shares (Marshall Islands),Energy,Oil & Gas Midstream,1261291136,586961024,
DEC,Diversified Energy Company Common Stock,Energy,Oil & Gas Integrated,1261274112,1611454976,
LNN,Lindsay Corporation Common Stock,Industrials,Farm & Heavy Construction Machinery,1261187072,665905024,
INOD,Innodata Inc. Common Stock,Technology,Information Technology Services,1259104512,251663008,
DLX,Deluxe Corporation Common Stock,Industrials,Conglomerates,1258407680,2133200000,
KDK,"Kodiak AI, Inc. Common Stock ",Technology,Software - Infrastructure,1257579264,3797000,
UAMY,United States Antimony Corporation Common Stock,Basic Materials,Other Industrial Metals & Mining,1251636992,39257708,
DFIN,"Donnelley Financial Solutions, Inc. Common Stock ",Technology,Software - Application,1250958080,767000000,
IMOS,ChipMOS TECHNOLOGIES INC. American Depositary Shares,Technology,Semiconductors,1246940160,23932899328,
TRIP,"TripAdvisor, Inc. Common Stock",Consumer Cyclical,Travel Services,1246242816,1891000064,
LADR,Ladder Capital Corp Class A Common Stock,Real Estate,REIT - Mortgage,1243930112,215380000,
FOR,Forestar Group Inc Common Stock ,Real Estate,Real Estate - Development,1243802496,1684999936,
NAT,Nordic American Tankers Limited Common Stock,Energy,Oil & Gas Midstream,1240858880,183270000,
DSL,DoubleLine Income Solutions Fund Common Shares of Beneficial Interests,Financial Services,Asset Management,1240840960,0,
NVCR,NovoCure Limited Ordinary Shares,Healthcare,Medical Devices,1240358912,655353024,
ASTE,"Astec Industries, Inc. Common Stock",Industrials,Farm & Heavy Construction Machinery,1233996416,1410400000,
IDT,IDT Corporation Class B Common Stock,Communication Services,Telecom Services,1231242880,1261848064,
IRMD,iRadimed Corporation Common Stock,Healthcare,Medical Devices,1230449792,83814000,
LSPD,Lightspeed Commerce Inc. Subordinate Voting Shares,Technology,Software - Application,1230216448,1189670016,
UMH,"UMH Properties, Inc. Common Stock",Real Estate,REIT - Residential,1229878656,261315008,
CRVS,"Corvus Pharmaceuticals, Inc. Common Stock",Healthcare,Biotechnology,1228808960,0,
WBTN,WEBTOON Entertainment Inc. Common stock,Communication Services,Internet Content & Information,1226707072,1382705024,
ARDT,"Ardent Health, Inc. Common Stock",Healthcare,Medical Care Facilities,1225686656,6324339200,
NPKI,NPK International Inc. Common Stock,Energy,Oil & Gas Equipment & Services,1224809728,277043008,
TRIN,Trinity Capital Inc. Common Stock,Financial Services,Asset Management,1223502976,279515008,
AI,"C3.ai, Inc. Class A Common Stock",Technology,Software - Infrastructure,1223352064,307391008,
WAFDP,"WaFd, Inc. Depositary Shares",Financial Services,Banks - Regional,1222916944,734465024,
XPEL,"XPEL, Inc. Common Stock",Consumer Cyclical,Auto Parts,1221761152,476200000,
CNOBP,"ConnectOne Bancorp, Inc. Depositary Shares, each representing a 1/40th interest in a share of 5.25% Fixed-Rate Reset Non-Cumulative Perpetual Preferred Stock, Series A",Financial Services,Banks - Regional,1221643183,334708000,
VIA,"Via Transportation, Inc. Class A Common Stock",Technology,Software - Application,1217832192,434336992,
MUX,McEwen Inc. Common Stock,Basic Materials,Other Precious Metals & Mining,1214026240,197552992,
GIC,Global Industrial Company Common Stock,Industrials,Industrial Distribution,1213330304,1379100032,
DSGR,"Distribution Solutions Group, Inc. Common Stock",Industrials,Industrial Distribution,1213017088,1980023040,
ELE,Elemental Royalty Corporation Common Stock,Basic Materials,Other Precious Metals & Mining,1210002048,43643000,
ALX,"Alexander's, Inc. Common Stock",Real Estate,REIT - Retail,1206341888,213183008,
ICFI,"ICF International, Inc. Common Stock",Industrials,Consulting Services,1203682048,1872850944,
TWO,Two Harbors Investment Corp,Real Estate,REIT - Mortgage,1199593216,370012000,
TNC,Tennant Company Common Stock,Industrials,Specialty Industrial Machinery,1195692928,1203500032,
CBL,"CBL & Associates Properties, Inc. Common Stock",Real Estate,REIT - Retail,1190403328,578372992,
TEN,Tsakos Energy Navigation Ltd Common Shares,Energy,Oil & Gas Midstream,1188835200,798689024,
FIVN,"Five9, Inc. Common Stock",Technology,Software - Infrastructure,1186537472,1149088000,
FINV,FinVolution Group American Depositary Shares,Financial Services,Credit Services,1183303040,13569482752,
CCO,"Clear Channel Outdoor Holdings, Inc. Common Stock",Communication Services,Advertising Agencies,1181416576,1604140032,
PEBO,Peoples Bancorp Inc. Common Stock,Financial Services,Banks - Regional,1180601344,417145984,
ROCK,"Gibraltar Industries, Inc. Common Stock",Industrials,Building Products & Equipment,1178041472,1135501056,
IMPPP,Imperial Petroleum Inc. 8.75% Series A Cumulative Redeemable Perpetual Preferred Shares,Energy,Oil & Gas Midstream,1176200028,161004304,
DAO,"Youdao, Inc. American Depositary Shares, each representing one Class A Ordinary Share",Consumer Defensive,Education & Training Services,1175365760,5909019136,
BITF,Bitfarms Ltd. Common Stock,Financial Services,Capital Markets,1175318784,229276000,
CCEC,Capital Clean Energy Carriers Corp. Common Share,Industrials,Marine Shipping,1173812096,392705984,
GIII,"G-III Apparel Group, LTD. Common Stock",Consumer Cyclical,Apparel Manufacturing,1168643328,2957011968,
ASA,ASA  Gold and Precious Metals Limited,Financial Services,Asset Management,1165416832,3980293,
AMAL,Amalgamated Financial Corp. Common Stock (DE),Financial Services,Banks - Regional,1163624704,312400992,
KMTS,"Kestra Medical Technologies, Ltd. Common Stock",Healthcare,Medical Instruments & Supplies,1163380864,83721000,
AGBK,AGI Inc Class A Common Shares,Financial Services,Banks - Regional,1162691584,3885968896,
DBVT,DBV Technologies S.A. American Depositary Shares,Healthcare,Biotechnology,1162470784,5636000,
SVV,"Savers Value Village, Inc. Common Stock",Consumer Cyclical,Specialty Retail,1162332288,1678953984,
LUCK,Lucky Strike Entertainment Corporation Class A Common Stock,Consumer Cyclical,Leisure,1161776384,1240203008,
WLFC,Willis Lease Finance Corporation Common Stock,Industrials,Rental & Leasing Services,1160178048,715769984,
PHAR,"Pharming Group N.V. ADS, each representing 10 ordinary shares",Healthcare,Biotechnology,1159289216,376134016,
WBI,WaterBridge Infrastructure LLC Class A Shares Representing Limited Liability Company Interests,Energy,Oil & Gas Equipment & Services,1159065472,525552992,
CCB,Coastal Financial Corporation Common Stock,Financial Services,Banks - Regional,1157402112,349041984,
RYZ,Ryerson Holding Corporation Common Stock,Industrials,Metal Fabrication,1157331328,4571299840,
SCCD,Sachem Capital Corp. 6.00% Notes due 2026,,,1155151827,0,
OUST,"Ouster, Inc. Common Stock",Technology,Electronic Components,1153709440,169384000,
VZLA,Vizsla Silver Corp. Common Shares,Basic Materials,Other Industrial Metals & Mining,1153346176,0,
PRG,"PROG Holdings, Inc. Common Stock",Industrials,Rental & Leasing Services,1149274624,2409222912,
GPRE,Green Plains Inc. Common Stock,Basic Materials,Chemicals,1148849152,2091680000,
LFMDP,"LifeMD, Inc. 8.875% Series A Cumulative Perpetual Preferred Stock",Healthcare,Health Information Services,1146301421,194055200,
TTI,"Tetra Technologies, Inc. Common Stock",Industrials,Conglomerates,1143367680,630931968,
RDWR,Radware Ltd. Ordinary Shares,Technology,Software - Infrastructure,1143192320,301849984,
USPH,"U.S. Physical Therapy, Inc. Common Stock",Healthcare,Medical Care Facilities,1139700736,773342976,
GENI,Genius Sports Limited Ordinary Shares,Communication Services,Internet Content & Information,1139618176,669489024,
TMP,Tompkins Financial Corporation Common Stock,Financial Services,Banks - Regional,1137809408,435068000,
AEHR,Aehr Test Systems Common Stock,Technology,Semiconductor Equipment & Materials,1135661952,53249000,
GLDD,Great Lakes Dredge & Dock Corporation Common Stock,Industrials,Engineering & Construction,1135273600,888276992,
SCL,Stepan Company Common Stock,Basic Materials,Specialty Chemicals,1134065152,2332113920,
GILT,Gilat Satellite Networks Ltd. Ordinary Shares,Technology,Communication Equipment,1133573632,451656992,
RLJ,RLJ Lodging Trust Common Shares of Beneficial Interest $0.01 par value,Real Estate,REIT - Hotel & Motel,1132955136,1349760000,
WLDN,"Willdan Group, Inc. Common Stock",Industrials,Engineering & Construction,1132790144,681552000,
TBN,Tamboran Resources Corporation Common stock,Energy,Oil & Gas E&P,1131749248,0,
SCCE,Sachem Capital Corp. 6.00% Notes due 2027,,,1129586992,0,
LIND,Lindblad Expeditions Holdings Inc. Common Stock,Consumer Cyclical,Travel Services,1128859392,771019008,
DEA,"Easterly Government Properties, Inc. Common Stock",Real Estate,REIT - Office,1128162944,342880000,
GOLD,"Gold.com, Inc. Common Stock",Financial Services,Capital Markets,1127748608,15678838784,
NNNN,Anbio Biotechnology Class A Ordinary Shares,Healthcare,Medical Instruments & Supplies,1127564928,6920153,
ENR,"Energizer Holdings, Inc. Common Stock",Industrials,Electrical Equipment & Parts,1125929472,2999899904,
ENVX,Enovix Corporation Common Stock,Industrials,Electrical Equipment & Parts,1125222656,31821000,
PXED,"Phoenix Education Partners, Inc. Common Stock",Consumer Defensive,Education & Training Services,1125000960,1014526976,
SCCG,Sachem Capital Corp. 8.00% Notes due 2027,,,1124852763,0,
TIGR,UP Fintech Holding Ltd American Depositary Share representing fifteen Class A Ordinary Shares,Financial Services,Capital Markets,1124683392,538709120,
BFS,"Saul Centers, Inc. Common Stock",Real Estate,REIT - Retail,1124260224,289843008,
ACDC,ProFrac Holding Corp. Class A Common Stock,Energy,Oil & Gas Equipment & Services,1121708672,1941799936,
ZBIO,"Zenas BioPharma, Inc. Common Stock",Healthcare,Biotechnology,1121603840,10000000,
MBINM,"Merchants Bancorp Depositary Shares, Each Representing a 1/40th Interest in a Share of 8.25% Fixed-Rate Reset Series D Non-Cumulative Perpetual Preferred Stock",Financial Services,Banks - Regional,1119176283,563692992,
QDEL,QuidelOrtho Corporation Common Stock,Healthcare,Medical Devices,1118583424,2730200064,
SVRA,Savara Inc. Common Stock,Healthcare,Biotechnology,1117430016,0,
SCCF,Sachem Capital Corp. 7.125% Notes due 2027,,,1117277997,0,
CCLDO,"CareCloud, Inc. 8.75% Series B Cumulative Redeemable Perpetual Preferred Stock",Healthcare,Health Information Services,1113315264,120499000,
TRUP,"Trupanion, Inc. Common Stock",Financial Services,Insurance - Property & Casualty,1112246656,1439304960,
BV,"BrightView Holdings, Inc. Common Stock",Industrials,Specialty Business Services,1110617984,2688300032,
ARRY,"Array Technologies, Inc. Common Stock",Technology,Solar,1105098240,1284141056,
PFBC,Preferred Bank Common Stock,Financial Services,Banks - Regional,1104604288,281236000,
SHLS,"Shoals Technologies Group, Inc. Class A Common Stock",Technology,Solar,1103938560,475331008,
CTBI,"Community Trust Bancorp, Inc. Common Stock",Financial Services,Banks - Regional,1102114944,270159008,
SBR,Sabine Royalty Trust Common Stock,Energy,Oil & Gas Midstream,1098407808,77533696,
LUXE,"LuxExperience B.V. American Depositary Shares, each representing one Ordinary Share",Consumer Cyclical,Luxury Goods,1098092800,2058013056,
FMBH,"First Mid Bancshares, Inc. Common Stock",Financial Services,Banks - Regional,1097280128,339295008,
MBINL,"Merchants Bancorp Depositary Shares, Each Representing a 1/40thInterest in a Share of 7.25% Fixed Rate Series E Non-CumulativePerpetual Preferred Stock, without par value",Financial Services,Banks - Regional,1095276009,563692992,
CNMD,CONMED Corporation Common Stock,Healthcare,Medical Devices,1095026944,1374723968,
INNV,InnovAge Holding Corp. Common Stock,Healthcare,Medical Care Facilities,1088309888,915371008,
LAR,Lithium Argentina AG Common Shares,Basic Materials,Other Industrial Metals & Mining,1087048704,0,
EVLV,"Evolv Technologies Holdings, Inc. Class A Common Stock",Industrials,Security & Protection Services,1085072000,145904992,
SAFT,"Safety Insurance Group, Inc. Common Stock",Financial Services,Insurance - Property & Casualty,1081904128,1263731968,
REAL,"The RealReal, Inc. Common Stock",Consumer Cyclical,Luxury Goods,1080363904,692844992,
PRGS,Progress Software Corporation Common Stock (DE),Technology,Software - Infrastructure,1080215040,987614976,
SEPN,"Septerna, Inc. Common Stock",Healthcare,Biotechnology,1079100288,45951000,
EYPT,"EyePoint, Inc. Common Stock",Healthcare,Biotechnology,1075437952,31371000,
LXU,"LSB Industries, Inc. Common Stock",Basic Materials,Chemicals,1071972992,615208000,
MRTN,"Marten Transport, Ltd. Common Stock",Industrials,Trucking,1071265344,883651968,
HFWA,Heritage Financial Corporation Common Stock,Financial Services,Banks - Regional,1069408576,244168992,
ALVO,Alvotech Ordinary Shares,Healthcare,Drug Manufacturers - Specialty & Generic,1068792000,588904000,
ELVR,Elevra Lithium Limited American Depository Shares,Basic Materials,Other Industrial Metals & Mining,1067352960,155074368,
NNE,Nano Nuclear Energy Inc. Common Stock,Industrials,Specialty Industrial Machinery,1066663744,0,
PZZA,"Papa John's International, Inc. Common Stock",Consumer Cyclical,Restaurants,1066000256,2053808000,
GOODN,Gladstone Commercial Corporation 6.625% Series E Cumulative Redeemable Preferred Stock,Real Estate,REIT - Diversified,1065921986,161336000,
GOOS,Canada Goose Holdings Inc. Subordinate Voting Shares,Consumer Cyclical,Apparel Manufacturing,1065499072,1459500032,
JCAP,"Jefferson Capital, Inc. Common Stock",Financial Services,Credit Services,1063979008,607288000,
CRAI,"CRA International, Inc. Common Stock",Industrials,Consulting Services,1062933760,751582976,
OSBC,"Old Second Bancorp, Inc. Common Stock",Financial Services,Banks - Regional,1062246656,311343008,
MBC,"MasterBrand, Inc. Common Stock",Consumer Cyclical,"Furnishings, Fixtures & Appliances",1059835584,2734700032,
TK,Teekay Corporation Ltd. Common Stock,Energy,Oil & Gas Midstream,1059565824,949520000,
ABCL,AbCellera Biologics Inc. Common Shares,Healthcare,Biotechnology,1058030080,75128000,
PNTG,"The Pennant Group, Inc. Common Stock ",Healthcare,Medical Care Facilities,1056531904,947705024,
PLTK,Playtika Holding Corp. Common Stock,Communication Services,Electronic Gaming & Multimedia,1054549376,2755399936,
COLL,"Collegium Pharmaceutical, Inc. Common Stock",Healthcare,Drug Manufacturers - Specialty & Generic,1050078720,780566976,
UPBD,"Upbound Group, Inc. Common Stock",Technology,Software - Application,1049022720,4695060992,
MFIC,MidCap Financial Investment Corporation Common Stock,Financial Services,Asset Management,1048732736,320875008,
CIM,Chimera Investment Corporation Common Stock,Real Estate,REIT - Mortgage,1046701760,368876000,
HTFC,Horizon Technology Finance Corporation 6.25% Notes due 2027,,,1046411959,0,
LWLG,"Lightwave Logic, Inc. Common Stock",Basic Materials,Specialty Chemicals,1046282816,236855,
IGIC,International General Insurance Holdings Ltd. Ordinary Share,Financial Services,Insurance - Diversified,1045991552,516900000,
APEI,"American Public Education, Inc. Common Stock",Consumer Defensive,Education & Training Services,1045479424,648862016,
METC,"Ramaco Resources, Inc. Class A Common Stock",Basic Materials,Coking Coal,1043719424,536617984,
RERE,ATRenew Inc. American Depositary Shares (every three of which representing two Class A ordinary shares),Consumer Cyclical,Internet Retail,1041404224,21048256512,
MRVI,"Maravai LifeSciences Holdings, Inc. Class A Common Stock",Healthcare,Biotechnology,1040736256,185743008,
SENEA,Seneca Foods Corp. Class A Common Stock,Consumer Defensive,Packaged Foods,1039864064,1611666944,
VSTS,Vestis Corporation Common Stock,Industrials,Rental & Leasing Services,1037118656,2714447104,
TDAY,"USA TODAY Co., Inc. Common Stock",Communication Services,Publishing,1037116736,2302225920,
PRSU,"Pursuit Attractions and Hospitality, Inc. Common Stock",Consumer Cyclical,Travel Services,1036016000,452416992,
PTA,Cohen & Steers Tax-Advantaged Preferred Securities and Income Fund Common Shares of Beneficial Interest,Financial Services,Asset Management,1035824576,0,
OCFC,OceanFirst Financial Corp. Common Stock,Financial Services,Banks - Regional,1035532416,388752992,
BH,Biglari Holdings Inc. Class B Common Stock,Consumer Cyclical,Restaurants,1035374656,395260992,
MCB,Metropolitan Bank Holding Corp. Common Stock,Financial Services,Banks - Regional,1035254080,277513984,
FSCO,FS Credit Opportunities Corp. Common Stock,Financial Services,Asset Management,1031575168,0,
KALV,"KalVista Pharmaceuticals, Inc. Common Stock",Healthcare,Biotechnology,1031108672,73617000,
BFLY,"Butterfly Network, Inc. Class A Common Stock",Healthcare,Medical Devices,1028716736,97610000,
ASM,Avino Silver & Gold Mines Ltd. Common Shares (Canada),Basic Materials,Other Precious Metals & Mining,1025792832,92227000,
QURE,uniQure N.V. Ordinary Shares,Healthcare,Biotechnology,1022355840,16098000,
RZLV,Rezolve AI PLC Ordinary Shares,Technology,Software - Infrastructure,1020998592,46800100,
NSP,"Insperity, Inc. Common Stock",Industrials,Staffing & Employment Services,1020176640,6812000256,
AVBP,"ArriVent BioPharma, Inc. Common Stock",Healthcare,Biotechnology,1019731456,0,
CSR,D/B/A Centerspace Common Stock,Real Estate,REIT - Residential,1019009984,273662016,
FSUN,FirstSun Capital Bancorp Common Stock,Financial Services,Banks - Regional,1018084672,394670016,
MMI,"Marcus & Millichap, Inc. Common Stock",Real Estate,Real Estate Services,1016654528,755155968,
CTMX,"CytomX Therapeutics, Inc. Common Stock",Healthcare,Biotechnology,1016033344,76201000,
ADTN,"ADTRAN Holdings, Inc. Common Stock",Technology,Communication Equipment,1015183424,1083806976,
PMT,PennyMac Mortgage Investment Trust Common Shares of Beneficial Interest,Real Estate,REIT - Mortgage,1014613632,721169984,
GSBD,"Goldman Sachs BDC, Inc. Common Stock",Financial Services,Asset Management,1013324288,365568000,
DCOMG,"Dime Community Bancshares, Inc. 9.000% Fixed-to-Floating Rate Subordinated Notes due 2034",,,1011213209,320385984,
HLIT,Harmonic Inc. Common Stock,Technology,Communication Equipment,1007852992,360523008,
ALNT,Allient Inc. Common Stock,Technology,Electronic Components,1005599296,554478016,
LZ,"LegalZoom.com, Inc. Common Stock",Industrials,Specialty Business Services,1005122368,756043008,
VMET,Versamet Royalties Corporation Common Stock,Basic Materials,Other Precious Metals & Mining,1004687104,34761000,
AIZN,"Assurant, Inc. 5.25% Subordinated Notes due 2061",,,1004138299,0,
PBT,Permian Basin Royalty Trust Common Stock,Energy,Oil & Gas Midstream,1003021312,16128061,
CRML,Critical Metals Corp. Ordinary Shares,Basic Materials,Other Industrial Metals & Mining,1002254272,768573,
SSII,SS Innovations International Inc. Common Stock,Healthcare,Medical Devices,1000657664,42484748,
XERS,"Xeris Biopharma Holdings, Inc. Common Stock",Healthcare,Biotechnology,1000101568,291844992,
XIFR,"XPLR Infrastructure, LP Common Units representing limited partner interests",Utilities,Utilities - Renewable,997922560,1188000000,
EPC,Edgewell Personal Care Company Common Stock,Consumer Defensive,Household & Personal Products,996932352,2231200000,
OCSL,Oaktree Specialty Lending Corporation Common Stock,Financial Services,Asset Management,995366400,305249984,
SCHL,Scholastic Corporation Common Stock,Communication Services,Publishing,993752512,1614099968,
MLKN,"MillerKnoll, Inc. Common Stock",Consumer Cyclical,"Furnishings, Fixtures & Appliances",990723648,3799300096,
YALA,"Yalla Group Limited American Depositary Shares, each representing one Class A Ordinary Share",Technology,Software - Application,989751744,341938112,
BUR,Burford Capital Limited Ordinary Shares,Financial Services,Asset Management,989416448,382824000,
HQH,abrdn Healthcare Investors Shares of Beneficial Interest,Financial Services,Asset Management,987528704,7533359,
AKTS,"Aktis Oncology, Inc. Common stock",Healthcare,Biotechnology,986987328,6497000,
PDX,PIMCO Dynamic Income Strategy Fund Common Shares of Beneficial Interest,Financial Services,Asset Management,986235264,0,
COUR,"Coursera, Inc. Common Stock",Consumer Defensive,Education & Training Services,985405184,757500032,
HSLV,Highlander Silver Corp. Common Shares,Basic Materials,Silver,984306496,0,
INBX,"Inhibrx Biosciences, Inc. Common Stock",Healthcare,Biotechnology,982031104,1300000,
NPK,"National Presto Industries, Inc. Common Stock",Industrials,Aerospace & Defense,981946048,503524000,
MUC,"Blackrock MuniHoldings California Quality Fund, Inc.  Common Stock",Financial Services,Asset Management,979512704,82693320,
ABTC,American Bitcoin Corp. Class A Common Stock,Financial Services,Capital Markets,979051520,185164000,
MFA,"MFA Financial, Inc.",Real Estate,REIT - Mortgage,979034816,325403008,
CMP,Compass Minerals Intl Inc Common Stock,Basic Materials,Other Industrial Metals & Mining,977507392,1514400000,
GNK,Genco Shipping & Trading Limited Ordinary Shares New (Marshall Islands),Industrials,Marine Shipping,976816640,342054016,
TCBIO,"Texas Capital Bancshares, Inc. Depositary Shares 5.75% Fixed Rate Non-Cumulative Perpetual Preferred Stock Series B",Financial Services,Banks - Regional,976668682,1200779008,
UVSP,Univest Financial Corporation Common Stock,Financial Services,Banks - Regional,975577920,314288992,
ITRN,Ituran Location and Control Ltd. Ordinary Shares,Technology,Scientific & Technical Instruments,974984320,359023008,
AVO,"Mission Produce, Inc. Common Stock",Consumer Defensive,Food Distribution,974846016,1335600000,
AZTA,"Azenta, Inc.",Healthcare,Medical Instruments & Supplies,973280064,595027008,
HBT,"HBT Financial, Inc. Common Stock",Financial Services,Banks - Regional,972932992,233924000,
PCRX,"Pacira BioSciences, Inc. Common Stock",Healthcare,Drug Manufacturers - Specialty & Generic,972280832,726411008,
TDOC,"Teladoc Health, Inc. Common Stock",Healthcare,Health Information Services,972260544,2529977088,
PLOW,"Douglas Dynamics, Inc. Common Stock",Consumer Cyclical,Auto Parts,971639808,656052992,
ODV,Osisko Development Corp. Common Shares,Basic Materials,Gold,971233856,35478000,
SAFE,Safehold Inc. New Common Stock ,Real Estate,REIT - Diversified,970868480,404440992,
CRON,Cronos Group Inc. Common Share,Healthcare,Drug Manufacturers - Specialty & Generic,965393472,146587008,
EXPI,"eXp World Holdings, Inc. Common Stock",Real Estate,Real Estate Services,964689344,4772311040,
MSEX,Middlesex Water Company Common Stock,Utilities,Utilities - Regulated Water,964066560,194694000,
NEO,"NeoGenomics, Inc. Common Stock",Healthcare,Diagnostics & Research,963206592,727331968,
GAINN,Gladstone Investment Corporation 5.00% Notes Due 2026,,,963124596,0,
NBN,Northeast Bank Common Stock,Financial Services,Banks - Regional,962219840,213090000,
PGY,Pagaya Technologies Ltd. Class A Ordinary Shares,Technology,Software - Infrastructure,961432896,1301360000,
NBBK,"NB Bancorp, Inc. Common Stock",Financial Services,Banks - Regional,960892608,209004992,
UVE,UNIVERSAL INSURANCE HOLDINGS INC Common Stock,Financial Services,Insurance - Property & Casualty,958149824,1603915008,
ARHS,"Arhaus, Inc. Class A Common Stock",Consumer Cyclical,Specialty Retail,956809344,1379222016,
OPY,"Oppenheimer Holdings, Inc. Class A Common Stock (DE)",Financial Services,Capital Markets,954980096,1551510016,
OXLC,Oxford Lane Capital Corp. Common Stock,Financial Services,Asset Management,954528000,487993984,
GERN,Geron Corporation Common Stock,Healthcare,Biotechnology,954411520,183880992,
ETW,Eaton Vance Corporation Eaton Vance Tax-Managed Global Buy-Write Opportunites Fund Common Shares of Beneficial Interest,Financial Services,Asset Management,953488512,20059648,
DAKT,"Daktronics, Inc. Common Stock",Technology,Electronic Components,953019776,802646976,
CMPX,"Compass Therapeutics, Inc. Common Stock",Healthcare,Biotechnology,952665088,0,
BTGO,"BitGo Holdings, Inc. Class A Common Stock",Financial Services,Capital Markets,951371392,16152121344,
IPX,IperionX Limited American Depositary Share,Basic Materials,Other Industrial Metals & Mining,950556160,0,
ASIC,Ategrity Specialty Insurance Company Holdings Common Stock,Financial Services,Insurance - Property & Casualty,950278144,424339008,
RNP,"Cohen & Steers REIT and Preferred and Income Fund, Inc. Common Shares",Financial Services,Asset Management,948481600,70411200,
LQDT,"Liquidity Services, Inc. Common Stock",Consumer Cyclical,Internet Retail,948094272,475556992,
HEPS,D-Market Electronic Services & Trading American Depositary Shares,Consumer Cyclical,Internet Retail,948022272,0,
SIGIP,"Selective Insurance Group, Inc. Depositary Shares, each representing a 1/1,000th interest in a share of 4.60% Non-Cumulative Preferred Stock, Series B",Financial Services,Insurance - Property & Casualty,947086511,5336928256,
UFCS,"United Fire Group, Inc. Common Stock",Financial Services,Insurance - Property & Casualty,945847296,1386412032,
CCOI,"Cogent Communications Holdings, Inc.",Communication Services,Telecom Services,943928576,896566016,
SENEB,Seneca Foods Corp. Class B Common Stock,Consumer Defensive,Packaged Foods,942928704,1611666944,
BTZ,BlackRock Credit Allocation Income Trust,Financial Services,Asset Management,942577024,101459376,
ODC,Oil-Dri Corporation Of America Common Stock,Basic Materials,Specialty Chemicals,942503616,478936000,
GOODO,"Gladstone Commercial Corporation 6.00% Series G Cumulative Redeemable Preferred Stock, par value $0.001 per share",,,941516014,0,
EQBK,"Equity Bancshares, Inc. Class A Common Stock",Financial Services,Banks - Regional,939937088,201100000,
UTL,UNITIL Corporation Common Stock,Utilities,Utilities - Diversified,939592192,536000000,
KBDC,"Kayne Anderson BDC, Inc. Common Stock",Financial Services,Asset Management,938389760,0,
PCT,"PureCycle Technologies, Inc. Common stock",Industrials,Pollution & Treatment Controls,937964224,8355000,
CFFN,"Capitol Federal Financial, Inc. Common Stock",Financial Services,Banks - Regional,937155136,209735008,
BHRB,Burke & Herbert Financial Services Corp. Common Stock,Financial Services,Banks - Regional,936770432,338532992,
AMTB,Amerant Bancorp Inc. Class A Common Stock,Financial Services,Banks - Regional,933374464,396689984,
TE,T1 Energy Inc. Common Stock,Industrials,Electrical Equipment & Parts,932285888,755294976,
BKSY,BlackSky Technology Inc. Class A Common Stock,Industrials,Specialty Business Services,930789568,106575000,
TH,Target Hospitality Corp. Common Stock,Industrials,Specialty Business Services,929421696,320635008,
ESQ,"Esquire Financial Holdings, Inc. Common Stock",Financial Services,Banks - Regional,928456960,136886000,
CSIQ,Canadian Solar Inc. Common Shares (ON),Technology,Solar,927565632,5595106816,
JBSS,"John B. Sanfilippo & Son, Inc. Common Stock",Consumer Defensive,Packaged Foods,927114688,1143442944,
SBGI,"Sinclair, Inc. Class A Common Stock",Communication Services,Broadcasting,926750272,3168999936,
STAA,STAAR Surgical Company Common Stock,Healthcare,Medical Instruments & Supplies,925888448,239442000,
SIFY,Sify Technologies Limited American Depositary Shares,Communication Services,Telecom Services,925361600,42550579200,
PENG,"Penguin Solutions, Inc. Common Stock",Technology,Information Technology Services,925058816,1370763008,
SBSI,"Southside Bancshares, Inc. Common Stock",Financial Services,Banks - Regional,924728000,233987008,
EAI,"Entergy Arkansas, LLC First Mortgage Bonds, 4.875% Series Due September 1, 2066",,,924570368,0,
FCRX,"Crescent Capital BDC, Inc. 5.00% Notes due 2026",,,923573751,167284992,
CLOV,"Clover Health Investments, Corp. Class A Common Stock",Healthcare,Healthcare Plans,923414464,1923507968,
MPLT,"MapLight Therapeutics, Inc. Common Stock",Healthcare,Biotechnology,922433728,0,
SOUNW,"SoundHound AI, Inc. Warrant",,,921734945,168920000,
BLFS,"BioLife Solutions, Inc. Common Stock",Healthcare,Medical Instruments & Supplies,921563968,96214000,
BCX,BlackRock Resources Common Shares of Beneficial Interest,Financial Services,Asset Management,918668992,0,
MOMO,Hello Group Inc. American Depositary Shares,Communication Services,Internet Content & Information,918379328,10367095808,
CRTO,Criteo S.A. American Depositary Shares,Communication Services,Advertising Agencies,917153024,1944900992,
LGIH,"LGI Homes, Inc. Common Stock",Consumer Cyclical,Residential Construction,914450880,1705504000,
RWAYL,Runway Growth Finance Corp. 7.50% Notes due 2027,,,913564542,0,
AMPL,"Amplitude, Inc. Class A Common Stock",Technology,Software - Application,912016064,343214016,
LMB,"Limbach Holdings, Inc. Common Stock",Industrials,Building Products & Equipment,911576512,646803968,
CERT,"Certara, Inc. Common Stock",Healthcare,Health Information Services,907858112,418838016,
GAINZ,Gladstone Investment Corporation 4.875% Notes due 2028,,,907706713,0,
VRTS,"Virtus Investment Partners, Inc. Common Stock",Financial Services,Asset Management,907454464,852865024,
POET,POET Technologies Inc. Common Shares,Technology,Semiconductors,907104448,762695,
AMPH,"Amphastar Pharmaceuticals, Inc. Common Stock",Healthcare,Drug Manufacturers - Specialty & Generic,900203136,719886976,
CRESY,Cresud S.A.C.I.F. y A. American Depositary Shares,Industrials,Conglomerates,900023744,1018604027904,
JBGS,JBG SMITH Properties Common Shares ,Real Estate,REIT - Office,897088128,497377984,
TBLA,Taboola.com Ltd. Ordinary Shares,Communication Services,Internet Content & Information,893492416,1912039936,
CDNA,"CareDx, Inc. Common Stock",Healthcare,Diagnostics & Research,892870656,379804992,
EEX,"Emerald Holding, Inc. Common Stock",Communication Services,Advertising Agencies,892568640,463400000,
STRD,Strategy Inc 10.00% Series A Perpetual Stride Preferred Stock,Technology,Software - Application,892352448,477232992,
ACEL,"Accel Entertainment, Inc. ",Consumer Cyclical,Gambling,889964096,1330960000,
BHFAO,"Brighthouse Financial, Inc. Depositary Shares 6.75% Non-Cumulative Preferred Stock, Series B",Financial Services,Insurance - Life,889784580,6947999744,
BFST,"Business First Bancshares, Inc. Common Stock",Financial Services,Banks - Regional,887251520,312756992,
XNCR,"Xencor, Inc. Common Stock",Healthcare,Biotechnology,884464000,125576000,
BANFP,BancFirst Corporation - BFC Capital Trust II Cumulative Trust Preferred Securities,,,882906979,0,
MBINN,Merchants Bancorp Depositary Shares Preferred Series C,Financial Services,Banks - Regional,882471648,563692992,
KODK,Eastman Kodak Company Common New,Industrials,Specialty Business Services,882375040,1069000000,
FTRE,Fortrea Holdings Inc. Common Stock,Healthcare,Biotechnology,880769984,2723399936,
VYX,NCR Voyix Corporation Common Stock,Technology,Information Technology Services,879941888,2687000064,
NABL,"N-able, Inc. Common Stock",Technology,Information Technology Services,879717440,511430016,
ABUS,Arbutus Biopharma Corporation Common Stock,Healthcare,Biotechnology,879651264,14083000,
SNCY,"Sun Country Airlines Holdings, Inc. Common Stock",Industrials,Airlines,879249024,1126769024,
WGO,"Winnebago Industries, Inc. Common Stock",Consumer Cyclical,Recreational Vehicles,875956736,2912499968,
PHAT,"Phathom Pharmaceuticals, Inc. Common Stock",Healthcare,Biotechnology,875453632,175110000,
URGN,UroGen Pharma Ltd. Ordinary Shares,Healthcare,Biotechnology,875307392,109788000,
OPK,"OPKO Health, Inc. Common Stock",Healthcare,Diagnostics & Research,875179456,606878976,
GHM,Graham Corporation Common Stock,Industrials,Specialty Industrial Machinery,873863808,237560000,
MBWM,Mercantile Bank Corporation Common Stock,Financial Services,Banks - Regional,872284480,238452000,
GHRS,GH Research PLC Ordinary Shares,Healthcare,Biotechnology,872133312,0,
HPK,"HighPeak Energy, Inc. Common Stock",Energy,Oil & Gas E&P,871870912,863358976,
VOR,Vor Biopharma Inc. Common Stock,Healthcare,Biotechnology,871439488,0,
METCB,"Ramaco Resources, Inc. Class B Common Stock",Basic Materials,Coking Coal,870496064,536617984,
INMD,InMode Ltd. Ordinary Shares,Healthcare,Medical Devices,866747776,370495008,
NEGG,"Newegg Commerce, Inc. Common Shares",Consumer Cyclical,Internet Retail,866125312,1313127040,
SUPV,Grupo Supervielle S.A. American Depositary Shares each Representing five Class B shares,Financial Services,Banks - Regional,865383424,728985305088,
TALK,"Talkspace, Inc. Common Stock",Healthcare,Health Information Services,864618432,228871008,
EVEX,"Eve Holding, Inc. Common Stock",Industrials,Aerospace & Defense,863795328,0,
SGP,"SpyGlass Pharma, Inc. Common Stock",Healthcare,Biotechnology,863254272,0,
BBDC,"Barings BDC, Inc. Common Stock",Financial Services,Asset Management,861737664,279209984,
CII,"BlackRock Enhanced Large Cap Core Fund, Inc. Common Stock",Financial Services,Asset Management,861474304,8176081,
CGEM,"Cullinan Therapeutics, Inc. Common Stock",Healthcare,Biotechnology,860076288,0,
SLNHP,"Soluna Holdings, Inc 9.0% Series A Cumulative Perpetual Preferred Stock ",Financial Services,Capital Markets,858916527,29717000,
NNAVW,NextNav Inc. Warrant,,,858320559,4573000,
CCNE,CNB Financial Corporation Common Stock,Financial Services,Banks - Regional,858236032,273345984,
CPF,Central Pacific Financial Corp New,Financial Services,Banks - Regional,856749248,276984992,
HDL,SUPER HI INTERNATIONAL HOLDING LTD. American Depositary Shares,Consumer Cyclical,Restaurants,856660928,820865024,
CPAC,Cementos Pacasmayo S.A.A. American Depositary Shares (Each representing five Common Shares),Basic Materials,Building Materials,856213696,2116882944,
JMIA,"Jumia Technologies AG American Depositary Shares, each representing two Ordinary Shares",Consumer Cyclical,Internet Retail,854583040,188930000,
SHEN,Shenandoah Telecommunications Co Common Stock,Communication Services,Telecom Services,852751424,357854016,
HBNC,"Horizon Bancorp, Inc. Common Stock",Financial Services,Banks - Regional,848813952,-28862000,
THRM,Gentherm Inc Common Stock,Consumer Cyclical,Auto Parts,848025216,1498601984,
JANX,"Janux Therapeutics, Inc. Common Stock",Healthcare,Biotechnology,845560000,10000000,
KRUS,"Kura Sushi USA, Inc. Class A Common Stock",Consumer Cyclical,Restaurants,845260032,291761984,
KYIVW,Kyivstar Group Ltd. Warrant,,,842652228,2576999936,
WSR,Whitestone REIT Common Shares,Real Estate,REIT - Retail,840231744,160859008,
SDGR,"Schrodinger, Inc. Common Stock",Healthcare,Health Information Services,838653184,255868992,
RJET,Republic Airways Holdings Inc. Common Stock,Industrials,Airlines,837310976,1676499968,
LANDP,Gladstone Land Corporation 6.00% Series C Cumulative Redeemable Preferred Stock,Real Estate,REIT - Specialty,836171636,88313000,
TBPH,"Theravance Biopharma, Inc. Ordinary Shares",Healthcare,Biotechnology,835730112,107464000,
LANDO,Gladstone Land Corporation 6.00% Series B Cumulative Redeemable Preferred Stock,Real Estate,REIT - Specialty,834086420,88313000,
VLRS,"Controladora Vuela Compania de Aviacion, S.A.B. de C.V. American Depositary Shares, each representing ten (10) Ordinary Participation Certificates",Industrials,Airlines,832351808,3038000128,
AEVA,"Aeva Technologies, Inc. Common Stock",Technology,Software - Infrastructure,828391552,18079000,
EVMN,"Evommune, Inc. Common Stock",Healthcare,Biotechnology,828062336,13000000,
LMRI,"Lumexa Imaging Holdings, Inc. Common Stock",Healthcare,Medical Devices,826545408,1023081024,
GROY,Gold Royalty Corp. Common Shares,Basic Materials,Gold,826236032,15610000,
MCBS,"MetroCity Bankshares, Inc. Common Stock",Financial Services,Banks - Regional,826220160,155931008,
NX,Quanex Building Products Corporation Common Stock,Industrials,Building Products & Equipment,825513024,1846685952,
PDM,"Piedmont Realty Trust, Inc. Class A Common Stock",Real Estate,REIT - Office,821374848,564993984,
MPB,Mid Penn Bancorp Common Stock,Financial Services,Banks - Regional,813237376,224448000,
YB,Yuanbao Inc. American Depositary Shares,Technology,Software - Application,812854720,4373152768,
SLI,Standard Lithium Ltd. Common Shares,Basic Materials,Other Industrial Metals & Mining,812524672,0,
HRTG,"Heritage Insurance Holdings, Inc. Common Stock",Financial Services,Insurance - Property & Casualty,811425216,847329984,
ULCC,"Frontier Group Holdings, Inc. Common Stock",Industrials,Airlines,810522304,3724000000,
FSBC,Five Star Bancorp Common Stock,Financial Services,Banks - Regional,806308480,148740000,
HTLD,"Heartland Express, Inc. Common Stock",Industrials,Trucking,805531136,805708992,
BCSF,"Bain Capital Specialty Finance, Inc. Common Stock",Financial Services,Asset Management,804369472,273240000,
MATW,Matthews International Corporation Class A Common Stock,Industrials,Conglomerates,803675392,1380610048,
CAC,Camden National Corporation Common Stock,Financial Services,Banks - Regional,803106816,233488992,
EIG,Employers Holdings Inc Common Stock,Financial Services,Insurance - Specialty,801489280,858700032,
REPX,"Riley Exploration Permian, Inc. Common Stock",Energy,Oil & Gas E&P,800766720,391980000,
RPC,"Ridgepost Capital, Inc. Class A Common Stock",Financial Services,Asset Management,798709568,297345984,
PFLT,PennantPark Floating Rate Capital Ltd. Common Stock,Financial Services,Asset Management,797711872,264507008,
CGBD,"Carlyle Secured Lending, Inc. Common Stock",Financial Services,Asset Management,797558592,255567008,
SPRY,"ARS Pharmaceuticals, Inc. Common Stock",Healthcare,Biotechnology,797357312,84278000,
CTLP,"Cantaloupe, Inc. Common Stock",Technology,Software - Infrastructure,796915328,317555008,
DCOMP,"Dime Community Bancshares, Inc. Fixed-Rate Non-Cumulative Perpetual Preferred Stock, Series A",Financial Services,Banks - Regional,796891867,409900992,
SCSC,"ScanSource, Inc. Common Stock",Technology,Electronics & Computer Distribution,796512896,3023895040,
VFSWW,VinFast Auto Ltd. Warrant,,,795434310,0,
ATLC,Atlanticus Holdings Corporation Common Stock,Financial Services,Credit Services,794476096,557166976,
GFR,Greenfire Resources Ltd. Common Shares,Energy,Oil & Gas E&P,792702784,584395008,
CAPL,CrossAmerica Partners LP Common Units representing limited partner interests,Energy,Oil & Gas Refining & Marketing,792446976,3345565952,
MYE,"Myers Industries, Inc. Common Stock",Consumer Cyclical,Packaging & Containers,792299648,825742016,
CRCT,"Cricut, Inc. Class A Common Stock",Technology,Computer Hardware,792062016,708780032,
FCBC,"First Community Bankshares, Inc. (VA) Common Stock",Financial Services,Banks - Regional,791995200,167428000,
MEG,"Montrose Environmental Group, Inc. Common Stock",Industrials,Waste Management,791756480,830537984,
WOOF,"Petco Health and Wellness Company, Inc. Class A Common Stock",Consumer Cyclical,Specialty Retail,790508672,5961466880,
HAFC,Hanmi Financial Corporation Common Stock,Financial Services,Banks - Regional,789621952,255726000,
TRST,TrustCo Bank Corp NY Common Stock,Financial Services,Banks - Regional,789309568,186318000,
WOLF,"Wolfspeed, Inc. Common Stock New",Technology,Semiconductors,788886592,747699968,
MQY,"Blackrock MuniYield Quality Fund, Inc. Common Stock",Financial Services,Asset Management,788733056,67404400,
SCZM,Santacruz Silver Mining Ltd. Common Shares,Basic Materials,Other Industrial Metals & Mining,782836224,305267008,
NMFC,New Mountain Finance Corporation Common Stock,Financial Services,Asset Management,782259072,327084000,
SLRC,SLR Investment Corp. Common Stock,Financial Services,Asset Management,780676800,218544000,
LOT,Lotus Technology Inc. American Depositary Shares,Consumer Cyclical,Auto Manufacturers,780511104,627283968,
WLKP,Westlake Chemical Partners LP Common Units representing limited partner interests,Basic Materials,Chemicals,778581504,1166695040,
SATL,Satellogic Inc. Class A Common Stock,Industrials,Aerospace & Defense,778239040,17707000,
NAVI,Navient Corporation Common Stock,Financial Services,Credit Services,777833472,330000000,
PKST,Peakstone Realty Trust Common Shares,Real Estate,REIT - Office,776843904,105981000,
BIOA,"BioAge Labs, Inc. Common Stock",Healthcare,Drug Manufacturers - Specialty & Generic,776201856,8995000,
NAK,"Northern Dynasty Minerals, Ltd. Common Stock",Basic Materials,Other Industrial Metals & Mining,774408384,0,
CLB,Core Laboratories Inc. Common Stock,Energy,Oil & Gas Equipment & Services,773186816,526520000,
GRNT,"Granite Ridge Resources, Inc. Common Stock",Energy,Oil & Gas E&P,771699008,427905984,
ABX,"Abacus Global Management, Inc. Class A Common Stock",Financial Services,Insurance - Life,770292544,235237632,
BTX,BlackRock Technology and Private Equity Term Trust Common Shares of Beneficial Interest,Financial Services,Asset Management,770287936,0,
GSM,Ferroglobe PLC Ordinary Shares,Basic Materials,Other Industrial Metals & Mining,769865280,1335121024,
SMP,"Standard Motor Products, Inc. Common Stock",Consumer Cyclical,Auto Parts,769350016,1791158016,
YDDL,One and One Green Technologies. Inc Class A Ordinary Shares,Industrials,Waste Management,768888000,62922700,
HTBK,Heritage Commerce Corp Common Stock,Financial Services,Banks - Regional,768684160,195648000,
STKL,"SunOpta, Inc. Common Stock",Consumer Defensive,Beverages - Non-Alcoholic,768601024,817715008,
SANA,"Sana Biotechnology, Inc. Common Stock",Healthcare,Biotechnology,768576704,0,
ODD,ODDITY Tech Ltd. Class A Ordinary Shares,Consumer Defensive,Household & Personal Products,768532096,809843968,
HNRG,Hallador Energy Company Common Stock,Energy,Thermal Coal,765542528,469465984,
NEWP,New Pacific Metals Corp. Common Shares,Basic Materials,Silver,762323072,0,
PRCH,"Porch Group, Inc. Common Stock",Financial Services,Insurance - Property & Casualty,761093248,482414016,
KOP,Koppers Holdings Inc. Common Stock,Basic Materials,Specialty Chemicals,759650304,1879299968,
SLS,"SELLAS Life Sciences Group, Inc. Common Stock",Healthcare,Biotechnology,759634304,0,
KRO,Kronos Worldwide Inc Common Stock,Basic Materials,Specialty Chemicals,755899008,1859399936,
EGBN,"Eagle Bancorp, Inc. Common Stock",Financial Services,Banks - Regional,755332672,4471000,
MNKD,MannKind Corporation Common Stock,Healthcare,Biotechnology,754846144,348966016,
NRDS,"NerdWallet, Inc. Class A Common Stock",Communication Services,Internet Content & Information,754763328,836600000,
TLRY,"Tilray Brands, Inc. Common Stock ",Healthcare,Drug Manufacturers - Specialty & Generic,753799680,837323008,
AEBI,Aebi Schmidt Holding AG Common Stock ,Industrials,Farm & Heavy Construction Machinery,751894080,1526625024,
THFF,First Financial Corporation Common Stock,Financial Services,Banks - Regional,751567808,253640000,
OMER,Omeros Corporation Common Stock,Healthcare,Biotechnology,748708864,0,
NWPX,"NWPX Infrastructure, Inc. Common Stock",Basic Materials,Steel,748207424,526003008,
BBSI,"Barrett Business Services, Inc. Common Stock",Industrials,Staffing & Employment Services,747726528,1240297984,
AIP,"Arteris, Inc. Common Stock",Technology,Semiconductors,747481792,70579000,
NXP,Nuveen Select Tax Free Income Portfolio Common Stock,Financial Services,Asset Management,746294528,34414504,
CCBG,Capital City Bank Group Common Stock,Financial Services,Banks - Regional,745437184,248739008,
BJRI,"BJ's Restaurants, Inc. Common Stock",Consumer Cyclical,Restaurants,744021248,1399126016,
HTB,"HomeTrust Bancshares, Inc. Common Stock",Financial Services,Banks - Regional,743987968,206039008,
RYAM,Rayonier Advanced Materials Inc. Common Stock,Basic Materials,Chemicals,741751872,1466397056,
CCNEP,"CNB Financial Corporation Depositary Shares, each representing a 1/40th ownership interest in a share of 7.125% Series A Fixed-Rate Non-Cumulative Perpetual Preferred Stock",Financial Services,Banks - Regional,740904536,273345984,
OMDA,"Omada Health, Inc. Common Stock",Healthcare,Health Information Services,740692736,260210000,
ACVA,ACV Auctions Inc. Class A Common Stock,Consumer Cyclical,Auto & Truck Dealerships,738063488,759606016,
HUYA,"HUYA Inc. American depositary shares, each  representing one Class A ordinary share",Communication Services,Entertainment,737659840,6502400000,
AIO,Virtus Artificial Intelligence & Technology Opportunities Fund Common Shares of Beneficial Interest,Financial Services,Asset Management,737155968,0,
BOW,Bowhead Specialty Holdings Inc. Common Stock,Financial Services,Insurance - Property & Casualty,735332864,551588992,
IART,Integra LifeSciences Holdings Corporation Common Stock,Healthcare,Medical Devices,734168512,1635245056,
MITP,"TPG Mortgage Investment Trust, Inc. 9.500% Senior Notes due 2029",,,733487563,0,
SKYH,Sky Harbour Group Corporation Class A Common Stock,Real Estate,Real Estate - Development,733433152,27540000,
MITN,"TPG Mortgage Investment Trust, Inc. 9.500% Senior Notes due 2029",,,732900652,0,
RILYN,"BRC Group Holdings, Inc. 6.50% Senior Notes Due 2026",,,730709701,0,
RLMD,"Relmada Therapeutics, Inc. Common Stock",Healthcare,Biotechnology,730035968,0,
CSTL,"Castle Biosciences, Inc. Common Stock",Healthcare,Diagnostics & Research,729900864,344228992,
IBTA,"Ibotta, Inc. Class A Common Stock",Technology,Software - Application,729774848,342388992,
BLDP,"Ballard Power Systems, Inc. Common Shares",Industrials,Electrical Equipment & Parts,728210624,99370000,
BRSP,"BrightSpire Capital, Inc. Class A Common Stock",Real Estate,REIT - Mortgage,726504384,330587008,
CSV,"Carriage Services, Inc. Common Stock",Consumer Cyclical,Personal Services,724212416,417440000,
VTS,"Vitesse Energy, Inc. Common Stock",Energy,Oil & Gas E&P,722345344,250635008,
APOG,"Apogee Enterprises, Inc. Common Stock",Industrials,Building Products & Equipment,721476672,1399073024,
ANRO,"Alto Neuroscience, Inc. Common Stock",Healthcare,Biotechnology,718135168,0,
KURA,"Kura Oncology, Inc. Common Stock",Healthcare,Biotechnology,718120960,67482000,
BBOT,"BridgeBio Oncology Therapeutics, Inc. Common Stock  ",Healthcare,Biotechnology,716293760,0,
ATEX,Anterix Inc. Common Stock,Communication Services,Telecom Services,715408960,5932000,
EFSCP,"Enterprise Financial Services Corporation Depositary Shares Each Representing a 1/40th Interest in a Share of 5% Fixed Rate Non-Cumulative Perpetual Preferred Stock, Series A",Financial Services,Banks - Regional,715335113,673715008,
JBI,"Janus International Group, Inc. Common Stock",Industrials,Building Products & Equipment,715119616,884200000,
EHAB,"Enhabit, Inc. Common Stock",Healthcare,Medical Care Facilities,714690496,1060000000,
DRUG,Bright Minds Biosciences Inc. Common Stock,Healthcare,Biotechnology,714169152,0,
CMPS,COMPASS Pathways Plc American Depository Shares,Healthcare,Medical Care Facilities,712945856,0,
HTZWW,"Hertz Global Holdings, Inc Warrant",,,712182346,8504000000,
FPH,"Five Point Holdings, LLC Class A Common Shares",Real Estate,Real Estate - Development,711932416,110020000,
CUBB,"Customers Bancorp, Inc 5.375% Subordinated Notes Due 2034",,,711528525,0,
DSP,Viant Technology Inc. Class A Common Stock,Technology,Software - Application,711317312,344200992,
SMBC,"Southern Missouri Bancorp, Inc. Common Stock",Financial Services,Banks - Regional,710263424,182780992,
VEL,"Velocity Financial, Inc. Common Stock",Financial Services,Mortgage Finance,709766208,225614000,
AMN,AMN Healthcare Services Inc,Healthcare,Medical Care Facilities,708955520,2730428928,
SLDB,Solid Biosciences Inc. Common Stock,Healthcare,Biotechnology,708417408,0,
ORRF,"Orrstown Financial Services, Inc. Common Stock",Financial Services,Banks - Regional,707882368,252079008,
LBRX,LB Pharmaceuticals Inc Common Stock,Healthcare,Biotechnology,707121280,0,
GSBC,"Great Southern Bancorp, Inc. Common Stock",Financial Services,Banks - Regional,706378112,229240000,
MGTX,MeiraGTx Holdings plc Ordinary Shares,Healthcare,Biotechnology,705323456,81391000,
GEGGL,"Great Elm Group, Inc.  7.25% Notes due 2027",,,704621924,0,
GDEN,"Golden Entertainment, Inc. Common Stock",Consumer Cyclical,Resorts & Casinos,704584320,634910976,
ESPR,"Esperion Therapeutics, Inc. Common Stock",Healthcare,Drug Manufacturers - Specialty & Generic,703660736,403135008,
IVR,INVESCO MORTGAGE CAPITAL INC Common Stock,Real Estate,REIT - Mortgage,702527936,119840000,
LIFE,Ethos Technologies Inc. Class A Common Stock,Financial Services,Insurance Brokers,702254016,387608000,
RWT,"Redwood Trust, Inc. Common Stock",Real Estate,REIT - Mortgage,701190848,177370000,
OIS,"Oil States International, Inc. Common Stock",Energy,Oil & Gas Equipment & Services,700725760,668988032,
UTZ,Utz Brands Inc Class A Common Stock ,Consumer Defensive,Packaged Foods,700388608,1438800000,
EH,EHang Holdings Limited ADS,Industrials,Aerospace & Defense,698972928,509504000,
MYI,"Blackrock MuniYield Quality Fund III, Inc Common Stock",Financial Services,Asset Management,698570816,59789244,
TXO,"TXO Partners, L.P. Common Units Representing Limited Partner Interests",Energy,Oil & Gas E&P,694950720,401012000,
ASST,"Strive, Inc. Class A Common Stock",Financial Services,Asset Management,692971072,5734000,
IIIV,"i3 Verticals, Inc. Class A Common Stock",Technology,Software - Infrastructure,692963712,213608000,
JBIO,"Jade Biosciences, Inc. Common Stock",Healthcare,Biotechnology,692893824,0,
FBRT,"Franklin BSP Realty Trust, Inc. Common Stock",Real Estate,REIT - Mortgage,692840064,281920992,
VTEX,VTEX Class A Common Shares,Technology,Software - Application,692108288,240516992,
GO,Grocery Outlet Holding Corp. Common Stock,Consumer Defensive,Grocery Stores,691979264,4688758784,
ADSE,ADS-TEC ENERGY PLC Ordinary Shares,Industrials,Electrical Equipment & Parts,691409152,45364000,
RILYG,"BRC Group Holdings, Inc. 5.00% Senior Notes due 2026",,,691063516,0,
FOXF,Fox Factory Holding Corp. Common Stock,Consumer Cyclical,Auto Parts,690210432,1467320960,
CBLL,"CeriBell, Inc. Common Stock",Healthcare,Medical Devices,689963712,89063000,
BULLW,Webull Corporation Warrants,,,689002854,570996800,
ROOT,"Root, Inc. Class A Common Stock",Financial Services,Insurance - Property & Casualty,687048576,1517100032,
BHFAN,"Brighthouse Financial, Inc. Depositary shares, each representing a 1/1,000th interest in a share of 5.375% Non-Cumulative Preferred Stock, Series C",Financial Services,Insurance - Life,686209188,6947999744,
IBCP,Independent Bank Corporation Common Stock,Financial Services,Banks - Regional,685509440,219524000,
TRNS,"Transcat, Inc. Common Stock",Industrials,Specialty Business Services,685449152,319686016,
OFRM,"Once Upon a Farm, PBC Common Stock",Consumer Defensive,Packaged Foods,684760832,240680992,
QNST,"QuinStreet, Inc. Common Stock",Communication Services,Advertising Agencies,684497216,1105593984,
SPFI,"South Plains Financial, Inc. Common Stock",Financial Services,Banks - Regional,684286592,206692992,
PRAA,"PRA Group, Inc. Common Stock",Financial Services,Credit Services,682770240,1201837056,
FBYD,"Falcon's Beyond Global, Inc. Class A Common Stock",Industrials,Conglomerates,682581248,14896000,
MTUS,Metallus Inc. Common Shares,Basic Materials,Steel,681875072,1158300032,
CVLG,"Covenant Logistics Group, Inc. Class A Common Stock",Industrials,Trucking,681004608,1164472064,
ARVN,"Arvinas, Inc. Common Stock",Healthcare,Biotechnology,680777536,262600000,
NEWTP,"NewtekOne, Inc. Depositary Shares, Non-Cumulative Perpetual Preferred Stock, Series B",Financial Services,Banks - Regional,680423188,383328992,
KRNT,Kornit Digital Ltd. Ordinary Shares,Industrials,Specialty Industrial Machinery,679351360,208200000,
HIPO,Hippo Holdings Inc. Common Stock,Financial Services,Insurance - Property & Casualty,676803648,468600000,
DC,Dakota Gold Corp. Common Stock,Basic Materials,Gold,674261760,0,
NMAX,"Newsmax, Inc. Class B Common Stock",Communication Services,Broadcasting,674102720,189254928,
ETON,"Eton Pharmaceuticals, Inc. Common Stock",Healthcare,Drug Manufacturers - Specialty & Generic,673381248,79950000,
SSYS,"Stratasys, Ltd. Ordinary Shares (Israel)",Technology,Computer Hardware,673007488,551102016,
UDMY,"Udemy, Inc. Common Stock",Consumer Defensive,Education & Training Services,671847360,789843968,
GDRX,"GoodRx Holdings, Inc. Class A Common Stock",,,671446016,0,
GYRE,"Gyre Therapeutics, Inc. Common Stock",Healthcare,Biotechnology,671442112,116588000,
SMBK,"SmartFinancial, Inc. Common Stock",,,668149549,0,
DLY,DoubleLine Yield Opportunities Fund Common Shares of Beneficial Interest,,,667405244,0,
VINP,Vinci Compass Investments Ltd. Class A Common Shares,,,667231152,0,
INDI,"indie Semiconductor, Inc. Class A Common Stock",Technology,Semiconductors,667008704,217394000,
WRLD,World Acceptance Corporation Common Stock,,,666676140,0,
PSNL,"Personalis, Inc. Common Stock",,,666504770,0,
ADAM,"Adamas Trust, Inc. Common Stock",,,665891150,0,
AXG,Solowin Holdings Class A Ordinary Share,,,665117471,0,
FET,"Forum Energy Technologies, Inc. Common Stock",,,664539020,0,
DJCO,Daily Journal Corp. (S.C.) Common Stock,,,664530429,0,
NFGC,New Found Gold Corp Common Shares,,,664119550,0,
NOAH,Noah Holdings Limited American Depositary Shares,,,663603653,0,
GEVO,"Gevo, Inc. Common Stock",,,662900243,0,
ANNX,"Annexon, Inc. Common Stock",,,662765734,0,
NUTX,Nutex Health Inc. Common Stock,,,662271984,0,
SLDP,"Solid Power, Inc. Class A Common Stock",,,661734981,0,
FDUS,Fidus Investment Corporation Common Stock,,,661165021,0,
EGY,"VAALCO Energy, Inc.  Common Stock",,,660997324,0,
LXRX,"Lexicon Pharmaceuticals, Inc. Common Stock",,,660941753,0,
AOSL,Alpha and Omega Semiconductor Limited Common Shares,,,659499882,0,
NEWTI,"NewtekOne, Inc. 8.00% Fixed Rate Senior Notes due 2028",,,659362393,0,
SDHC,Smith Douglas Homes Corp. Class A Common Stock,,,659036160,0,
HOV,"Hovnanian Enterprises, Inc. Class A Common Stock",,,658605097,0,
TBLD,Thornburg Income Builder Opportunities Trust Common Stock,Financial Services,Asset Management,657229504,0,
OPFI,OppFi Inc. Class A Common Stock,,,656312601,0,
DSGN,"Design Therapeutics, Inc. Common Stock",,,656193049,0,
ASIX,AdvanSix Inc. Common Stock ,,,655699053,0,
DGICB,"Donegal Group, Inc. Class B Common Stock",,,654582433,0,
CINT,CI&T Inc Class A Common Shares,,,653471048,0,
GAU,Galiano Gold Inc.,,,652073997,0,
IIIN,"Insteel Industries, Inc. Common Stock",,,651912332,0,
AVNS,"Avanos Medical, Inc. Common Stock",,,651573648,0,
MNTN,"MNTN, Inc. Class A Common Stock",,,650079848,0,
NEWTG,"NewtekOne, Inc. 8.50% Fixed Rate Senior Notes due 2029",,,649491698,0,
NIE,Virtus Equity & Convertible Income Fund Common Shares of Beneficial Interest,,,647281422,0,
SB,"Safe Bulkers, Inc Common Stock ($0.001 par value)",,,647209470,0,
BRCB,"Black Rock Coffee Bar, Inc. Class A Common Stock",,,646721026,0,
RSVR,"Reservoir Media, Inc. Common Stock",,,642226144,0,
VMO,Invesco Municipal Opportunity Trust Common Stock,,,641360914,0,
TIPT,Tiptree Inc. Common Stock,,,640879804,0,
FWRG,"First Watch Restaurant Group, Inc. Common Stock",,,640727739,0,
RGR,"Sturm, Ruger & Company, Inc. Common Stock",,,639206987,0,
SERV,Serve Robotics Inc. Common Stock,,,638825094,0,
ISOU,IsoEnergy Ltd. Common Shares,,,638262000,0,
SWBI,"Smith & Wesson Brands, Inc. Common Stock",,,637595366,0,
OBE,Obsidian Energy Ltd. Common Shares,,,637396826,0,
WASH,"Washington Trust Bancorp, Inc. Common Stock",,,637076660,0,
MGRE,"Affiliated Managers Group, Inc. 6.750% Junior Subordinated Notes due 2064",,,636430211,0,
DGICA,"Donegal Group, Inc. Class A Common Stock",,,635710922,0,
NXRT,"NexPoint Residential Trust, Inc. Common Stock",,,635281300,0,
IMSR,Terrestrial Energy Inc. Common Stock  ,,,635223624,0,
UXIN,Uxin Limited ADS,,,632939558,0,
VITL,"Vital Farms, Inc. Common Stock",,,632535405,0,
REPL,"Replimune Group, Inc. Common Stock",,,631680535,0,
PURR,Hyperliquid Strategies Inc Common Stock,,,630994616,0,
FOF,"Cohen & Steers Closed-End Opportunity Fund, Inc. Common Stock",,,630448597,0,
BWMX,"Betterware de Mexico, S.A.P.I. de C.V. Ordinary Shares",,,629156966,0,
PRME,"Prime Medicine, Inc. Common Stock",,,628321583,0,
CBRL,"Cracker Barrel Old Country Store, Inc Common Stock",,,628287257,0,
NCDL,Nuveen Churchill Direct Lending Corp. Common Stock,,,628203467,0,
SWIM,"Latham Group, Inc. Common Stock",,,628072300,0,
AMSF,"AMERISAFE, Inc. Common Stock",,,626433384,0,
SHBI,Shore Bancshares Inc Common Stock,,,624250575,0,
TCBX,"Third Coast Bancshares, Inc. Common Stock",,,623657133,0,
MAMA,"Mama's Creations, Inc. Common Stock",,,623622128,0,
GDOT,"Green Dot Corporation Class A Common Stock, $0.001 par value",,,623468337,0,
VLGEA,"Village Super Market, Inc. Class A Common Stock",,,622975693,0,
TRON,Tron Inc. Common Stock,,,622847285,0,
FISI,"Financial Institutions, Inc. Common Stock",,,622600799,0,
ASC,Ardmore Shipping Corporation Common Stock,,,622239864,0,
DRTS,Alpha Tau Medical Ltd. Ordinary Shares,,,622228841,0,
HSHP,Himalaya Shipping Ltd. Common Shares,,,621775000,0,
BHFAM,"Brighthouse Financial, Inc. Depositary shares each representing a 1/1,000th Interest in a Share of 4.625% Non-Cumulative Preferred Stock, Series D",,,619875633,0,
MTA,Metalla Royalty & Streaming Ltd. Common Shares,,,619525512,0,
TMQ,Trilogy Metals Inc. Common Stock,,,619438844,0,
PGC,Peapack-Gladstone Financial Corporation Common Stock,,,618661706,0,
ARKO,ARKO Corp. Common Stock,,,616555767,0,
SG,"Sweetgreen, Inc. Class A Common Stock",,,616551141,0,
MUJ,"Blackrock MuniHoldings New Jersey Quality Fund, Inc. Common Stock",Financial Services,Asset Management,615351552,48743408,
BVS,Bioventus Inc. Class A Common Stock,Healthcare,Medical Devices,615070272,568086976,
NTGR,"NETGEAR, Inc. Common Stock",,,613991218,0,
FTK,"Flotek Industries, Inc. Common Stock",,,613847172,0,
HIFS,Hingham Institution for Savings Common Stock,,,613812816,0,
TRTX,"TPG RE Finance Trust, Inc. Common Stock",,,611945146,0,
NDMO,Nuveen Dynamic Municipal Opportunities Fund Common Shares of Beneficial Interest,,,611897258,0,
MITK,"Mitek Systems, Inc. Common Stock",,,611769902,0,
OPTU,"Optimum Communications, Inc. Class A common stock",,,611598259,0,
XFLT,XAI Octagon Floating Rate & Alternative Income Trust Common Shares of Beneficial Interest,,,609349380,0,
HSTM,"HealthStream, Inc. Common Stock",,,607970009,0,
TASK,"TaskUs, Inc. Class A Common Stock",,,607666001,0,
DDL,Dingdong (Cayman) Limited American Depositary Shares (each two representing three Ordinary Shares),,,607105150,0,
CDNL,Cardinal Infrastructure Group Inc. Class A Common Stock,Industrials,Engineering & Construction,606443264,456045376,
ALRS,Alerus Financial Corporation Common Stock,,,602261527,0,
CTO,"CTO Realty Growth, Inc. Common Stock",,,602026782,0,
SD,"SandRidge Energy, Inc. Common Stock",,,600618409,0,
THM,"International Tower Hill Mines, Ltd. Ordinary Shares (Canada)",,,600478188,0,
SSSSL,SuRo Capital Corp. 6.00% Notes due 2026,,,598874842,0,
HZO,"MarineMax, Inc.  (FL) Common Stock",,,596061823,0,
NGVC,"Natural Grocers by Vitamin Cottage, Inc. Common Stock",,,595405454,0,
NPB,"Northpointe Bancshares, Inc. Common Stock",,,595368442,0,
RRBI,"Red River Bancshares, Inc. Common Stock",,,594840702,0,
ALLO,"Allogene Therapeutics, Inc. Common Stock",,,594818125,0,
TYG,Tortoise Energy Infrastructure Corporation Common Stock,,,594605965,0,
TCMD,"Tactile Systems Technology, Inc. Common Stock",,,594468213,0,
TREE,"LendingTree, Inc. Common Stock",,,594136361,0,
OCGN,"Ocugen, Inc. Common Stock",,,593494106,0,
UMAC,"Unusual Machines, Inc. Common Stock",,,592528395,0,
URG,Ur Energy Inc Common Shares (Canada),,,592019046,0,
CRSR,"Corsair Gaming, Inc. Common Stock",,,591975970,0,
CODI,D/B/A Compass Diversified Holdings Shares of Beneficial Interest,,,591354693,0,
SSTK,"Shutterstock, Inc. Common Stock",,,590431601,0,
MAX,"MediaAlpha, Inc. Class A Common Stock",,,590158079,0,
GMTL,Guardian Metal Resources PLC ADS,,,589873840,0,
CGNT,Cognyte Software Ltd. Ordinary Shares,,,588675236,0,
MHD,"Blackrock MuniHoldings Fund, Inc. Common Stock",Financial Services,Asset Management,588157440,49572884,
WHFCL,"WhiteHorse Finance, Inc. 7.875% Notes due 2028",,,587771209,0,
GLRE,"Greenlight Capital Re, Ltd. Class A Ordinary Shares",,,587576496,0,
MDXG,"MiMedx Group, Inc Common Stock",,,586838015,0,
BETR,Better Home & Finance Holding Company Class A Common Stock,,,585945153,0,
WDH,Waterdrop Inc. American Depositary Shares (each representing the right to receive 10 Class A Ordinary Shares),,,585893266,0,
AIV,Apartment Investment and Management Company Common Stock,,,585552227,0,
DNUT,"Krispy Kreme, Inc. Common Stock",,,583758000,0,
FIP,FTAI Infrastructure Inc. Common Stock ,,,583727962,0,
SWMR,"Swarmer, Inc Common Stock",,,582852929,0,
RSKD,Riskified Ltd. Class A Ordinary Shares,,,580964055,0,
TECX,"Tectonic Therapeutic, Inc. Common Stock",,,580385510,0,
AMWD,American Woodmark Corporation Common Stock,,,580306969,0,
NMCO,Nuveen Municipal Credit Opportunities Fund Common Shares,,,579482195,0,
OPENW,"Opendoor Technologies Inc  Series K Warrants, each whole warrant exercisable to purchase one share of Common Stock at an exercise price of $9.00 per warrant",,,579403586,0,
LPTH,"LightPath Technologies, Inc. Class A Common Stock",,,578817288,0,
LYTS,LSI Industries Inc. Common Stock,,,578714467,0,
VPG,"Vishay Precision Group, Inc. Common Stock",,,577373499,0,
KE,"Kimball Electronics, Inc. Common Stock",,,573632834,0,
SMC,Summit Midstream Corporation Common Stock,,,573492105,0,
IPI,"Intrepid Potash, Inc Common Stock",,,573413669,0,
OXM,"Oxford Industries, Inc. Common Stock",,,573315854,0,
SABR,Sabre Corporation Common Stock,,,573001056,0,
BCAL,California BanCorp Common Stock,,,572832066,0,
IIM,Invesco Value Municipal Income Trust Common Stock,,,572352218,0,
IRWD,"Ironwood Pharmaceuticals, Inc. Class A Common Stock",,,572334689,0,
EIKN,"Eikon Therapeutics, Inc. Common Stock",,,571154285,0,
AMC,"AMC Entertainment Holdings, Inc. Class A Common Stock",,,571141305,0,
WRN,Western Copper and Gold Corporation Common Stock,,,570840571,0,
NRGV,"Energy Vault Holdings, Inc. Common Stock",,,570817655,0,
CASS,"Cass Information Systems, Inc Common Stock",,,567905542,0,
BZH,"Beazer Homes USA, Inc. Common Stock",,,567710947,0,
ETD,Ethan Allen Interiors Inc. Common Stock,,,566435506,0,
NFBK,"Northfield Bancorp, Inc. Common Stock (Delaware)",,,565484519,0,
GAIN,Gladstone Investment Corporation Business Development Company,,,565471931,0,
ZURA,Zura Bio Limited Class A Ordinary Shares,,,564540225,0,
CTKB,"Cytek Biosciences, Inc. Common Stock",,,561764094,0,
UHT,Universal Health Realty Income Trust Common Stock,,,561506802,0,
MSIF,"MSC Income Fund, Inc. Common Stock",,,560602490,0,
BAND,Bandwidth Inc. Class A Common Stock,,,559314950,0,
NB,NioCorp Developments Ltd. Common Stock,,,558932427,0,
SIBN,"SI-BONE, Inc. Common Stock",,,557807575,0,
KRT,Karat Packaging Inc. Common Stock,,,557387370,0,
ULH,"Universal Logistics Holdings, Inc. Common Stock",,,557040226,0,
MGR,"Affiliated Managers Group, Inc. 5.875% Junior Subordinated Notes due 2059",,,556876435,0,
MAKO,Mako Mining Corp Common Stock,,,555987548,0,
BWBBP,"Bridgewater Bancshares, Inc. Depositary Shares, Each Representing a 1/100th Interest in a Share of 5.875% Non-Cumulative Perpetual Preferred Stock, Series A",,,555934809,0,
EVER,"EverQuote, Inc. Class A Common Stock",,,555577712,0,
AROW,Arrow Financial Corporation Common Stock,,,554295856,0,
GOOD,Gladstone Commercial Corporation Real Estate Investment Trust,,,553291930,0,
ANNA,"AleAnna, Inc. Class A Common Stock",,,552563989,0,
MFI,mF International Limited Class A Ordinary Shares,,,551941049,0,
ITRG,Integra Resources Corp. Common Shares,,,551893551,0,
SXC,"SunCoke Energy, Inc. Common Stock",,,551172464,0,
PAR,PAR Technology Corporation Common Stock,,,549799542,0,
RFI,"Cohen & Steers Total Return Realty Fund, Inc. Common Stock",,,547404316,0,
ACIC,American Coastal Insurance Corporation Common Stock,,,547382306,0,
ZVRA,"Zevra Therapeutics, Inc. Common Stock",,,547191963,0,
PKE,Park Aerospace Corp. Common Stock,,,545568349,0,
CLNE,Clean Energy Fuels Corp. Common Stock,,,544188756,0,
BHB,"Bar Harbor Bankshares, Inc. Common Stock",,,543281275,0,
YDES,YD Bio Limited Ordinary Shares,,,543014464,0,
NXDR,"Nextdoor Holdings, Inc. Class A Common Stock",,,542815563,0,
VALN,Valneva SE American Depositary Shares,,,541923200,0,
EBF,"Ennis, Inc. Common Stock",,,541773190,0,
GOGO,Gogo Inc. Common Stock,,,541421230,0,
PROK,ProKidney Corp. Class A Ordinary Shares,,,540429792,0,
AMBQ,"Ambiq Micro, Inc. Common Stock",,,540284978,0,
NHPAP,"National Healthcare Properties, Inc. 7.375% Series A Cumulative Redeemable Perpetual Preferred Stock",,,539828636,0,
AVR,Anteris Technologies Global Corp. Common Stock,,,539637900,0,
MOV,Movado Group Inc. Common Stock,,,539144467,0,
EVGO,EVgo Inc. Class A Common Stock,,,538503677,0,
CRMD,CorMedix Inc. Common Stock,,,536752182,0,
VGM,Invesco Trust for Investment Grade Municipals Common Stock (DE),,,535269524,0,
UROY,Uranium Royalty Corp. Common Stock,,,534642901,0,
PFIS,Peoples Financial Services Corp. Common Stock,,,533249283,0,
KFRC,"Kforce, Inc. Common Stock",,,532976106,0,
BWAY,BrainsWay Ltd. American Depositary Shares,Healthcare,Medical Devices,532038944,52225000,
ERII,"Energy Recovery, Inc. Common Stock",,,531984667,0,
IVA,Inventiva S.A. American Depository Shares,,,530926270,0,
ALTI,"AlTi Global, Inc. Class A Common Stock",,,530885210,0,
REAX,"The Real Brokerage, Inc. Common Shares",,,530750000,0,
OWLS,OBOOK Holdings Inc. Class A Common Shares,,,529382249,0,
NHPBP,"National Healthcare Properties, Inc. 7.125% Series B Cumulative Redeemable Perpetual Preferred Stock",,,529034847,0,
CWCO,Consolidated Water Co. Ltd. Ordinary Shares,,,528734602,0,
BMM,Blue Moon Metals Inc. Common Shares,,,528714933,0,
MCS,Marcus Corporation (The) Common Stock,,,528430754,0,
PD,"PagerDuty, Inc. Common Stock",,,527722583,0,
TATT,TAT Technologies Ltd. Ordinary Shares,,,527504856,0,
FWRD,Forward Air Corporation Common Stock,,,527271434,0,
VKQ,Invesco Municipal Trust Common Stock,,,526794103,0,
CNNE,"Cannae Holdings, Inc. Common Stock",,,526712055,0,
EMBC,Embecta Corp. Common Stock,,,523503509,0,
RMT,"Royce Micro-Cap Trust, Inc. Common Stock",,,523303600,0,
PRTA,Prothena Corporation plc Ordinary Shares,,,523256585,0,
MSBIP,"Midland States Bancorp, Inc. Depositary Shares Each Representing a 1/40th Interest in a Share of 7.750% Fixed-Rate Reset Non-Cumulative Perpetual Preferred Stock, Series A",,,522701118,0,
KYTX,"Kyverna Therapeutics, Inc. Common Stock",,,521596277,0,
FFIC,Flushing Financial Corporation Common Stock,,,520452495,0,
GEMI,"Gemini Space Station, Inc. Class A Common Stock",,,520029434,0,
UNTY,"Unity Bancorp, Inc. Common Stock",,,519151411,0,
RILYT,"BRC Group Holdings, Inc. 6.00% Senior Notes Due 2028",,,518755093,0,
CEVA,"CEVA, Inc. Common Stock",,,518447260,0,
MLR,"Miller Industries, Inc. Common Stock",,,517982302,0,
CABO,"Cable One, Inc. Common Stock",,,517359720,0,
ANGX,"Angel Studios, Inc. Class A Common Stock",,,517000220,0,
CARE,"Carter Bankshares, Inc. Common Stock",,,516875044,0,
AGCC,Agencia Comercial Spirits Ltd Class A Ordinary Shares,,,514097980,0,
BME,Blackrock Health Sciences Trust,,,513454523,0,
MSC,"Studio City International Holdings Limited American depositary shares, each representing four  Class A ordinary shares",,,512040159,0,
AGMB,AgomAb Therapeutics NV American Depositary Shares,,,511248812,0,
FULC,"Fulcrum Therapeutics, Inc. Common Stock",,,510823603,0,
PSTL,"Postal Realty Trust, Inc. Class A Common Stock",,,509789951,0,
IQI,Invesco Quality Municipal Income Trust Common Stock,,,508742127,0,
IDR,"Idaho Strategic Resources, Inc. Common Stock",,,507698388,0,
TRC,Tejon Ranch Co Common Stock,,,507364911,0,
WTI,"W&T Offshore, Inc. Common Stock",,,507331950,0,
AQST,"Aquestive Therapeutics, Inc. Common Stock",,,506486953,0,
NRIM,Northrim BanCorp Inc Common Stock,,,506287954,0,
CBIO,"Crescent Biopharma, Inc. Common Stock",,,506217810,0,
PHR,"Phreesia, Inc. Common Stock",,,505205085,0,
LAES,SEALSQ Corp Ordinary Shares,,,503590538,0,
DCBO,Docebo Inc. Common Shares,,,502515273,0,
VCV,Invesco California Value Municipal Income Trust Common Stock,,,499977081,0,
RIGL,"Rigel Pharmaceuticals, Inc. Common Stock",,,499513435,0,
MVST,"Microvast Holdings, Inc. Common Stock",,,498049419,0,
FTHY,First Trust High Yield Opportunities 2027 Term Fund Common Stock,,,497538541,0,
FMNB,Farmers National Banc Corp. Common Stock,,,496642068,0,
FLGT,"Fulgent Genetics, Inc. Common Stock",,,496567049,0,
RMR,The RMR Group Inc. Class A Common Stock,,,495939998,0,
ACNB,ACNB Corporation Common Stock,,,495622141,0,
QNC,Quantum eMotion Corp. Common Shares,,,493583554,0,
RILYZ,"BRC Group Holdings, Inc. 5.25% Senior Notes due 2028",,,492527616,0,
BWB,"Bridgewater Bancshares, Inc. Common Stock",,,492494801,0,
CPS,Cooper-Standard Holdings Inc. Common Stock,,,491543441,0,
FTW,Presidio Production Company Class A Common Stock,,,491188950,0,
NAUT,"Nautilus Biotechnology, Inc. Common Stock",,,491070155,0,
BSTZ,BlackRock Science and Technology Term Trust Common Shares of Beneficial Interest,,,490795935,0,
FPI,Farmland Partners Inc. Common Stock,,,489957601,0,
ASPI,ASP Isotopes Inc. Common Stock,,,489913339,0,
UPB,"Upstream Bio, Inc. Common Stock",,,489779874,0,
FFWM,First Foundation Inc. Common Stock,,,489265123,0,
KRNY,Kearny Financial Corp Common Stock,,,488780590,0,
MLAB,"Mesa Laboratories, Inc. Common Stock",,,488503965,0,
RDVT,"Red Violet, Inc. Common Stock ",,,488203024,0,
CTNM,"Contineum Therapeutics, Inc. Class A Common Stock",,,487608630,0,
BWMN,Bowman Consulting Group Ltd. Common Stock,,,486992596,0,
GPRK,Geopark Ltd Common Shares,,,486849227,0,
CBNK,"Capital Bancorp, Inc. Common Stock",,,486839161,0,
GDYN,"Grid Dynamics Holdings, Inc. Class A Common Stock",,,486516495,0,
LEGH,Legacy Housing Corporation Common Stock (TX),,,486486127,0,
JOUT,Johnson Outdoors Inc. Class A Common Stock,,,486171542,0,
GRPN,"Groupon, Inc. Common Stock",,,484847543,0,
BBW,"Build-A-Bear Workshop, Inc. Common Stock",,,484820922,0,
TRDA,"Entrada Therapeutics, Inc. Common Stock",,,483148030,0,
IMMX,"Immix Biopharma, Inc. Common Stock",,,482507041,0,
MBUU,"Malibu Boats, Inc. Class A Common Stock",,,482177707,0,
MNRO,"Monro, Inc. Common Stock",,,481515346,0,
KMDA,Kamada Ltd. Ordinary Shares,,,481101707,0,
INN,"Summit Hotel Properties, Inc. Common Stock",,,480890192,0,
MSBI,"Midland States Bancorp, Inc. Common Stock",,,478910141,0,
MATV,"Mativ Holdings, Inc. Common Stock",,,477359065,0,
ADCT,ADC Therapeutics SA Common Shares,,,476416335,0,
IMXI,"International Money Express, Inc. Common Stock",,,476160381,0,
CARS,Cars.com Inc. Common Stock ,,,476130516,0,
FDMT,"4D Molecular Therapeutics, Inc. Common Stock",,,475289344,0,
CATX,"Perspective Therapeutics, Inc. Common Stock",,,475102428,0,
NGS,"Natural Gas Services Group, Inc. Common Stock",,,475057081,0,
HBCP,"Home Bancorp, Inc. Common Stock",,,474725841,0,
GOTU,Gaotu Techedu Inc. American Depositary Shares,,,474421859,0,
YEXT,"Yext, Inc. Common Stock",,,473645292,0,
NNDM,Nano Dimension Ltd. American Depositary Shares,,,473479828,0,
HIVE,HIVE Digital Technologies Ltd. Common Shares,,,473472318,0,
ZKH,"ZKH Group Limited American Depositary Shares, each representing thirty-five (35) Class A Ordinary Shares",,,473048055,0,
CIVB,"Civista Bancshares, Inc. Common Stock",,,472557236,0,
BDN,Brandywine Realty Trust Common Stock,,,470759108,0,
HY,"Hyster-Yale, Inc. Class A common stock",,,469893883,0,
ANGO,"AngioDynamics, Inc. Common Stock",,,468641679,0,
ESEA,Euroseas Ltd. Common Stock (Marshall Islands),,,468392012,0,
OLP,"One Liberty Properties, Inc. Common Stock",,,468109705,0,
BALY,Bally's Corporation Common Stock,,,467881825,0,
LYEL,"Lyell Immunopharma, Inc. Common Stock",,,467541289,0,
LRMR,"Larimar Therapeutics, Inc. Common Stock",,,467473217,0,
RR,Richtech Robotics Inc. Class B Common Stock,Industrials,Specialty Industrial Machinery,467315552,4935000,
MG,Mistras Group Inc Common Stock,,,466982406,0,
RUMBW,Rumble Inc. Warrant,,,465696748,0,
DHIL,"Diamond Hill Investment Group, Inc. Class A Common Stock",,,465595038,0,
VSTM,"Verastem, Inc. Common Stock",,,465526062,0,
ACTG,Acacia Research Corporation (Acacia Tech) Common Stock,,,464047006,0,
PANL,Pangaea Logistics Solutions Ltd. Common Shares,,,462456021,0,
CVGW,"Calavo Growers, Inc. Common Stock",,,460972497,0,
OFIX,Orthofix Medical Inc. Common Stock (DE),,,460456234,0,
BLMN,"Bloomin' Brands, Inc. Common Stock",,,460229164,0,
STTK,"Shattuck Labs, Inc. Common Stock",,,460157915,0,
ABSI,Absci Corporation Common Stock,,,459063789,0,
WYFI,"WhiteFiber, Inc. Ordinary Shares",,,456931461,0,
MGRB,"Affiliated Managers Group, Inc. 4.750% Junior Subordinated Notes due 2060",,,456581852,0,
ENGN,enGene Holdings Inc. Common Stock,,,456198263,0,
VBNK,VersaBank Common Shares,,,454424064,0,
ECCX,Eagle Point Credit Company Inc. 6.6875% Notes due 2028,,,454076576,0,
CHCT,Community Healthcare Trust Incorporated Common Stock,,,454005791,0,
HQ,Horizon Quantum Holdings Ltd. Class A Ordinary Shares,,,453371798,0,
ACRS,"Aclaris Therapeutics, Inc. Common Stock",,,452231959,0,
SFIX,"Stitch Fix, Inc. Class A Common Stock",,,451889541,0,
FBIZ,"First Business Financial Services, Inc. Common Stock",,,449928660,0,
BLW,Blackrock Limited Duration Income Trust,,,449604675,0,
KELYB,"Kelly Services, Inc. Class B Common Stock",,,449197363,0,
CCAP,"Crescent Capital BDC, Inc. Common stock",,,448610708,0,
SFST,"Southern First Bancshares, Inc. Common Stock",,,448600291,0,
CCSI,"Consensus Cloud Solutions, Inc. Common Stock",,,447948517,0,
BSRR,Sierra Bancorp Common Stock,,,447286182,0,
CWBC,Community West Bancshares Common Stock,,,446647370,0,
GTN,"Gray Media, Inc. Common Stock",,,446073398,0,
EPRX,Eupraxia Pharmaceuticals Inc. Common Stock,,,445283023,0,
BBNX,"Beta Bionics, Inc. Common Stock",,,444709103,0,
VREX,Varex Imaging Corporation Common Stock,,,444559000,0,
GUT,Gabelli Utility Trust (The) Common Stock,,,444064125,0,
NPCE,"Neuropace, Inc. Common Stock",,,442720366,0,
TWI,"Titan International, Inc. (DE) Common Stock",,,442406220,0,
AHRT,"AH Realty Trust, Inc. Common Stock",,,440971790,0,
BGR,BlackRock Energy and Resources Trust,Financial Services,Asset Management,440646336,13492308,
SPIR,"Spire Global, Inc. Class A Common Stock",,,440443223,0,
ASMB,"Assembly Biosciences, Inc. Common Stock",,,440190064,0,
FBIOP,"Fortress Biotech, Inc. 9.375% Series A Cumulative Redeemable Perpetual Preferred Stock",,,440083704,0,
YORW,York Water Company (The) Common Stock,,,439958287,0,
IHRT,"iHeartMedia, Inc. Class A Common Stock",,,439875639,0,
CRMLW,Critical Metals Corp. Warrants,,,439275156,0,
XRN,Chiron Real Estate Inc. Common Stock,,,437808176,0,
BLND,"Blend Labs, Inc. Class A Common Stock",,,437095046,0,
OPAL,OPAL Fuels Inc. Class A Common Stock,,,436968396,0,
ORN,"Orion Group Holdings, Inc. Common",,,436907970,0,
ETO,Eaton Vance Tax-Advantage Global Dividend Opp Common Stock,,,436743878,0,
CMCL,Caledonia Mining Corporation Plc Common Shares,,,435869171,0,
FEIM,"Frequency Electronics, Inc. Common Stock",,,435603689,0,
LND,Brasilagro Brazilian Agric Real Estate Co Sponsored ADR (Brazil),,,434350968,0,
OXLCO,"Oxford Lane Capital Corp. Preferred Stock Shares, 6.00% Series 2029",Financial Services,Asset Management,434182272,487993984,
CWH,"Camping World Holdings, Inc. Class A Common Stock",Consumer Cyclical,Auto & Truck Dealerships,433840128,6369148928,
PSFE,Paysafe Limited Common Shares,,,433636168,0,
ASTL,Algoma Steel Group Inc. Common Shares,,,433376602,0,
ELA,Envela Corporation Common Stock,,,432551510,0,
RGNX,REGENXBIO Inc. Common Stock,,,432516806,0,
TRX,TRX Gold Corporation Common Stock,,,432498867,0,
GRVY,"GRAVITY Co., Ltd. American Depository Shares",,,430553844,0,
SKBL,Skyline Builders Group Holding Limited Class A Ordinary Shares,,,430145335,0,
SBC,SBC Medical Group Holdings Incorporated Common Stock,,,428771622,0,
EBS,Emergent BioSolutions Inc. Common Stock,,,428649309,0,
AVIR,"Atea Pharmaceuticals, Inc. Common Stock",,,428635807,0,
SCVL,"Shoe Carnival, Inc. Common Stock",,,428250612,0,
BTBT,"Bit Digital, Inc. Ordinary Shares",,,427816157,0,
OBT,"Orange County Bancorp, Inc. Common Stock",,,427522935,0,
NEXN,Nexxen International Ltd. Ordinary Shares,,,427468608,0,
LSAK,"Lesaka Technologies, Inc. Common Stock",,,427156236,0,
BXC,Bluelinx Holdings Inc. Common Stock,,,426224524,0,
LAND,Gladstone Land Corporation Common Stock,,,425384074,0,
TPTA,"Terra Property Trust, Inc. 6.00% Notes due 2026",,,425342706,0,
AURA,"Aura Biosciences, Inc. Common Stock",,,424836870,0,
ETB,Eaton Vance Tax-Managed Buy-Write Income Fund Eaton Vance Tax-Managed Buy-Write Income Fund Common Shares of Beneficial Interest,,,423535559,0,
BMBL,Bumble Inc. Class A Common Stock,,,423199303,0,
CBAN,"Colony Bankcorp, Inc. Common Stock",,,422691311,0,
COFS,"ChoiceOne Financial Services, Inc. Common Stock",,,421291506,0,
MYGN,"Myriad Genetics, Inc. Common Stock",,,420786743,0,
NATR,"Nature's Sunshine Products, Inc. Common Stock",,,420007516,0,
LXEO,"Lexeo Therapeutics, Inc. Common Stock",,,418947257,0,
DDI,"DoubleDown Interactive Co., Ltd. American Depository Shares",,,418726568,0,
MTW,"Manitowoc Company, Inc. (The) Common Stock",,,418331089,0,
ATNI,"ATN International, Inc. Common Stock",,,418306371,0,
FRPH,"FRP Holdings, Inc. Common Stock",,,418247621,0,
HQL,abrdn Life Sciences Investors Shares of Beneficial Interest,,,417807678,0,
CMCO,Columbus McKinnon Corporation Common Stock,,,417582988,0,
TDUP,ThredUp Inc. Class A Common Stock,,,416680940,0,
KOPN,Kopin Corporation Common Stock,,,415700165,0,
MGRD,"Affiliated Managers Group, Inc. 4.200% Junior Subordinated Notes due 2061",,,415384361,0,
LOCO,"El Pollo Loco Holdings, Inc. Common Stock",,,415193750,0,
BMRC,Bank of Marin Bancorp Common Stock,,,413321836,0,
MSB,Mesabi Trust Common Stock,,,413280315,0,
AIOT,"PowerFleet, Inc. Common Stock",,,413173613,0,
EVN,Eaton Vance Municipal Income Trust Common Stock,,,412935167,0,
CYRX,"CryoPort, Inc. Common Stock",,,412808798,0,
STRO,"Sutro Biopharma, Inc. Common Stock",,,412689899,0,
NATH,"Nathan's Famous, Inc. Common Stock",,,412429416,0,
WEST,Westrock Coffee Company Common Stock,,,411736226,0,
MODD,"Modular Medical, Inc. Common Stock",,,410323568,0,
ITIC,Investors Title Company Common Stock,,,410245333,0,
VNDA,Vanda Pharmaceuticals Inc. Common Stock,,,408436487,0,
MUA,"Blackrock MuniAssets Fund, Inc Common Stock",Financial Services,Asset Management,408254528,32288434,
CDZI,"CADIZ, Inc. Common Stock",,,408070488,0,
AUNA,Auna SA Class A Ordinary Shares,,,407811437,0,
CYH,"Community Health Systems, Inc. Common Stock",,,407559723,0,
IPSC,"Century Therapeutics, Inc. Common Stock",,,406173415,0,
DDT,Dillard's Capital Trust I,,,404794480,0,
VHI,"Valhi, Inc. Common Stock",,,404722790,0,
SGU,Star Group L.P. Common Stock,,,403754795,0,
PDLB,"Ponce Financial Group, Inc. Common Stock",,,403660646,0,
RNGR,"Ranger Energy Services, Inc. Class A Common Stock",,,403651936,0,
WTBA,West Bancorporation Common Stock,,,403021275,0,
SOHU,Sohu.com Limited American Depositary Shares,,,402766390,0,
FRBA,First Bank Common Stock,,,402150448,0,
OOMA,"Ooma, Inc. Common Stock",,,401580000,0,
KIDS,OrthoPediatrics Corp. Common Stock,,,401174350,0,
ALT,"Altimmune, Inc. Common Stock",,,400723945,0,
CZNC,Citizens & Northern Corp Common Stock,,,400114829,0,
PTLO,Portillo's Inc. Class A Common Stock,,,399437241,0,
PACB,"Pacific Biosciences of California, Inc. Common Stock",,,398637745,0,
SAJ,Saratoga Investment Corp 8.00% Notes due 2027,,,396873758,0,
SAZ,Saratoga Investment Corp 8.50% Notes due 2028,,,396873758,0,
SDHY,PGIM Short Duration High Yield Opportunities Fund Common Shares,,,395262357,0,
AVBC,"Avidia Bancorp, Inc. Common Stock",,,394899838,0,
OSPN,OneSpan Inc. Common Stock,,,394526952,0,
SAY,Saratoga Investment Corp 8.125% Notes due 2027,,,393740132,0,
LCTX,"Lineage Cell Therapeutics, Inc. Common Stock",,,393558296,0,
KREF,KKR Real Estate Finance Trust Inc. Common Stock,,,393366935,0,
PERI,Perion Network Ltd. Ordinary Shares,,,392909887,0,
MGPI,"MGP Ingredients, Inc.",,,392869708,0,
GLAD,Gladstone Capital Corporation Common Stock,,,391989747,0,
LEO,"BNY Mellon Strategic Municipals, Inc. Common Stock",,,391809472,0,
NC,"NACCO Industries, Inc. Common Stock",,,391572538,0,
CGC,Canopy Growth Corporation Common Shares,,,391489026,0,
BRBI,BRBI BR Partners S.A. ADSs,Financial Services,Capital Markets,390846528,-11576562688,
TITN,Titan Machinery Inc. Common Stock,,,390749309,0,
RCKT,"Rocket Pharmaceuticals, Inc. Common Stock",,,390613216,0,
FRA,Blackrock Floating Rate Income Strategies Fund Inc  Common Stock,Financial Services,Asset Management,390491072,43705544,
GBLI,"Global Indemnity Group, LLC Class A Common Stock ",,,390041267,0,
GLOO,"Gloo Holdings, Inc. Class A Common Stock",,,388927211,0,
PSNYW,Polestar Automotive Holding UK PLC Class C-1 ADS (ADW),,,388810974,0,
PRTH,"Priority Technology Holdings, Inc. Common Stock",,,388386904,0,
AUROW,"Aurora Innovation, Inc. Warrant",,,387813835,0,
PUBM,"PubMatic, Inc. Class A Common Stock",,,387776368,0,
BWFG,"Bankwell Financial Group, Inc. Common Stock",,,387033754,0,
SOR,"Source Capital, Inc. Cmn Shs of BI",,,386516453,0,
SAT,Saratoga Investment Corp 6.00% Notes due 2027,,,386376110,0,
NRC,National Research Corporation Common Stock (Delaware),,,386233821,0,
GBFH,GBank Financial Holdings Inc. Common Stock,,,384704784,0,
BGS,"B&G Foods, Inc. Common Stock",,,384662242,0,
VKI,Invesco Advantage Municipal Income Trust II Common Shares of Beneficial Interest (DE),,,384556133,0,
NOA,North American Construction Group Ltd. Common Shares (no par),,,384414080,0,
CDRO,"Codere Online Luxembourg, S.A. Ordinary Shares",,,383839246,0,
BRBS,"Blue Ridge Bankshares, Inc. Common Stock",,,383630020,0,
SIGA,SIGA Technologies Inc. Common Stock,,,383297540,0,
RILYL,"BRC Group Holdings, Inc. Depositary Shares each representing 1/1000th in a share of 7.375% Series B Cumulative Perpetual Preferred Stock, par value $0.0001",,,382428708,0,
GCBC,"Greene County Bancorp, Inc. Common Stock",,,381571215,0,
PNRG,PrimeEnergy Resources Corporation Common Stock,,,380709750,0,
ATLCZ,Atlanticus Holdings Corporation 9.25% Senior Notes due 2029,,,380556297,0,
ANL,Adlai Nortye Ltd. American Depositary Shares,,,380357579,0,
DVLT,Datavault AI Inc. Common Stock,,,379826801,0,
BSVN,Bank7 Corp. Common stock,,,379631080,0,
DNA,"Ginkgo Bioworks Holdings, Inc. Class A Common Stock",,,379596278,0,
ILPT,Industrial Logistics Properties Trust Common Shares of Beneficial Interest,,,378589773,0,
ATLCL,Atlanticus Holdings Corporation 6.125% Senior Notes due 2026,,,377984971,0,
AII,"American Integrity Insurance Group, Inc. Common Stock",,,377483294,0,
ZUMZ,Zumiez Inc. Common Stock,,,376047444,0,
PLAY,"Dave & Buster's Entertainment, Inc. Common Stock",,,375587270,0,
XFOR,"X4 Pharmaceuticals, Inc. Common Stock",,,375498344,0,
ELVA,Electrovaya Inc. Common Shares,,,375366358,0,
ARMP,"Armata Pharmaceuticals, Inc. Common Stock",,,375119616,0,
ISTR,Investar Holding Corporation Common Stock,,,374963182,0,
HLLY,Holley Inc. Common Stock,,,374648478,0,
GNE,Genie Energy Ltd. Class B Common Stock Stock,,,374638650,0,
CMDB,Costamare Bulkers Holdings Limited Common Stock,,,374431935,0,
UP,Wheels Up Experience Inc. Class A Common Stock,,,374186456,0,
ALTO,"Alto Ingredients, Inc. Common Stock",,,374095932,0,
BTQ,BTQ Technologies Corp. Common Stock,,,373869233,0,
TACO,Berto Acquisition Corp. Ordinary Shares,,,373532878,0,
XOMA,XOMA Royalty Corporation Common Stock,,,373480303,0,
AKBA,"Akebia Therapeutics, Inc. Common Stock",,,372352142,0,
RBBN,Ribbon Communications Inc. Common Stock,,,372281591,0,
CLDT,Chatham Lodging Trust (REIT) Common Shares of Beneficial Interest,,,371889271,0,
FWDI,"Forward Industries, Inc. Common Stock",,,368305934,0,
ABAT,American Battery Technology Company Common Stock,,,367468794,0,
BOC,Boston Omaha Corporation Class A Common Stock,,,367376109,0,
IVVD,"Invivyd, Inc. Common Stock",,,367373148,0,
AUTL,Autolus Therapeutics plc American Depositary Share,,,367277735,0,
LX,LexinFintech Holdings Ltd. American Depositary Shares,,,366814432,0,
MNPR,Monopar Therapeutics Inc. Common Stock,,,366662351,0,
ENTA,"Enanta Pharmaceuticals, Inc. Common Stock",,,366514315,0,
BNTC,Benitec Biopharma Inc. Common Stock,,,365873657,0,
OEC,Orion S.A. Common Shares,,,365779057,0,
CLMB,"Climb Global Solutions, Inc. Common Stock",,,365139262,0,
ISSC,"Innovative Solutions and Support, Inc. Common Stock",,,364989382,0,
MEC,"Mayville Engineering Company, Inc. Common Stock",,,364714742,0,
RBB,RBB Bancorp Common Stock,,,364708968,0,
LTBR,Lightbridge Corporation Common Stock,,,364060981,0,
SRTA,"Strata Critical Medical, Inc. Class A Common Stock",,,363614618,0,
WEAV,"Weave Communications, Inc. Common Stock",,,363356583,0,
CV,"CapsoVision, Inc. Common Stock",,,363320558,0,
RPD,"Rapid7, Inc. Common Stock",,,363071047,0,
CLFD,"Clearfield, Inc. Common Stock",,,362252829,0,
CTRN,"Citi Trends, Inc. Common Stock",,,361516663,0,
TSSI,"TSS, Inc. Common Stock",,,361334458,0,
RILYP,"BRC Group Holdings, Inc. Depositary Shares, each representing a 1/1000th fractional interest in a share of Series A Cumulative Perpetual Preferred Stock",,,360887825,0,
BBCP,"Concrete Pumping Holdings, Inc. Common Stock",,,360645013,0,
NMG,Nouveau Monde Graphite Inc. Common Shares,,,360251447,0,
FVRR,"Fiverr International Ltd. Ordinary Shares, no par value",,,360226295,0,
IBEX,IBEX Limited Common Shares,,,359536046,0,
KTF,DWS Municipal Income Trust,,,359458536,0,
PRTC,PureTech Health plc American Depositary Shares,,,359142483,0,
LAB,Standard BioTools Inc. Common Stock,,,358592735,0,
PLYX,"Polaryx Therapeutics, Inc. Common Stock",,,357915325,0,
VOXR,Vox Royalty Corp. Common Stock,,,357729162,0,
CAL,"Caleres, Inc. Common Stock",,,357259223,0,
CBK,"Commercial Bancgroup, Inc. Common Stock",,,356421622,0,
VMD,"Viemed Healthcare, Inc. Common Shares",,,355530232,0,
NINE,"Nine Energy Service, Inc. Common Stock",,,355148371,0,
SOPH,SOPHiA GENETICS SA Ordinary Shares,,,354760075,0,
RVMDW,"Revolution Medicines, Inc. Warrant",,,354730381,0,
SAR,Saratoga Investment Corp New,,,353945348,0,
PPT,Putnam Premier Income Trust Common Stock,,,353325334,0,
NAGE,"Niagen Bioscience, Inc. Common Stock",,,353154952,0,
FMAO,"Farmers & Merchants Bancorp, Inc. Common Stock",,,352913060,0,
SES,SES AI Corporation Class A Common Stock,,,352692086,0,
DMAC,DiaMedica Therapeutics Inc. Common Stock,,,352564262,0,
WILC,"G. Willi-Food International,  Ltd. Ordinary Shares",,,351043812,0,
NUS,"Nu Skin Enterprises, Inc. Common Stock",,,350363286,0,
NPWR,NET Power Inc. Class A Common Stock,,,350088665,0,
PMO,Putnam Municipal Opportunities Trust Common Stock,,,350010140,0,
CERS,Cerus Corporation Common Stock,,,349752632,0,
XNET,Xunlei Limited American Depositary Shares,Technology,Software - Infrastructure,349476032,460428000,
MCI,Barings Corporate Investors Common Stock,,,349312036,0,
ADUR,Aduro Clean Technologies Inc. Common Stock,,,349096416,0,
PBFS,"Pioneer Bancorp, Inc. Common Stock",,,349069070,0,
WNC,Wabash National Corporation Common Stock,,,348562087,0,
ONTF,"ON24, Inc. Common Stock",,,347222101,0,
PKOH,Park-Ohio Holdings Corp. Common Stock,,,346155085,0,
NAN,Nuveen New York Quality Municipal Income Fund Common Stock,Financial Services,Asset Management,346135072,28795244,
QUAD,"Quad Graphics, Inc Class A Common Stock",,,345463540,0,
CION,CION Investment Corporation Common Stock,,,345396224,0,
APPS,"Digital Turbine, Inc. Common Stock",,,345311807,0,
FVR,"FrontView REIT, Inc. Common Stock",,,345182187,0,
LE,"Lands' End, Inc. Common Stock",,,344841964,0,
MIY,"Blackrock MuniYield Michigan Quality Fund, Inc. Common Stock",Financial Services,Asset Management,344101248,25859200,
RZLVW,Rezolve AI PLC Warrants,,,343988794,0,
KNOP,KNOT Offshore Partners LP Common Units representing Limited Partner Interests,,,343174416,0,
HVT,"Haverty Furniture Companies, Inc. Common Stock",,,342818273,0,
BKT,BlackRock Income Trust Inc. (The),Financial Services,Asset Management,342351200,12211314,
SNDL,SNDL Inc. Common Shares,,,342144000,0,
CUB,Lionheart Holdings Class A Ordinary Shares,,,341829878,0,
MAGN,Magnera Corporation Common Stock,,,341409000,0,
IMRX,Immuneering Corporation Class A Common Stock,,,340720920,0,
PLBC,Plumas Bancorp,,,340714194,0,
DIN,"Dine Brands Global, Inc. Common Stock",,,340603544,0,
AVTX,"Avalo Therapeutics, Inc. Common Stock",,,340231588,0,
HCMA,HCM III Acquisition Corp. Class A Ordinary Share,Financial Services,Shell Companies,340031968,0,
SPT,"Sprout Social, Inc Class A Common Stock",,,339493693,0,
GASS,"StealthGas, Inc. Common Stock",,,339464273,0,
LVWR,"LiveWire Group, Inc. Common Stock",,,339206684,0,
USCB,"USCB Financial Holdings, Inc. Class A Common Stock",,,338484520,0,
ECX,ECARX Holdings Inc. Class A Ordinary shares,,,338054819,0,
EU,enCore Energy Corp. Common Shares,,,337049161,0,
NCV,Virtus Convertible & Income Fund Common Shares of Beneficial Interest,Financial Services,Asset Management,336189696,23633000,
BGIN,Bgin Blockchain Limited Class A Ordinary Shares,,,335561201,0,
ISBA,Isabella Bank Corporation Common stock,,,334762744,0,
ONIT,Onity Group Inc. Common Stock,,,334644646,0,
SRZN,"Surrozen, Inc. Common Stock",,,334607775,0,
CHSCP,CHS Inc. 8%  Cumulative Redeemable Preferred Stock,,,334412082,0,
MCFT,"MasterCraft Boat Holdings, Inc. Common Stock",,,334003381,0,
AENT,Alliance Entertainment Holding Corporation Class A Common Stock,,,333770774,0,
CMTG,"Claros Mortgage Trust, Inc. Common Stock",,,333720658,0,
PKBK,"Parke Bancorp, Inc. Common Stock",,,333158980,0,
GRABW,Grab Holdings Limited Warrant,,,332959121,0,
GLSI,"Greenwich LifeSciences, Inc. Common Stock",,,332786027,0,
HELE,Helen of Troy Limited Common Stock,,,332699725,0,
GETY,"Getty Images Holdings, Inc. Class A Common Stock",,,331455240,0,
VALU,"Value Line, Inc. Common Stock",,,331275629,0,
SSP,E.W. Scripps Company (The) Class A Common Stock,,,331187289,0,
WSBF,"Waterstone Financial, Inc. Common Stock (MD)",,,331029538,0,
API,"Agora, Inc. American Depositary Shares",,,331028023,0,
HNST,"The Honest Company, Inc. Common Stock",,,330674198,0,
RLGT,"Radiant Logistics, Inc. Common Stock",,,330127135,0,
NECB,"NorthEast Community Bancorp, Inc. Common Stock",,,329249724,0,
PPHC,"Public Policy Holding Company, Inc. Common Stock",,,328762909,0,
ARTNA,Artesian Resources Corporation Class A Common Stock,,,328640467,0,
HCKT,Hackett Group Inc (The). Common Stock,,,328115140,0,
FRST,Primis Financial Corp. Common Stock,,,328005177,0,
STRT,STRATTEC SECURITY CORPORATION Common Stock,,,327443809,0,
CLYM,"Climb Bio, Inc. Common Stock",,,327210663,0,
VFF,"Village Farms International, Inc. Common Shares",,,326896553,0,
NKLR,Terra Innovatum Global N.V. Ordinary shares,,,326196399,0,
ATLCP,"Atlanticus Holdings Corporation 7.625% Series B Cumulative Perpetual Preferred Stock, no par value per share",,,325989261,0,
ALLT,Allot Ltd. Ordinary Shares,,,325827839,0,
NMRA,"Neumora Therapeutics, Inc. Common Stock",,,325823772,0,
PAYS,"Paysign, Inc. Common Stock",,,325593825,0,
PBYI,Puma Biotechnology Inc Common Stock,,,325100752,0,
LDI,"loanDepot, Inc. Class A Common Stock",,,324926272,0,
GBAB,Guggenheim Taxable Municipal Bond & Investment Grade Debt Trust Common Shares of Beneficial Interest,,,324755123,0,
FUFU,BitFuFu Inc. Class A Ordinary Shares,,,324640489,0,
LXFR,Luxfer Holdings PLC Ordinary Shares,,,324480486,0,
FBRX,"Forte Biosciences, Inc. Common Stock",,,324447617,0,
BCML,BayCom Corp Common Stock,,,324279448,0,
IRD,"Opus Genetics, Inc. Common Stock",,,323728155,0,
TLS,Telos Corporation Common Stock,,,323702682,0,
BCYC,Bicycle Therapeutics plc American Depositary Shares,,,323440601,0,
MTRX,Matrix Service Company Common Stock,,,322914089,0,
DCTH,"Delcath Systems, Inc. Common Stock",,,322444615,0,
USNA,"USANA Health Sciences, Inc. Common Stock",,,322442654,0,
BBBY,"Bed Bath & Beyond, Inc. Common Stock",,,321748425,0,
PHOE,Phoenix Asia Holdings Limited Ordinary Shares,,,321408000,0,
HPP,"Hudson Pacific Properties, Inc. Common Stock",,,320570362,0,
NWFL,Norwood Financial Corp. Common Stock,,,320388684,0,
REI,"Ring Energy, Inc. Common Stock",,,320374518,0,
HTT,"High Templar Tech Limited American depositary shares, each representing one Class A ordinary share",,,320345394,0,
OFSSH,OFS Capital Corporation 4.95% Notes due 2028,,,320080083,0,
PCB,PCB Bancorp Common Stock,,,319933272,0,
INR,"Infinity Natural Resources, Inc. Class A Common Stock",Energy,Oil & Gas E&P,319897984,356431008,
FINS,Angel Oak Financial Strategies Income Term Trust Common Shares of Beneficial Interest,,,319548635,0,
MVBF,MVB Financial Corp. Common Stock,,,318936707,0,
BYND,"Beyond Meat, Inc. Common Stock",,,318304159,0,
NVEC,NVE Corporation Common Stock,,,316834373,0,
GTE,Gran Tierra Energy Inc. Common Stock,,,316630003,0,
OTLY,Oatly Group AB American Depositary Shares,,,316621500,0,
CD,Chaince Digital Holdings Inc. Ordinary Shares,,,316051004,0,
ALCO,"Alico, Inc. Common Stock",,,315913214,0,
FNLC,"First Bancorp, Inc  (ME) Common Stock",,,315907042,0,
CHSCO,CHS Inc. Class B Cumulative Redeemable Preferred Stock,,,315758637,0,
NEWT,"NewtekOne, Inc. Common Stock",,,315704826,0,
CTGO,Contango Silver & Gold Inc. Common Stock,,,315399769,0,
EWCZ,"European Wax Center, Inc. Class A Common Stock",,,315224299,0,
GCO,Genesco Inc. Common Stock,,,314779914,0,
NGNE,Neurogene Inc. Common Stock ,,,313977747,0,
OFLX,"Omega Flex, Inc. Common Stock",,,313327755,0,
INV,"Innventure, Inc. Common Stock",,,313071037,0,
AVBH,"Avidbank Holdings, Inc. Common stock",,,312980360,0,
HYLN,Hyliion Holdings Corp. Class A Common Stock,,,312950500,0,
XOMAP,XOMA Royalty Corporation 8.625% Series A Cumulative Perpetual Preferred Stock,,,312761478,0,
LNKB,"LINKBANCORP, Inc. Common Stock",,,312479751,0,
ELLO,Ellomay Capital Ltd Ordinary Shares (Israel),,,312446341,0,
EFT,Eaton Vance Floating Rate Income Trust Common Shares of Beneficial Interest,,,312140153,0,
XWIN,"XMAX, Inc. Common Stock",,,311850163,0,
ALIT,"Alight, Inc. Class A Common Stock",,,311454770,0,
FCEL,"FuelCell Energy, Inc. Common Stock",,,311324561,0,
TSBK,"Timberland Bancorp, Inc. Common Stock",,,310878974,0,
CHSCL,"CHS Inc Class B Cumulative Redeemable Preferred Stock, Series 4",,,309990796,0,
SWKHL,SWK Holdings Corporation 9.00% Senior Notes due 2027,,,309758471,0,
DSX,Diana Shipping inc. common stock,,,308849393,0,
RFMZ,"RiverNorth Flexible Municipal Income Fund II, Inc. Common Stock",,,308049713,0,
XOMAO,XOMA Royalty Corporation Depositary Shares Rep Series B 8.375% Cumulative Preferred Stock,,,306094313,0,
GREEL,Greenidge Generation Holdings Inc. 8.50% Senior Notes due 2026,,,305631632,0,
WEYS,"Weyco Group, Inc. Common Stock",,,305484863,0,
ORGO,Organogenesis Holdings Inc. Class A Common Stock,,,304878390,0,
TCPC,BlackRock TCP Capital Corp. Common Stock,,,304435044,0,
MLP,"Maui Land & Pineapple Company, Inc. Common Stock",,,303824902,0,
CCRN,"Cross Country Healthcare, Inc. Common Stock $0.0001 Par Value",,,303796165,0,
TOI,"The Oncology Institute, Inc. Common Stock",,,303436172,0,
RM,Regional Management Corp. Common Stock,,,303050960,0,
BNED,"Barnes & Noble Education, Inc Common Stock",,,302834731,0,
KELYA,"Kelly Services, Inc. Class A Common Stock",,,302772023,0,
PACK,Ranpak Holdings Corp Class A Common Stock,,,302455319,0,
LZM,Lifezone Metals Limited Ordinary Shares,,,302002075,0,
KFS,"Kingsway Financial Services, Inc. Common Stock (DE)",,,301913706,0,
CHSCN,CHS Inc Preferred Class B Series 2 Reset Rate,,,301768554,0,
TCI,"Transcontinental Realty Investors, Inc. Common Stock",,,301339342,0,
MBI,MBIA Inc. Common Stock,,,301017109,0,
RMNI,"Rimini Street, Inc. (DE) Common Stock",,,300657920,0,
MKTW,"MarketWise, Inc. Class A Common Stock",,,300657727,0,
LEGO,Legato Merger Corp. IV Ordinary Shares,,,300342727,0,
SI,"Shoulder Innovations, Inc. Common Stock",,,300008553,0,
PMM,Putnam Managed Municipal Income Trust Common Stock,,,299743675,0,
CABA,"Cabaletta Bio, Inc. Common Stock",,,299457985,0,
AZ,A2Z Cust2Mate Solutions Corp. Common Shares,,,297115203,0,
CHSCM,"CHS Inc Class B Reset Rate Cumulative Redeemable Preferred Stock, Series 3",,,297105193,0,
AEF,"abrdn Emerging Markets ex-China Fund, Inc. Common Stock",Financial Services,Asset Management,295984384,6482234,
XPOF,"Xponential Fitness, Inc. Class A Common Stock",,,295281000,0,
SHMD,SCHMID Group N.V. Class A Ordinary Shares,,,294695720,0,
AMRN,Amarin Corporation plc,,,294468125,0,
WAVE,Eco Wave Power Global AB (publ) American Depositary Shares,,,294319040,0,
CZFS,"Citizens Financial Services, Inc. Common Stock",,,293961442,0,
ASLE,AerSale Corporation Common Stock,,,293842845,0,
PNNT,PennantPark Investment Corporation Common Stock,,,293179462,0,
LWAY,"Lifeway Foods, Inc. Common Stock",,,292993264,0,
OVID,Ovid Therapeutics Inc. Common Stock,,,292761687,0,
FCNCN,"First Citizens BancShares, Inc. Depositary Shares, each representing a 1/40th interest in a share of 6.625% Non-Cumulative Perpetual Preferred Stock, Series E",,,292514331,0,
OIA,Invesco Municipal Income Opportunities Trust Common Stock,,,292298316,0,
TII,Titan Mining Corporation Common Shares,,,291915669,0,
RZLT,"Rezolute, Inc. Common Stock (NV)",,,291877939,0,
RCKY,"Rocky Brands, Inc. Common Stock",,,291812815,0,
MTLS,Materialise NV American Depositary Shares,,,291791899,0,
AVNW,"Aviat Networks, Inc. Common Stock",,,291721229,0,
COSO,"CoastalSouth Bancshares, Inc. Common Stock",,,291471614,0,
OCCIO,"OFS Credit Company, Inc. 6.125% Series C Term Preferred Stock",,,290761245,0,
PALI,"Palisade Bio, Inc. Common Stock",,,290298430,0,
AMCX,AMC Networks Inc. Class A Common Stock,,,290028610,0,
RMMZ,"RiverNorth Managed Duration Municipal Income Fund II, Inc. Common Stock",,,289975135,0,
CVEO,Civeo Corporation (Canada) Common Shares,,,289744832,0,
JRVR,"James River Group Holdings, Inc. Common Stock",,,289602079,0,
FSBW,"FS Bancorp, Inc. Common Stock",,,289484506,0,
YSG,"Yatsen Holding Limited American Depositary Shares, each representing twenty (20) Class A Ordinary Shares",,,289052684,0,
MIN,MFS Intermediate Income Trust Common Stock,,,288393405,0,
SMRT,"SmartRent, Inc. Class A Common Stock",,,288335657,0,
JMSB,"John Marshall Bancorp, Inc. Common Stock",,,288250916,0,
CIX,CompX International Inc. Common Stock,,,287866612,0,
FSTR,L.B. Foster Company Common Stock,,,287575735,0,
LENZ,"LENZ Therapeutics, Inc. Common Stock",,,286892705,0,
EM,Smart Share Global Limited American Depositary Shares,,,286533259,0,
CAN,Canaan Inc. American Depositary Shares,,,286116245,0,
GENVR,Gen Digital Inc. Contingent Value Rights,,,285267638,0,
NL,"NL Industries, Inc. Common Stock",,,284869739,0,
OCCIN,"OFS Credit Company, Inc. 5.25% Series E Term Preferred Stock Due 2026",,,284605657,0,
NCMI,"National CineMedia, Inc. Common Stock",,,284505278,0,
AVXL,Anavex Life Sciences Corp. Common Stock,,,284502297,0,
TYGO,"Tigo Energy, Inc. Common Stock",,,284270273,0,
VGZ,Vista Gold Corp Common Stock,,,284097139,0,
CRNC,Cerence Inc. Common Stock,,,284064097,0,
IONR,ioneer Ltd American Depositary Shares,,,283788250,0,
BUUU,BUUU Group Limited Class A Ordinary Share,,,283473333,0,
SITC,SITE Centers Corp. Common Stock,,,283296636,0,
ASPN,"Aspen Aerogels, Inc. Common Stock",,,283263562,0,
NBP,NovaBridge Biosciences American Depositary Shares,,,282884443,0,
FUND,"Sprott Focus Trust, Inc. Common Stock",,,282704134,0,
BKTI,BK Technologies Corporation Common Stock,,,282512089,0,
DBI,Designer Brands Inc. Class A Common Stock,,,282429363,0,
PDYN,Palladyne AI Corp. Common Stock,,,282223831,0,
TARA,"Protara Therapeutics, Inc.  Common Stock",,,281779609,0,
FHTX,Foghorn Therapeutics Inc. Common Stock,,,280587176,0,
TTGT,"TechTarget, Inc. Common Stock",,,280495498,0,
ACIU,AC Immune SA Common Stock,,,279877326,0,
ARDC,"Ares Dynamic Credit Allocation Fund, Inc. Common Shares",,,278645658,0,
FUBO,FuboTV Inc. Class A Common Stock,Communication Services,Broadcasting,278439328,4855677952,
SENS,"Senseonics Holdings, Inc. Common Stock",,,278357804,0,
CTEV,Claritev Corporation Class A Common Stock,,,277239473,0,
ADV,Advantage Solutions Inc. Class A Common Stock,,,276940511,0,
TOYO,"TOYO Co., Ltd Ordinary Shares",,,276883398,0,
ACCO,Acco Brands Corporation Common Stock,,,276773382,0,
TWFG,"TWFG, Inc. Class A Common Stock",Financial Services,Insurance Brokers,276377440,248512000,
TG,Tredegar Corporation Common Stock,,,276317991,0,
MMT,MFS Multimarket Income Trust Common Stock,,,275113169,0,
TENX,"Tenax Therapeutics, Inc. Common Stock",,,274989832,0,
SY,So-Young International Inc. American Depository Shares,,,274902665,0,
BLFY,Blue Foundry Bancorp Common Stock,,,274878619,0,
SEG,Seaport Entertainment Group Inc. Common Stock,,,274863450,0,
ANGI,Angi Inc. Class A Common Stock,,,274717524,0,
NGEN,NervGen Pharma Corp. Common stock,,,274590928,0,
DDD,3D Systems Corporation Common Stock,,,274590881,0,
FCCO,First Community Corporation Common Stock,,,274295635,0,
EVC,Entravision Communications Corporation Common Stock,,,273131357,0,
OVLY,Oak Valley Bancorp (CA) Common Stock,,,272848443,0,
FVCB,"FVCBankcorp, Inc. Common Stock",,,272555567,0,
SHAZ,"SharonAI Holdings, Inc. Class A Common Stock",,,272044119,0,
SSSS,SuRo Capital Corp. Common Stock,,,271902867,0,
PINE,"Alpine Income Property Trust, Inc. Common Stock",,,271594332,0,
RDNW,"RideNow Group, Inc. Class B Common Stock",,,271186623,0,
CLPT,"ClearPoint Neuro, Inc. Common Stock",,,269941263,0,
SHIP,Seanergy Maritime Holdings Corp. Common Stock,,,269849532,0,
FGBIP,"First Guaranty Bancshares, Inc. 6.75% Series A Fixed-Rate Non-Cumulative Perpetual Preferred Stock",,,269828044,0,
RMM,"RiverNorth Managed Duration Municipal Income Fund, Inc. Common Stock",,,269051130,0,
CADL,"Candel Therapeutics, Inc. Common Stock",,,268989660,0,
EOT,Eaton Vance Municipal Income Trust EATON VANCE NATIONAL MUNICIPAL OPPORTUNITIES TRUST,,,267498648,0,
SOHON,Sotherly Hotels Inc. 8.25% Series D Cumulative Redeemable Perpetual Preferred Stock,,,267401038,0,
SOHOB,Sotherly Hotels Inc. 8.0% Series B Cumulative Redeemable Perpetual Preferred Stock,,,267401038,0,
EOLS,"Evolus, Inc. Common Stock",,,267396559,0,
MCR,MFS Charter Income Trust Common Stock,,,266690783,0,
SCM,Stellus Capital Investment Corporation Common Stock,,,266604209,0,
SUPX,SuperX AI Technology Limited Ordinary Shares,,,266449824,0,
CPZ,Calamos Long/Short Equity & Dynamic Income Trust Common Stock,,,266408873,0,
ACRE,Ares Commercial Real Estate Corporation Common Stock,,,265764826,0,
NODK,"NI Holdings, Inc. Common Stock",,,264728646,0,
EVI,"EVI Industries, Inc.  Common Stock",,,264703026,0,
ALXO,ALX Oncology Holdings Inc. Common Stock,,,263874597,0,
RC,Ready Capital Corporation Common Stock,,,263863622,0,
SOHOO,Sotherly Hotels Inc. 7.875% Series C Cumulative Redeemable Perpetual Preferred Stock,,,263507843,0,
XPER,Xperi Inc. Common Stock ,,,263030886,0,
ZIP,"ZipRecruiter, Inc. Class A Common Stock",,,262692704,0,
WNEB,"Western New England Bancorp, Inc. Common Stock",,,261969532,0,
NERV,"Minerva Neurosciences, Inc Common Stock",,,260728248,0,
KLC,"KinderCare Learning Companies, Inc. Common Stock",,,260382753,0,
FJET,"Starfighters Space, Inc. Common Stock",,,260157194,0,
AFRI,Forafric Global PLC Ordinary Shares,,,259600363,0,
OPTX,"Syntec Optics Holdings, Inc. Class A Common Stock",,,259549189,0,
CHMG,Chemung Financial Corp Common Stock,,,259329894,0,
AREC,American Resources Corporation Class A Common Stock,,,258760482,0,
AMPY,Amplify Energy Corp. Common Stock,,,257493943,0,
HBB,Hamilton Beach Brands Holding Company Class A Common Stock ,,,257289285,0,
CCCC,"C4 Therapeutics, Inc. Common Stock",,,256630600,0,
MPX,Marine Products Corporation Common Stock,,,256213876,0,
ABEO,Abeona Therapeutics Inc. Common Stock,,,255579623,0,
FCNCP,"First Citizens BancShares, Inc. Depositary Shares",,,255358384,0,
NCZ,Virtus Convertible & Income Fund II Common Shares of Beneficial Interest,Financial Services,Asset Management,255178080,17599000,
EVH,"Evolent Health, Inc Class A Common Stock",,,254535411,0,
FDBC,"Fidelity D & D Bancorp, Inc. Common Stock",,,254432603,0,
GLDG,GoldMining Inc. Common Shares,,,254371390,0,
RXST,"RxSight, Inc. Common Stock",,,254200624,0,
GDEV,GDEV Inc. Ordinary Shares,,,253821260,0,
LITB,"LightInTheBox Holding Co., Ltd. American Depositary Shares, each representing twelve ordinary shares",,,253769079,0,
CHRS,"Coherus Oncology, Inc. Common Stock",,,253313934,0,
BRT,BRT Apartments Corp. (MD) Common Stock,,,253233393,0,
CIA,"Citizens, Inc. Class A Common Stock ($1.00 Par)",,,253007697,0,
VPV,Invesco Pennsylvania Value Municipal Income Trust Common Stock (DE),,,251878280,0,
ACV,Virtus Diversified Income & Convertible Fund Common Shares of Beneficial Interest,,,251819782,0,
PRE,Prenetics Global Limited Class A Ordinary Share,,,251816513,0,
FOSL,"Fossil Group, Inc. Common Stock",,,251512050,0,
FCNCO,"First Citizens BancShares, Inc. 5.625% Non-Cumulative Perpetual Preferred Stock, Series C",,,250861805,0,
USAU,U.S. Gold Corp. Common Stock,,,250652666,0,
ATLO,Ames National Corporation Common Stock,,,249950748,0,
FBYDW,"Falcon's Beyond Global, Inc. Warrants",,,249903746,0,
HDSN,"Hudson Technologies, Inc. Common Stock",,,249716673,0,
ARL,"American Realty Investors, Inc. Common Stock",,,249549064,0,
CVRX,"CVRx, Inc. Common Stock",,,248907802,0,
OBIO,"Orchestra BioMed Holdings, Inc. Ordinary Shares",,,248713829,0,
ZH,"Zhihu Inc. American Depositary Shares, each representing three (3) Class A Ordinary Shares",,,248684205,0,
RWAY,Runway Growth Finance Corp. Common Stock,,,248240834,0,
MRLN,"Merlin, Inc. Common Stock",,,248123748,0,
AUDC,AudioCodes Ltd. Common Stock,,,247868712,0,
XRX,Xerox Holdings Corporation Common Stock,,,247757297,0,
SNFCA,Security National Financial Corporation Class A Common Stock,,,246669600,0,
SLN,Silence Therapeutics Plc American Depository Share,,,246636000,0,
ATGL,Alpha Technology Group Limited Class A Ordinary Shares,,,246443625,0,
TLSI,"TriSalus Life Sciences, Inc. Common Stock",,,245225748,0,
ASUR,"Asure Software, Inc Common Stock",,,244010844,0,
STRS,Stratus Properties Inc. Common Stock,,,243626663,0,
FXNC,First National Corporation Common Stock,,,243382832,0,
LMNR,Limoneira Co Common Stock,,,242994289,0,
PCYO,Pure Cycle Corporation Common Stock,,,242351486,0,
RXT,"Rackspace Technology, Inc. Common Stock",,,241926728,0,
CARL,"Carlsmed, Inc. Common Stock",,,241924528,0,
LAW,"CS Disco, Inc. Common Stock",,,241916830,0,
EDIT,"Editas Medicine, Inc. Common Stock",,,241743838,0,
PPIH,"Perma-Pipe International Holdings, Inc. Common Stock",,,241283481,0,
CNTX,Context Therapeutics Inc. Common Stock,,,240723444,0,
ATLN,Atlantic International Corp. Common Stock,,,240245718,0,
FLXS,"Flexsteel Industries, Inc. Common Stock",,,240227219,0,
HELP,Cybin Inc. Common Stock,,,240171816,0,
DAVA,Endava plc American Depositary Shares (each representing one Class A Ordinary Share),,,240128005,0,
MYFW,"First Western Financial, Inc. Common Stock",,,239288537,0,
ROMA,Roma Green Finance Limited Class A Ordinary Shares,,,238853930,0,
NREF,"NexPoint Real Estate Finance, Inc. Common Stock",,,238713023,0,
REFI,"Chicago Atlantic Real Estate Finance, Inc. Common Stock",,,238628679,0,
MPTI,"M-tron Industries, Inc. Common Stock",,,238328138,0,
FUNC,First United Corporation Common Stock,,,238210636,0,
SLP,"Simulations Plus, Inc. Common Stock",,,238132635,0,
AIRO,"AIRO Group Holdings, Inc. Common Stock",,,238065658,0,
CFFI,C&F Financial Corporation Common Stock,,,237478125,0,
ALEC,"Alector, Inc. Common Stock",,,237279549,0,
AKTX,Akari Therapeutics plc ADS,,,235773953,0,
FBLA,"FB Bancorp, Inc. Common Stock",,,235770651,0,
POWW,Outdoor Holding Company Common Stock,,,235750331,0,
OPENL,"Opendoor Technologies Inc  Series A Warrants, each whole warrant exercisable to purchase one share of Common Stock at an exercise price of $13.00 per warrant",,,235748068,0,
ALMU,"Aeluma, Inc. Common Stock",,,235658602,0,
FTF,Franklin Limited Duration Income Trust Common Shares of Beneficial Interest,,,235563330,0,
ESCA,"Escalade, Incorporated Common Stock",,,235165660,0,
ELDN,"Eledon Pharmaceuticals, Inc. Common Stock",,,233623304,0,
PSF,"Cohen & Steers Select Preferred and Income Fund, Inc. Common Stock",Financial Services,Asset Management,233226544,0,
HWBK,"Hawthorn Bancshares, Inc. Common Stock",,,232521979,0,
MITT,"TPG Mortgage Investment Trust, Inc. Common Stock",,,231986191,0,
NKSH,"National Bankshares, Inc. Common Stock",,,231873808,0,
VELO,"Velo3D, Inc. Common stock",,,231159546,0,
CLW,Clearwater Paper Corporation Common Stock,,,230633414,0,
NUAI,"New Era Energy & Digital, Inc. Common Stock",,,230507259,0,
CLLS,Cellectis S.A. American Depositary Shares,,,230113451,0,
VYGR,"Voyager Therapeutics, Inc. Common Stock",,,230053588,0,
TROO,"TROOPS, Inc. Ordinary Shares ",,,229520739,0,
BPRN,"Princeton Bancorp, Inc. Common Stock (PA)",,,229509464,0,
FRAF,Franklin Financial Services Corporation Common Stock,,,229447682,0,
RGCO,RGC Resources Inc. Common Stock,,,229198438,0,
CBNA,"Chain Bridge Bancorp, Inc. Class A Common Stock",,,229007413,0,
CAMP,CAMP4 Therapeutics Corporation Common Stock,,,228964206,0,
NXDT,NexPoint Diversified Real Estate Trust Common Stock,,,228925310,0,
MASS,908 Devices Inc. Common Stock,,,228765312,0,
RILY,"BRC Group Holdings, Inc. Common Stock",,,228520664,0,
ECC,Eagle Point Credit Company Inc. Common Stock,,,228091090,0,
JAKK,"JAKKS Pacific, Inc. Common Stock",,,227972667,0,
SVC,Service Properties Trust Common Stock,,,227722694,0,
OABI,"OmniAb, Inc. Common Stock",,,227308756,0,
NUCL,Eagle Nuclear Energy Corp. Common stock,,,227174653,0,
SMWB,Similarweb Ltd. Ordinary Shares,,,226982440,0,
EVTL,Vertical Aerospace Ltd. Ordinary Shares,,,226144889,0,
LODE,Comstock Inc. Common Stock,,,226002377,0,
SPOK,"Spok Holdings, Inc. Common Stock",,,225960848,0,
OPENZ,"Opendoor Technologies Inc  Series Z Warrants, each whole warrant exercisable to purchase one share of Common Stock at an exercise price of $17.00 per warrant",,,225589818,0,
NIU,Niu Technologies American Depositary Shares,,,225315879,0,
MRBK,Meridian Corporation Common Stock,,,225153375,0,
BKKT,"Bakkt, Inc. Class A Common Stock",,,224937027,0,
SJT,San Juan Basin Royalty Trust Common Stock,,,224188309,0,
JFIN,Jiayin Group Inc. American Depositary Shares,,,223618398,0,
BZAI,"Blaize Holdings, Inc. Common Stock",,,223395006,0,
RPAY,Repay Holdings Corporation Class A Common Stock,,,223290553,0,
SND,"Smart Sand, Inc. Common Stock",,,222915528,0,
SVCO,"Silvaco Group, Inc. Common Stock",,,222601614,0,
SLGL,Sol-Gel Technologies Ltd. Ordinary Shares,,,222598614,0,
MFM,MFS Municipal Income Trust Common Stock,,,222001331,0,
LCNB,LCNB Corporation Common Stock,,,221969890,0,
IKT,"Inhibikase Therapeutics, Inc. Common Stock",,,221814828,0,
EVO,Evotec SE American Depositary Shares,,,221732553,0,
EICA,Eagle Point Income Company Inc. 5.00% Series A Term Preferred Stock due 2026,,,221589187,0,
AMBR,Amber International Holding Limited American Depositary Shares,,,221091703,0,
ENLV,Enlivex Ltd. Ordinary Shares,,,220788531,0,
NVA,Nova Minerals Limited American Depositary Shares,,,220627965,0,
LZMH,LZ Technology Holdings Limited Class B Ordinary Shares,,,220501500,0,
GENC,"Gencor Industries, Inc. Common Stock",,,219865530,0,
TBRG,"TruBridge, Inc. Common Stock",,,219731555,0,
CMRC,"Commerce.com, Inc. Series 1 Common Stock",,,219474000,0,
ARCT,Arcturus Therapeutics Holdings Inc. Common Stock,,,219426093,0,
BNAI,Brand Engagement Network Inc. Common Stock,,,219005681,0,
ESOA,Energy Services of America Corporation Common Stock,,,218733182,0,
PLG,Platinum Group Metals Ltd. Ordinary Shares (Canada),,,218426919,0,
GWRS,"Global Water Resources, Inc. Common Stock",,,218264522,0,
KROS,"Keros Therapeutics, Inc. Common Stock",,,217681564,0,
TWIN,"Twin Disc, Incorporated Common Stock",,,217334386,0,
FINW,FinWise Bancorp Common Stock,,,216914984,0,
EGAN,eGain Corporation Common Stock,,,216076408,0,
LOVE,The Lovesac Company Common Stock,,,215894656,0,
VTIX,Virtuix Holdings Inc. Class A Common Stock,,,215620756,0,
PRLD,Prelude Therapeutics Incorporated Common Stock,,,215467688,0,
KRMD,"KORU Medical Systems, Inc. Common Stock (DE)",,,215174699,0,
NIOBW,NioCorp Developments Ltd. Warrant,,,214299204,0,
PEBK,"Peoples Bancorp of North Carolina, Inc. Common Stock",,,213871948,0,
FLYX,"flyExclusive, Inc. Class A Common Stock",,,213235588,0,
DEFT,"Defi Technologies, Inc. Common Stock",,,213197581,0,
VTN,Invesco Trust for Investment Grade New York Municipals Common Stock,,,213174662,0,
LIEN,"Chicago Atlantic BDC, Inc. Common Stock",,,213144311,0,
GRRR,Gorilla Technology Group Inc. Ordinary shares,,,212940208,0,
PED,Pedevco Corp. Common Stock,,,212813040,0,
OZ,"Belpointe PREP, LLC Class A Units",,,212596989,0,
AMTX,"Aemetis, Inc. (DE) Common Stock",,,212555608,0,
MPAA,"Motorcar Parts  of America, Inc. Common Stock",,,212473151,0,
INBKZ,First Internet Bancorp 6.0% Fixed-to-Floating Rate Subordinated Notes Due 2029,,,212250970,0,
LANV,Lanvin Group Holdings Limited Ordinary Shares,,,211061464,0,
KINS,"Kingstone Companies, Inc. Common Stock",,,210927340,0,
RDIB,Reading International Inc Class B Common Stock,,,210134655,0,
OSG,"Octave Specialty Group, Inc. Common Stock",,,209026395,0,
PRHIZ,"Presurance Holdings, Inc. 9.75% Senior Unsecured Notes due 2028",,,208378120,0,
BYRN,"Byrna Technologies, Inc. Common Stock",,,208122378,0,
LTRX,"Lantronix, Inc. Common Stock",,,207986216,0,
RNA,"Atrium Therapeutics, Inc. Common Stock",Healthcare,Biotechnology,207435104,18618000,
ARQQ,Arqit Quantum Inc. Ordinary Shares,,,207387132,0,
OSUR,"OraSure Technologies, Inc. Common Stock",,,207378519,0,
BLZE,"Backblaze, Inc. Class A Common Stock",,,207345000,0,
VABK,Virginia National Bankshares Corporation Common Stock,,,207123532,0,
MDWD,MediWound Ltd. Ordinary Shares,,,206943647,0,
MINE,Mayfair Gold Corp. Common Shares,,,206738557,0,
OVBC,Ohio Valley Banc Corp. Common Stock,,,206624504,0,
HUHU,HUHUTECH International Group Inc. Ordinary Shares,,,206087054,0,
SWKH,SWK Holdings Corporation Common Stock,,,205752603,0,
OPRT,Oportun Financial Corporation Common Stock,,,205146235,0,
AOMR,"Angel Oak Mortgage REIT, Inc. Common Stock",,,204798398,0,
NVCT,"Nuvectis Pharma, Inc. Common Stock",,,204780856,0,
SGHT,"Sight Sciences, Inc. Common Stock",,,203602560,0,
LUCD,Lucid Diagnostics Inc. Common Stock,,,203487868,0,
MRAM,"Everspin Technologies, Inc. Common Stock",,,203227340,0,
TPVG,TriplePoint Venture Growth BDC Corp. Common Stock,,,202050814,0,
STEX,Streamex Corp. Common Stock,,,201727219,0,
MFIN,Medallion Financial Corp. Common Stock,,,201417510,0,
CGEN,Compugen Ltd. Ordinary Shares,,,201400291,0,
FT,Franklin Universal Trust Common Stock,,,201306471,0,
HITI,High Tide Inc. Common Shares,,,201286095,0,
HRZN,Horizon Technology Finance Corporation Common Stock,,,201257833,0,
CNCK,Coincheck Group N.V. Ordinary Shares,,,201172141,0,
CURR,Currenc Group Inc. Ordinary Shares,,,200721983,0,
DIBS,"1stdibs.com, Inc. Common Stock",,,200101165,0,
ETX,Eaton Vance Municipal Income 2028 Term Trust Common Shares of Beneficial Interest,,,199847792,0,
TBCH,Turtle Beach Corporation Common Stock,,,198744446,0,
PESI,"Perma-Fix Environmental Services, Inc. Common Stock",,,198273192,0,
OPBK,OP Bancorp Common Stock,,,198046337,0,
CNDT,Conduent Incorporated Common Stock ,,,198027743,0,
CMT,Core Molding Technologies Inc Common Stock,,,197864374,0,
KTWO,K2 Capital Acquisition Corporation Class A Ordinary Share,,,197806249,0,
UTMD,"Utah Medical Products, Inc. Common Stock",,,197439700,0,
KDKRW,"Kodiak AI, Inc. Warrants",,,197159815,0,
GPJA,"Georgia Power Company Series 2017A 5.00% Junior Subordinated Notes due October 1, 2077",,,196899490,0,
HKD,AMTD Digital Inc. American Depositary Shares (every five of which represent two Class A Ordinary Shares),,,196815795,0,
ELTX,"Elicio Therapeutics, Inc. Common Stock",,,196654031,0,
MVIS,"MicroVision, Inc. Common Stock",,,196579003,0,
PROF,Profound Medical Corp. Common Stock,,,195909620,0,
IMPP,Imperial Petroleum Inc. Common Shares,,,195804594,0,
MEI,"Methode Electronics, Inc. Common Stock",,,195575924,0,
SABS,"SAB Biotherapeutics, Inc. Common Stock",,,195142472,0,
FLWS,"1-800-FLOWERS.COM, Inc. Common Stock",,,194760047,0,
KGEI,Kolibri Global Energy Inc. Common stock,,,194740363,0,
ANIK,Anika Therapeutics Inc. Common Stock,,,194310890,0,
GORO,Gold Resource Corporation Common Stock,,,194230619,0,
EXOD,"Exodus Movement, Inc. Class A Common Stock",,,193788543,0,
ELMD,"Electromed, Inc. Common Stock",,,193725077,0,
RDCM,Radcom Ltd. Ordinary Shares,,,193533891,0,
CHCI,"Comstock Holding Companies, Inc. Class A Common Stock",,,193390620,0,
HNNAZ,"Hennessy Advisors, Inc. 4.875% Notes due 2026",,,193131488,0,
BRCC,BRC Inc. Class A Common Stock,,,193041061,0,
SMHI,SEACOR Marine Holdings Inc. Common Stock ,,,192974788,0,
INSE,"Inspired Entertainment, Inc. Common Stock",,,192934755,0,
HERE,Here Group Limited American Depositary Shares,,,192521537,0,
STRZ,Starz Entertainment Corp. Common Shares,,,192407029,0,
CXDO,"Crexendo, Inc. Common Stock",,,192211561,0,
VUZI,Vuzix Corporation Common Stock,,,192095576,0,
CRNT,Ceragon Networks Ltd. Ordinary Shares,,,191892411,0,
BMEZ,BlackRock Health Sciences Term Trust Common Shares of Beneficial Interest,,,191462138,0,
LEE,"Lee Enterprises, Incorporated Common Stock",,,191399775,0,
TRVG,trivago N.V. American Depositary Shares,,,191379317,0,
TCX,Tucows Inc. Class A Common Stock,,,190973160,0,
CZWI,"Citizens Community Bancorp, Inc. Common Stock",,,190646518,0,
EFSI,Eagle Financial Services Inc Common Stock,,,189324912,0,
PAL,"Proficient Auto Logistics, Inc. Common Stock",,,188687651,0,
VIASP,"Via Renewables, Inc. 8.75% Series A Fixed-to-Floating Rate Cumulative Redeemable Perpetual Preferred Stock",,,188502488,0,
FLX,BingEx Limited American Depositary Shares,,,188494262,0,
OSS,"One Stop Systems, Inc. Common Stock",,,187260536,0,
INFU,"InfuSystems Holdings, Inc. Common Stock",,,186585918,0,
EPSN,Epsilon Energy Ltd. Common Share,,,186278277,0,
GSIT,GSI Technology Common Stock,,,185997083,0,
SEVN,Seven Hills Realty Trust Common Stock,,,185746444,0,
ACB,Aurora Cannabis Inc. Common Shares,,,185439816,0,
ADAG,Adagene Inc. American Depositary Shares,,,184754578,0,
ENO,"Entergy New Orleans, LLC First Mortgage Bonds, 5.50% Series due April 1, 2066",,,184661840,0,
ORBS,Eightco Holdings Inc. Common Stock,,,184418632,0,
TNXP,Tonix Pharmaceuticals Holding Corp. Common Stock,,,184324264,0,
JACK,Jack In The Box Inc. Common Stock,,,184078275,0,
MNSBP,"MainStreet Bancshares, Inc. Depositary Shares",,,183782923,0,
MGNX,"MacroGenics, Inc. Common Stock",,,183676369,0,
CRBU,"Caribou Biosciences, Inc. Common Stock",,,183610684,0,
III,Information Services Group Inc. Common Stock,,,183069469,0,
OGI,Organigram Global Inc. Common Shares,,,182692037,0,
FC,Franklin Covey Company Common Stock,,,182414796,0,
CAST,"FreeCast, Inc. Class A Common Stock",,,182224272,0,
MPV,Barings Participation Investors Common Stock,,,181713138,0,
KLTR,"Kaltura, Inc. Common Stock",,,181457382,0,
UBFO,United Security Bancshares Common Stock,,,181355358,0,
VERI,"Veritone, Inc. Common Stock",,,180857865,0,
OMSE,OMS Energy Technologies Inc. Ordinary Shares,,,180729602,0,
INSG,Inseego Corp. Common Stock,,,180354546,0,
GALT,Galectin Therapeutics Inc. Common Stock,,,179879090,0,
IMMR,Immersion Corporation Common Stock,,,179753508,0,
TAYD,"Taylor Devices, Inc. Common Stock",,,179727669,0,
CFBK,CF Bankshares Inc. Common Stock,,,179572996,0,
ANTA,Antalpha Platform Holding Company Class A Ordinary Shares,,,179352694,0,
STXS,"Stereotaxis, Inc. Common Stock",,,178938042,0,
ELME,Elme Communities Common Stock,,,178604345,0,
SPCE,"Virgin Galactic Holdings, Inc. Common Stock",,,177704316,0,
INBK,First Internet Bancorp Common Stock,,,177645572,0,
NEN,New England Realty Associates Limited Partnership Class A Depositary Receipts Evidencing Units of Limited Partnership,,,177325464,0,
PAMT,PAMT CORP Common Stock,,,176980248,0,
AIRS,"AirSculpt Technologies, Inc. Common Stock",,,176695776,0,
CURV,Torrid Holdings Inc. Common Stock,,,176570557,0,
EMP,"Entergy Mississippi, LLC First Mortgage Bonds, 4.90% Series Due October 1, 2066",,,176360432,0,
EAF,GrafTech International Ltd. Common Stock,,,176201006,0,
KRKR,36Kr Holdings Inc. American Depositary Shares,,,176149180,0,
BRR,"ProCap Financial, Inc. Common Stock",,,176022055,0,
RICK,"RCI Hospitality Holdings, Inc. Common Stock",,,175865100,0,
GRO,Brazil Potash Corp. Common Shares,,,175270765,0,
FNKO,"Funko, Inc. Class A Common Stock",,,174938022,0,
WSHP,WeShop Holdings Limited Class A Ordinary Shares,,,174889875,0,
PLX,"Protalix BioTherapeutics, Inc. (DE) Common Stock",,,174840463,0,
PLBY,"Playboy, Inc. Common Stock",,,174586779,0,
CURI,CuriosityStream Inc. Class A Common Stock,,,174564040,0,
KVHI,"KVH Industries, Inc. Common Stock",,,174531249,0,
ACH,"Accendra Health, Inc. Common Stock",,,174275934,0,
XYF,"X Financial American Depositary Shares, each representing six Class A Ordinary Shares",,,173902703,0,
BNR,Burning Rock Biotech Limited American Depositary Shares,,,173665193,0,
CMTV,Community Bancorp. Common Stock,,,173558153,0,
CBFV,"CB Financial Services, Inc. Common Stock",,,173493510,0,
ALTG,Alta Equipment Group Inc. Class A Common Stock,,,173271545,0,
JILL,"J. Jill, Inc. Common Stock",,,173221945,0,
LFMD,"LifeMD, Inc. Common Stock",,,173185577,0,
FENC,Fennec Pharmaceuticals Inc. Common Stock,,,172581300,0,
SMID,Smith-Midland Corporation Common Stock,,,172558833,0,
PERF,Perfect Corp. Class A Ordinary Share,,,172124254,0,
RBKB,"Rhinebeck Bancorp, Inc. Common Stock",,,171794729,0,
ZEPP,"Zepp Health Corporation American depositary shares, each representing sixteen Class A ordinary shares",,,171698341,0,
SATLW,Satellogic Inc. Warrant,,,171670367,0,
ACU,Acme United Corporation. Common Stock,,,171027385,0,
PRQR,ProQR Therapeutics N.V. Ordinary Shares,,,170684924,0,
NLOP,Net Lease Office Properties Common Shares of Beneficial Interest,,,170658144,0,
INTT,inTest Corporation Common Stock,,,170564176,0,
ABOS,"Acumen Pharmaceuticals, Inc. Common Stock",,,170422109,0,
SGMT,Sagimet Biosciences Inc. Series A Common Stock,,,170257184,0,
ENJ,"Entergy New Orleans, LLC First Mortgage Bonds, 5.0% Series due December 1, 2052",,,169561600,0,
ENGNW,enGene Holdings Inc. Warrants,,,169483349,0,
NTHI,"NeOnc Technologies Holdings, Inc. Common Stock",,,169413530,0,
CMCM,"Cheetah Mobile Inc. American Depositary Shares, each representing fifty (50) Class A Ordinary Shares",Communication Services,Internet Content & Information,169105680,1150444032,
FF,FutureFuel Corp.  Common shares,,,168874502,0,
CNTN,"Canton Strategic Holdings, Inc. Common Stock",,,168465613,0,
INGN,"Inogen, Inc Common Stock",,,168295923,0,
CPSS,"Consumer Portfolio Services, Inc. Common Stock",,,168206926,0,
NFE,New Fortress Energy Inc. Class A Common Stock,,,167886158,0,
ASYS,"Amtech Systems, Inc. Common Stock",,,167687389,0,
BVFL,"BV Financial, Inc. Common Stock",,,167489106,0,
QSI,Quantum-Si Incorporated Class A Common Stock,,,167469430,0,
SDA,SunCar Technology Group Inc. Class A Ordinary Shares,,,167458599,0,
CRBP,"Corbus Pharmaceuticals Holdings, Inc. Common Stock",,,166545397,0,
ALPS,ALPS Group Inc Ordinary Share,,,166400326,0,
EARN,Ellington Credit Company Common Shares of Beneficial Interest,,,166387234,0,
PMTS,CPI Card Group Inc. Common Stock,,,166290926,0,
QUIK,QuickLogic Corporation Common Stock,,,166217680,0,
FCAP,"First Capital, Inc. Common Stock",,,166142728,0,
ZNTL,"Zentalis Pharmaceuticals, Inc. Common Stock",,,165978577,0,
NPT,Texxon Holding Limited Ordinary shares,,,165943800,0,
GDC,GD Culture Group Limited Common Stock,,,165266414,0,
QTRX,Quanterix Corporation Common Stock,,,165228712,0,
WHF,"WhiteHorse Finance, Inc. Common Stock",,,164531933,0,
PIM,Putnam Master Intermediate Income Trust Common Stock,,,164328598,0,
ESP,Espey Mfg. & Electronics Corp. Common Stock,,,163979079,0,
EBMT,"Eagle Bancorp Montana, Inc. Common Stock",,,163928570,0,
MNTK,"Montauk Renewables, Inc. Common Stock",,,163692310,0,
MNSB,"MainStreet Bancshares, Inc. Common Stock",,,163526288,0,
MENS,Jyong Biotech Ltd. Ordinary Shares,,,163459484,0,
FGNXP,FG Nexus Inc. 8.00% Cumulative Preferred Stock,,,163320477,0,
KRRO,"Korro Bio, Inc. Common Stock",,,163263504,0,
RNAC,"Cartesian Therapeutics, Inc. Common Stock",,,163030498,0,
AIFU,AIFU Inc. Class A Ordinary Share,,,162952825,0,
WHWK,"Whitehawk Therapeutics, Inc. Common Stock",,,162828146,0,
CITR,CitroTech Inc. Common Stock,,,162271875,0,
BHR,Braemar Hotels & Resorts Inc. Common Stock,,,162083190,0,
MBOT,Microbot Medical Inc. Common Stock,,,161850886,0,
LNZA,"LanzaTech Global, Inc. Common Stock",,,161404911,0,
WTF,Waton Financial Limited Ordinary Shares,,,161113156,0,
RENT,"Rent the Runway, Inc. Class A Common Stock",,,160352762,0,
EPM,"Evolution Petroleum Corporation, Inc. Common Stock",,,160317606,0,
MOLN,Molecular Partners AG American Depositary Shares,,,160201124,0,
SGC,"Superior Group of Companies, Inc. Common Stock",,,159561906,0,
STRW,"Strawberry Fields REIT, Inc. Common Stock",,,159201853,0,
ARTV,"Artiva Biotherapeutics, Inc. Common Stock",,,159175368,0,
RELL,"Richardson Electronics, Ltd. Common Stock",,,158971246,0,
SAMG,Silvercrest Asset Management Group Inc. Class A Common Stock,,,158511562,0,
SRG,Seritage Growth Properties Class A Common Stock,,,158272146,0,
KORE,"KORE Group Holdings, Inc. Common Stock",,,158210232,0,
NNOX,NANO-X IMAGING LTD Ordinary Shares,,,157969818,0,
LGCY,Legacy Education Inc. Common Stock,,,157915837,0,
KALA,"KALA BIO, Inc. Common Stock",,,157751262,0,
SMTI,Sanara MedTech Inc. Common Stock,,,157489747,0,
PDEX,"Pro-Dex, Inc. Common Stock",,,157477983,0,
MRT,"Marti Technologies, Inc. Class A Ordinary Shares",,,157416950,0,
NCSM,"NCS Multistage Holdings, Inc. Common Stock",,,157415884,0,
GEOS,Geospace Technologies Corporation Common Stock (Texas),,,157232600,0,
FNWD,Finward Bancorp Common Stock,,,157196642,0,
ONEW,OneWater Marine Inc. Class A Common Stock,,,156997046,0,
DLNG,Dynagas LNG Partners LP Common Units,,,156980907,0,
ACHV,"Achieve Life Sciences, Inc. Common Shares",,,156525565,0,
WHG,Westwood Holdings Group Inc Common Stock,,,156266915,0,
VTVT,vTv Therapeutics Inc. Class A Common Stock,,,156216576,0,
BCBP,"BCB Bancorp, Inc. (NJ) Common Stock",,,155883200,0,
HTLM,HomesToLife Ltd Ordinary Shares,,,155509156,0,
CCLD,"CareCloud, Inc. Common Stock",,,155099264,0,
USGO,U.S. GoldMining Inc. Common stock,,,154938268,0,
OXSQ,Oxford Square Capital Corp. Common Stock,,,154893987,0,
TKNO,"Alpha Teknova, Inc. Common Stock",,,154868343,0,
HNVR,"Hanover Bancorp, Inc. Common Stock",,,154846244,0,
GRX,The Gabelli Healthcare & Wellness Trust Common Shares of Beneficial Interest,,,154691406,0,
APYX,Apyx Medical Corporation Common Stock,,,154349844,0,
SIDU,"Sidus Space, Inc. Class A Common Stock",,,154326057,0,
GNT,"GAMCO Natural Resources, Gold & Income Trust",,,154269916,0,
NRDY,Nerdy Inc. Class A Common Stock,,,153932696,0,
NIPG,NIP Group Inc. American Depositary Shares,,,152563275,0,
DTI,Drilling Tools International Corporation Common Stock,,,152365166,0,
AIRJ,AirJoule Technologies Corporation Class A Common Stock,,,152306062,0,
RAIL,"FreightCar America, Inc. Common Stock",,,151925375,0,
SPWR,SunPower Inc. Common Stock,,,151816694,0,
DOYU,DouYu International Holdings Limited ADS,,,151497872,0,
HRTX,"Heron Therapeutics, Inc. Common Stock",,,150848563,0,
LARK,Landmark Bancorp Inc. Common Stock,,,150640929,0,
NKTX,"Nkarta, Inc. Common Stock",,,150422934,0,
TNYA,"Tenaya Therapeutics, Inc. Common Stock",,,150250022,0,
BIPI,BIP Bermuda Holdings I Limited 5.125% Perpetual Subordinated Notes,,,150208865,0,
USBC,"USBC, Inc. Common Stock",,,149862564,0,
UIS,Unisys Corporation New Common Stock,,,149715576,0,
SKYX,SKYX Platforms Corp. Common Stock,,,149274853,0,
AXR,AMREP Corporation Common Stock,,,149235248,0,
TLSA,Tiziana Life Sciences Ltd. Common Shares,,,148893183,0,
YRD,"Yiren Digital Ltd. American Depositary Shares, each representing two ordinary shares",,,148619152,0,
SNWV,"SANUWAVE Health, Inc. Common Stock",,,148593874,0,
PNBK,Patriot National Bancorp Inc. Common Stock,,,148338412,0,
CDXS,"Codexis, Inc. Common Stock",,,148117039,0,
MDV,"Modiv Industrial, Inc. Class C Common Stock",,,147774954,0,
ICG,Intchains Group Limited American Depositary Shares,,,147536651,0,
ATOM,Atomera Incorporated Common Stock,,,147534512,0,
LPRO,Open Lending Corporation Common Stock,,,147095203,0,
ECBK,"ECB Bancorp, Inc. Common Stock",,,146865727,0,
CNTB,Connect Biopharma Holdings Limited Ordinary Shares,,,146467204,0,
TONX,TON Strategy Company Common Stock,,,145953587,0,
NVX,NOVONIX Limited American Depository Shares,,,144912731,0,
IMUX,"Immunic, Inc. Common Stock",,,144815956,0,
OWLT,"Owlet, Inc. Class A Common Stock",,,144744806,0,
DOUG,Douglas Elliman Inc. Common Stock,,,144676605,0,
DPRO,Draganfly Inc. Common Shares,,,144082845,0,
DUOT,"Duos Technologies Group, Inc. Common Stock",,,143210691,0,
BDSX,"Biodesix, Inc. Common Stock",,,142946191,0,
NXG,NXG NextGen Infrastructure Income Fund Common Shares of Beneficial Interest,,,142912150,0,
RMBI,"Richmond Mutual Bancorporation, Inc. Common Stock",,,142502098,0,
VENU,Venu Holding Corporation Common Stock,,,141965331,0,
FOA,Finance of America Companies Inc. Class A Common Stock,,,141962254,0,
DTIL,"Precision BioSciences, Inc. Common Stock",,,141917595,0,
RCMT,"RCM Technologies, Inc. Common Stock",,,141837161,0,
IDN,"Intellicheck, Inc. Common Stock",,,141471029,0,
UNCY,"Unicycive Therapeutics, Inc. Common Stock",,,141413386,0,
HQI,"HireQuest, Inc. Common Stock (DE)",,,140718000,0,
SRBK,"SR Bancorp, Inc. Common stock",,,140702700,0,
ALTS,ALT5 Sigma Corporation Common Stock,,,140236428,0,
MIST,Milestone Pharmaceuticals Inc. Common Shares,,,140024060,0,
FATE,"Fate Therapeutics, Inc. Common Stock",,,139516151,0,
EDAP,EDAP TMS S.A. American Depositary Shares,,,139432988,0,
LFCR,"Lifecore Biomedical, Inc. Common Stock",,,139374829,0,
PZG,Paramount Gold Nevada Corp. Common Stock,,,139129982,0,
HOFT,Hooker Furnishings Corporation Common Stock,,,138817034,0,
TRAK,"ReposiTrak, Inc. Common Stock",,,138345916,0,
BZUN,Baozun Inc. American Depositary Shares,,,138016881,0,
ACR,ACRES Commercial Realty Corp. Common Stock,,,137772871,0,
ORMP,Oramed Pharmaceuticals Inc. Common Stock,,,137517009,0,
WW,"WW International, Inc.  Common Stock",,,137351470,0,
CBUS,"Cibus, Inc. Class A Common Stock",,,137008322,0,
AP,Ampco-Pittsburgh Corporation Common Stock,,,136593334,0,
GAMB,Gambling.com Group Limited Ordinary Shares,,,136177097,0,
INVZ,Innoviz Technologies Ltd. Ordinary shares,,,135686152,0,
AFBI,"Affinity Bancshares, Inc. Common Stock (MD)",,,135672140,0,
PCTTW,"PureCycle Technologies, Inc. Warrant",,,135543963,0,
SPRO,"Spero Therapeutics, Inc. Common Stock",,,135466094,0,
BANX,ArrowMark Financial Corp. Common Stock,,,135376052,0,
SRI,"Stoneridge, Inc. Common Stock",,,135321777,0,
CRDL,Cardiol Therapeutics Inc. Class A Common Shares,,,134996825,0,
HUMA,"Humacyte, Inc. Common Stock",,,134698993,0,
BRLT,"Brilliant Earth Group, Inc. Class A Common Stock",,,134470062,0,
TMCWW,TMC the metals company Inc. Warrants,,,134426264,0,
FTLF,"FitLife Brands, Inc. Common Stock",,,133353222,0,
GGZ,Gabelli Global Small and Mid Cap Value Trust (The) Common Shares of Beneficial Interest,,,133256944,0,
ROC,Rank One Computing Corporation Common stock,,,132961334,0,
SHIM,Shimmick Corporation Common Stock,,,132456649,0,
SBFG,"SB Financial Group, Inc. Common Stock",,,132351555,0,
KLRS,"Kalaris Therapeutics, Inc. Common Stock",,,132296308,0,
BUDA,"Buda Juice, Inc. Common Stock",,,131949993,0,
NEOV,NeoVolta Inc. Common Stock,,,131550807,0,
AGL,"agilon health, inc. Common Stock",Healthcare,Medical Care Facilities,131353408,5932575744,
LCUT,"Lifetime Brands, Inc. Common Stock",,,130035148,0,
ZENA,"ZenaTech, Inc. Common Stock",,,128951927,0,
SANG,Sangoma Technologies Corporation Common Shares,,,128881886,0,
DH,Definitive Healthcare Corp. Class A Common Stock,,,128501016,0,
AGEN,Agenus Inc. Common Stock,,,128250502,0,
ANPA,Rich Sparkle Holdings Limited Ordinary Shares,,,128213900,0,
DERM,Journey Medical Corporation Common Stock,,,128180964,0,
GHG,"GreenTree Hospitality Group Ltd. American depositary shares, each representing one Class A ordinary share",,,127920859,0,
DOMO,"Domo, Inc. Class B Common Stock",,,127903386,0,
JLHL,Julong Holding Limited Class A Ordinary Shares,,,127833847,0,
IRS,IRSA Inversiones Y Representaciones S.A. Global Depositary Shares (Each representing ten shares of Common Stock),,,127770592,0,
NYXH,Nyxoah SA Ordinary Shares,,,127494217,0,
CODA,"Coda Octopus Group, Inc. Common stock",,,127420518,0,
JHS,John Hancock Income Securities Trust Common Stock,,,127413640,0,
CTW,CTW Cayman Class A Ordinary Shares,,,127296000,0,
BEBE,TGE Value Creative Solutions Corp Class A Ordinary Shares,,,127155600,0,
CAAS,"China Automotive Systems, Inc. Ordinary Share",,,126716948,0,
DGXX,Digi Power X Inc. Subordinate Voting Shares,,,126711733,0,
EQ,"Equillium, Inc. Common Stock",,,126453112,0,
GPRO,"GoPro, Inc. Class A Common Stock",,,126405058,0,
DHX,"DHI Group, Inc. Common Stock",,,126365711,0,
ACNT,Ascent Industries Co. Common Stock,,,126043304,0,
FRD,Friedman Industries Inc. Common Stock,,,126027865,0,
BNC,CEA Industries Inc. Common Stock,,,125255856,0,
RGP,"Resources Connection, Inc. Common Stock",,,124963034,0,
CVGI,"Commercial Vehicle Group, Inc. Common Stock",,,124931215,0,
JYNT,The Joint Corp. Common Stock,,,124911856,0,
FGBI,"First Guaranty Bancshares, Inc. Common Stock",,,124665930,0,
NAMM,Namib Minerals Ordinary Shares,,,123994861,0,
TLYS,"Tilly's, Inc. Common Stock",,,123418364,0,
OIO,OIO Group Ordinary Shares,,,123357908,0,
AMCI,AMC Robotics Corporation Common Stock,,,123257820,0,
ANTX,"AN2 Therapeutics, Inc. Common Stock",,,122918887,0,
ASRT,"Assertio Holdings, Inc. Common Stock",,,122844769,0,
BSET,"Bassett Furniture Industries, Incorporated Common Stock",,,122459336,0,
PEPG,PepGen Inc. Common Stock,,,122334067,0,
ONL,Orion Properties Inc. Common Stock,,,122184646,0,
EML,Eastern Company (The) Common Stock,,,122176534,0,
BDTX,"Black Diamond Therapeutics, Inc. Common Stock",,,122025038,0,
WALD,Waldencast plc Class A Ordinary Share,,,121808400,0,
HOVNP,Hovnanian Enterprises Inc Dep Shr Srs A Pfd,,,121732977,0,
FONR,Fonar Corporation Common Stock,,,121673180,0,
TTEC,"TTEC Holdings, Inc. Common Stock",,,121413870,0,
PROP,Prairie Operating Co. Common Stock,,,121082618,0,
THRY,"Thryv Holdings, Inc. Common Stock",,,121012163,0,
INO,"Inovio Pharmaceuticals, Inc. Common Stock",,,120220003,0,
SILC,Silicom Ltd Ordinary Shares,,,120197522,0,
ACOG,Alpha Cognition Inc. Common Stock,,,119364151,0,
SRL,Scully Royalty Ltd.,,,119070065,0,
VLN,Valens Semiconductor Ltd. Ordinary Shares,,,118980751,0,
LSBK,"Lake Shore Bancorp, Inc. Common Stock",,,118951998,0,
MTC,"MMTec, Inc. Common Shares",,,118881998,0,
TUSK,"Mammoth Energy Services, Inc. Common Stock",,,118477872,0,
MDXH,MDxHealth SA Ordinary Shares,,,118138396,0,
GOAI,Eva Live Inc. Common Stock,,,118070209,0,
ATLX,Atlas Lithium Corporation Common Stock,,,118040408,0,
IPHA,Innate Pharma S.A. ADS,,,117961149,0,
OPRX,OptimizeRx Corporation Common Stock,,,117826635,0,
AOUT,"American Outdoor Brands, Inc. Common Stock ",,,117644398,0,
TBI,"TrueBlue, Inc. Common Stock",,,117544926,0,
HYNE,"Hoyne Bancorp, Inc. Common Stock",,,117203178,0,
CXE,MFS High Income Municipal Trust Common Stock,,,116960618,0,
COE,"51Talk Online Education Group American depositary shares, each representing 60 Class A ordinary shares",,,116662147,0,
DLTH,Duluth Holdings Inc. Class B Common Stock,,,116171661,0,
RMAX,"RE/MAX Holdings, Inc. Class A Common Stock",,,116020535,0,
GHI,Greystone Housing Impact Investors LP Beneficial Unit Certificates representing assignments of limited partnership interests,,,115927549,0,
FURY,Fury Gold Mines Limited Common Shares,,,115207183,0,
CHPT,"ChargePoint Holdings, Inc. Common Stock",,,114954013,0,
ZJK,"ZJK Industrial Co., Ltd. Class A Ordinary Shares",,,114782936,0,
WHLRL,"Wheeler Real Estate Investment Trust, Inc. 7.00% Senior Subordinated Convertible Notes Due 2031",,,114718640,0,
GLU,Gabelli Global Utility Common Shares of Beneficial Ownership,,,114334490,0,
RVSB,Riverview Bancorp Inc Common Stock,,,113909956,0,
PMN,ProMIS Neurosciences Inc. Common Shares (ON),,,113889701,0,
SKIN,The Beauty Health Company Class A Common Stock,,,113718015,0,
ODYS,Odysight.ai Inc. Common Stock,,,113697900,0,
RCEL,"Avita Medical, Inc. Common Stock",,,113337638,0,
CHSN,Chanson International Holding Class A Ordinary Shares,,,113038462,0,
JHI,John Hancock Investors Trust Common Stock,,,112892102,0,
UNB,"Union Bankshares, Inc. Common Stock",,,112213623,0,
SFBC,"Sound Financial Bancorp, Inc. Common Stock",,,112162876,0,
MGYR,"Magyar Bancorp, Inc. Common Stock",,,112134024,0,
MED,MEDIFAST INC Common Stock,,,112001072,0,
REKR,"Rekor Systems, Inc. Common Stock",,,111895213,0,
AKA,a.k.a. Brands Holding Corp. Common Stock,,,111542119,0,
RFIL,"RF Industries, Ltd. Common Stock",,,111495093,0,
SLQT,"SelectQuote, Inc. Common Stock",,,110974343,0,
CRDF,"Cardiff Oncology, Inc. Common Stock",,,110751266,0,
BAER,"Bridger Aerospace Group Holdings, Inc. Common Stock",,,110728172,0,
BMEA,"Biomea Fusion, Inc. Common Stock",,,110618143,0,
BSBK,Bogota Financial Corp. Common Stock,,,109814611,0,
ARQ,"Arq, Inc. Common Stock",,,109694083,0,
HURA,"TuHURA Biosciences, Inc. Common Stock",,,108689709,0,
ULBI,Ultralife Corporation Common Stock,,,108600400,0,
FORR,"Forrester Research, Inc. Common Stock",,,108536160,0,
DMRC,Digimarc Corporation Common Stock,,,108478039,0,
GNLX,Genelux Corporation Common Stock,,,108430063,0,
KULR,"KULR Technology Group, Inc. Common Stock",,,108266404,0,
GGT,"Gabelli Multi-Media Trust, Inc. (The) Common Stock",,,108215501,0,
MMLP,Martin Midstream Partners L.P. Limited Partnership,,,107792037,0,
DWSN,Dawson Geophysical Company Common Stock,,,107425391,0,
JELD,"JELD-WEN Holding, Inc. Common Stock",,,107018375,0,
BOOM,DMC Global Inc. Common Stock,,,106731612,0,
HYPR,"Hyperfine, Inc. Class A Common Stock",,,105794327,0,
CRMT,America's Car-Mart Inc Common Stock,,,105690189,0,
IMDX,Insight Molecular Diagnostics Inc. Common Stock,,,105510968,0,
ISPR,Ispire Technology Inc. Common Stock,,,105413350,0,
GLND,Greenland Energy Company Common Stock,,,104901563,0,
EP,Empire Petroleum Corporation Common Stock,,,104869272,0,
MAPS,"WM Technology, Inc. Class A Common Stock ",,,104712111,0,
CLAR,Clarus Corporation Common Stock,,,104452961,0,
LPA,Logistic Properties of the Americas Ordinary Shares,,,104338790,0,
SCOR,"comScore, Inc. Common Stock",,,104263187,0,
SUNS,"Sunrise Realty Trust, Inc. Common Stock",,,103695754,0,
FGMC,FG Merger II Corp. Common stock,,,103428020,0,
NUAIW,"New Era Energy & Digital, Inc. Warrants",,,103330840,0,
AREN,"The Arena Group Holdings, Inc. Common Stock",,,103298054,0,
RPID,"Rapid Micro Biosystems, Inc. Class A Common Stock",,,103200994,0,
PROV,"Provident Financial Holdings, Inc. Common Stock",,,102765322,0,
KPTI,Karyopharm Therapeutics Inc. Common Stock,,,102175902,0,
MX,Magnachip Semiconductor Corporation Common Stock,,,102034391,0,
ALDX,"Aldeyra Therapeutics, Inc. Common Stock",,,101708902,0,
SEER,"Seer, Inc. Class A Common Stock",,,101551536,0,
CMU,MFS Municipal Income Trust Common Stock,,,101404624,0,
RPT,Rithm Property Trust Inc. Common stock,,,101379841,0,
UBXG,U-BX Technology Ltd. Class A Ordinary Shares,,,101149034,0,
MB,MasterBeef Group Ordinary Shares,,,100810000,0,
STIM,"Neuronetics, Inc. Common Stock",,,100451060,0,
MRCC,Monroe Capital Corporation Common Stock,,,99665164,0,
CMTL,Comtech Telecommunications Corp. Common Stock,,,98717275,0,
BHST,BioHarvest Sciences Inc. Common Stock,,,98319614,0,
KEQU,Kewaunee Scientific Corporation Common Stock,,,98230980,0,
HFFG,HF Foods Group Inc. Common Stock,,,98131089,0,
NAKA,Nakamoto Inc. Common Stock,,,97163061,0,
DGNX,Diginex Limited Ordinary Shares,,,96956245,0,
DFDV,DeFi Development Corp. Common Stock,,,96950243,0,
VIRC,Virco Manufacturing Corporation Common Stock,,,96458183,0,
LICN,Lichen International Limited Class A Ordinary Shares,,,96328268,0,
RMI,"RiverNorth Opportunistic Municipal Income Fund, Inc. Common Stock",,,95981416,0,
LONA,"LeonaBio, Inc. Common Stock",,,95973186,0,
MGF,MFS Government Markets Income Trust Common Stock,,,95836335,0,
RDZN,"Roadzen, Inc. Ordinary Shares",,,95634806,0,
TWG,Top Wealth Group Holding Limited Class A Ordinary Shares,,,95619771,0,
MERC,Mercer International Inc. Common Stock,,,95115159,0,
HURC,"Hurco Companies, Inc. Common Stock",,,94827338,0,
TTRX,Turn Therapeutics Inc. Common Stock,,,94224586,0,
QTTB,Q32 Bio Inc. Common Stock,,,93921152,0,
FLNT,"Fluent, Inc. Common Stock",,,93649340,0,
BOTJ,"Bank of the James Financial Group, Inc. Common Stock",,,93592763,0,
ALVOW,Alvotech Warrant,,,93559760,0,
HCAT,"Health Catalyst, Inc Common Stock",,,93454452,0,
LGO,Largo Inc. Common Shares,,,93310560,0,
BCIC,BCP Investment Corporation Common Stock,,,93146623,0,
SUIG,Sui Group Holdings Limited Common Stock,,,92931475,0,
TSQ,"Townsquare Media, Inc. Class A Common Stock",,,92880764,0,
MHNC,"Maiden Holdings North America, Ltd. 7.75% Notes due 2043",,,92825897,0,
COYA,"Coya Therapeutics, Inc. Common Stock",,,92421301,0,
BEEP,Mobile Infrastructure Corporation Common Stock,,,92288000,0,
AMTD,"AMTD IDEA Group American Depositary Shares, each representing six (6) Class A Ordinary Shares",,,91914280,0,
CHMI,Cherry Hill Mortgage Investment Corporation Common Stock,,,91848845,0,
NOMA,NOMADAR Corp. Class A Common Stock,,,91837486,0,
OPXS,"Optex Systems Holdings, Inc. Common Stock",,,91746560,0,
PYXS,"Pyxis Oncology, Inc. Common Stock",,,91733619,0,
STHO,Star Holdings Shares of Beneficial Interest,,,91511989,0,
ONCY,"Oncolytics Biotech, Inc. Common Shares",,,91336292,0,
MRDN,Meridian Holdings Inc. Common Stock,,,91268468,0,
RANI,"Rani Therapeutics Holdings, Inc. Class A Common Stock",,,90889092,0,
VRCA,Verrica Pharmaceuticals Inc. Common Stock,,,90875778,0,
SPRB,"Spruce Biosciences, Inc. Common Stock",,,89663010,0,
TOUR,Tuniu Corporation American Depositary Shares,,,89340316,0,
SSBI,Summit State Bank Common Stock,,,89219748,0,
INKT,"MiNK Therapeutics, Inc. Common Stock",,,88975330,0,
MCRP,Micropolis AI Robotics Ordinary Shares,,,88965540,0,
MGRT,Mega Fortune Company Limited Ordinary Shares,,,88825000,0,
PEW,GrabAGun Digital Holdings Inc. Common Stock,,,88824191,0,
INVE,"Identiv, Inc. Common Stock",,,88607859,0,
AEC,Anfield Energy Inc. Common Shares,,,88597918,0,
SRFM,Surf Air Mobility Inc. Common Stock,,,88542240,0,
SHMDW,SCHMID Group N.V. Warrants,,,88408716,0,
VRA,"Vera Bradley, Inc. Common Stock",,,88370468,0,
FBIO,"Fortress Biotech, Inc. Common Stock",,,88269844,0,
DRTSW,Alpha Tau Medical Ltd. Warrant,,,88009737,0,
ZVIA,Zevia PBC Class A Common Stock,,,87868713,0,
IH,"iHuman Inc. American depositary shares, each representing five Class A ordinary shares",,,87844290,0,
DIT,AMCON Distributing Company Common Stock,,,87835909,0,
UBCP,"United Bancorp, Inc. Common Stock",,,87561719,0,
BARK,"BARK, Inc. Class A Common Stock",,,87557408,0,
EVF,Eaton Vance Senior Income Trust Common Stock,,,87518901,0,
AMWL,American Well Corporation Class A Common Stock,,,87062510,0,
MSLE,Satellos Bioscience Inc. Common Stock,,,87033770,0,
HIT,"Health In Tech, Inc. Class A Common Stock",,,86939500,0,
TMCI,"Treace Medical Concepts, Inc. Common Stock",,,86551274,0,
ANIX,"Anixa Biosciences, Inc. Common Stock",,,86501874,0,
FUSB,"First US Bancshares, Inc. Common Stock",,,86447402,0,
WATT,Energous Corporation Common Stock,,,86312243,0,
JFB,JFB Construction Holdings Class A Common Stock,,,85852462,0,
RFM,"RiverNorth Flexible Municipal Income Fund, Inc. Common Stock",,,85789227,0,
CSPI,CSP Inc. Common Stock,,,85747684,0,
WRAP,"Wrap Technologies, Inc. Common Stock",,,85470083,0,
FMN,Federated Hermes Premier Municipal Income Fund,Financial Services,Asset Management,85458408,7705711,
SAFX,"XCF Global, Inc. Class A Common Stock",,,85042180,0,
MCRB,"Seres Therapeutics, Inc. Common Stock",,,85030463,0,
KZIA,Kazia Therapeutics Limited American Depositary Shares,,,85016129,0,
MAIA,"MAIA Biotechnology, Inc. Common Stock",,,84940087,0,
CRGO,Freightos Limited Ordinary shares,,,84760937,0,
VANI,"Vivani Medical, Inc. Common Stock (DE)",,,84647803,0,
DLHC,DLH Holdings Corp.,,,84349464,0,
EIC,Eagle Point Income Company Inc. Common Stock,,,84092540,0,
SSTI,"SoundThinking, Inc. Common Stock",,,84063759,0,
RGT,"Royce Global Trust, Inc. Common Stock",,,83738892,0,
KG,"Kestrel Group, Ltd.",,,83612984,0,
PYPD,PolyPid Ltd. Ordinary Shares,,,83584574,0,
INTG,Intergroup Corporation (The) Common Stock,,,83484784,0,
AUBN,"Auburn National Bancorporation, Inc. Common Stock",,,83377127,0,
SOGP,Sound Group Inc. American Depositary Shares,,,83312489,0,
BMHL,Bluemount Holdings Limited Class B Ordinary Shares,,,83312263,0,
SGMO,"Sangamo Therapeutics, Inc. Common Stock",,,83080489,0,
SLNG,"Stabilis Solutions, Inc. Common Stock",,,82939502,0,
CHGG,"Chegg, Inc. Common Stock",,,82876372,0,
NRXS,"Neuraxis, Inc. Common Stock",,,82788529,0,
SIF,"SIFCO Industries, Inc. Common Stock",,,82723354,0,
NRT,North European Oil Royality Trust Common Stock,,,82715310,0,
GCTS,"GCT Semiconductor Holding, Inc. Common Stock",,,82643292,0,
FNWB,First Northwest Bancorp Common Stock,,,82453924,0,
MHLA,"Maiden Holdings, Ltd. 6.625% Notes due 2046",,,82296854,0,
GNSS,Genasys Inc. Common Stock,,,82286406,0,
AARD,"Aardvark Therapeutics, Inc. Common Stock",,,82246475,0,
LIDR,"AEye, Inc. Class A Common Stock",,,82076113,0,
GANX,"Gain Therapeutics, Inc. Common Stock",,,81949377,0,
FLNA,"Filana Therapeutics, Inc. Common Stock",,,81640344,0,
WWR,"Westwater Resources, Inc. Common Stock",,,81543260,0,
GCV,"Gabelli Convertible and Income Securities Fund, Inc. (The) Common Stock",,,81491324,0,
FLL,"Full House Resorts, Inc. Common Stock",,,81411908,0,
EXFY,"Expensify, Inc. Class A Common Stock",,,80994587,0,
SCAG,Scage Future American Depositary Shares,,,80596728,0,
DTF,DTF Tax-Free Income 2028 Term Fund Inc. Common Stock,,,80488542,0,
WSTN,Westin Acquisition Corp Class A Ordinary Share,,,80469450,0,
LAKE,"Lakeland Industries, Inc. Common Stock",,,80312188,0,
MAYS,"J. W. Mays, Inc. Common Stock",,,80177650,0,
BLNK,Blink Charging Co. Common Stock,,,80076176,0,
SPAI,Safe Pro Group Inc. Common Stock,,,79908159,0,
CPHC,Canterbury Park Holding Corporation 'New' Common Stock,,,79879808,0,
CSBR,"Champions Oncology, Inc. Common Stock",,,79849250,0,
COOK,"Traeger, Inc. Common Stock",,,79605899,0,
AEYE,"AudioEye, Inc. Common Stock",,,79599393,0,
SERA,"Sera Prognostics, Inc. Class A Common Stock",,,79462011,0,
PBHC,"Pathfinder Bancorp, Inc. Common Stock (MD)",,,78786722,0,
FDSB,"Fifth District Bancorp, Inc. Common Stock",,,78454131,0,
SLNH,"Soluna Holdings, Inc. Common Stock",,,78333187,0,
VWAV,"VisionWave Holdings, Inc. Common Stock",,,78288698,0,
NTIC,Northern Technologies International Corporation Common Stock,,,78214088,0,
XTNT,"Xtant Medical Holdings, Inc. Common Stock",,,78122366,0,
PFX,PhenixFIN Corporation Common Stock,,,78051997,0,
PLRX,"Pliant Therapeutics, Inc. Common Stock",,,78012477,0,
BODI,"The Beachbody Company, Inc. Class A Common Stock",,,77971803,0,
AISP,"Airship AI Holdings, Inc. Class A Common Stock",,,77681086,0,
SIEB,Siebert Financial Corp. Common Stock,,,77619717,0,
VATE,INNOVATE Corp. Common Stock,,,77504321,0,
SMJF,SMJ International Holdings Inc. Class A Ordinary Shares,,,77500000,0,
LSE,"Leishen Energy Holding Co., Ltd. Class A Ordinary Shares",,,77123250,0,
GOSS,"Gossamer Bio, Inc. Common Stock",,,77097728,0,
NCTY,The9 Limited American Depository Shares,,,77061853,0,
HNNA,"Hennessy Advisors, Inc. Common Stock",,,76948726,0,
SGA,"Saga Communications, Inc. Class A Common Stock (FL)",,,76712466,0,
PMI,"Picard Medical, Inc. Common Stock",,,76649223,0,
ATYR,"aTyr Pharma, Inc. Common Stock",,,76479945,0,
TGEN,Tecogen Inc. Common Stock,,,76429386,0,
NSPR,InspireMD Inc. Common Stock,,,76286544,0,
PARK,"Park Dental Partners, Inc. Common Stock",,,75762606,0,
XPL,Solitario Resources Corp. Common Stock,,,75616289,0,
MIND,"MIND Technology, Inc. Common Stock (DE)",,,75467985,0,
VIOT,"Viomi Technology Co., Ltd American Depositary Shares",,,75439454,0,
STEM,"Stem, Inc. Class A Common Stock",,,75307730,0,
VGAS,"Verde Clean Fuels, Inc. Class A Common Stock",,,75288859,0,
GLV,Clough Global Dividend and Income Fund Common Shares of beneficial interest,,,75240731,0,
MXCT,"MaxCyte, Inc. Common Stock",,,75070153,0,
ZONE,CleanCore Solutions Inc. Class B Common Stock,,,75021184,0,
IOR,"Income Opportunity Realty Investors, Inc. Common Stock",,,74573705,0,
GCL,GCL Global Holdings Ltd Ordinary Shares,,,74527753,0,
SPRU,Spruce Power Holding Corporation Class A Common Stock,,,74492338,0,
PLCE,"Children's Place, Inc. (The) Common Stock",,,74484107,0,
BLUW,Blue Water Acquisition Corp. III Class A Ordinary Shares,,,74478600,0,
RSSS,"Research Solutions, Inc Common Stock",,,74366376,0,
GMM,Global Mofy AI Limited Class A Ordinary Shares,,,74352081,0,
SEV,Aptera Motors Corp. Class B Common Stock,,,74156453,0,
YOUL,Youlife Group Inc. American Depositary Shares,,,74124570,0,
ODVWZ,Osisko Development Corp. Warrant expiring 5/27/2027,,,73941235,0,
TLSIW,"TriSalus Life Sciences, Inc. Warrant",,,73567724,0,
SFWL,Shengfeng Development Limited Class A Ordinary Shares,,,73422787,0,
AURE,Aurelion Inc. Class A Ordinary Shares,,,73349524,0,
CBAT,"CBAK Energy Technology, Inc. Common Stock",,,73318971,0,
BATL,Battalion Oil Corporation Common Stock,,,73092096,0,
KNDI,"Kandi Technologies Group, Inc. Ordinary Shares",,,72996540,0,
TISI,"Team, Inc. Common Stock",,,72867829,0,
OCC,Optical Cable Corporation Common Stock,,,72860684,0,
CXH,MFS Investment Grade Municipal Trust Common Stock,,,72790858,0,
NNBR,"NN, Inc. Common Stock",,,72775680,0,
GUTS,"Fractyl Health, Inc. Common Stock",,,72629495,0,
LUD,Luda Technology Group Limited Ordinary Shares,,,72608000,0,
BDMD,Baird Medical Investment Holdings Ltd Ordinary Share,,,72551162,0,
BGSF,"BGSF, Inc. Common Stock",,,72462622,0,
CING,Cingulate Inc. Common Stock,,,72213687,0,
XGN,Exagen Inc. Common Stock,,,72159174,0,
CPBI,"Central Plains Bancshares, Inc. Common Stock",,,71951913,0,
AEI,Alset Inc. Common Stock (TX),,,71904436,0,
ASPS,Altisource Portfolio Solutions S.A. Common Stock,,,71846905,0,
INLF,INLIF LIMITED Class A Ordinary Shares,,,71814590,0,
PRPL,"Purple Innovation, Inc. Common Stock",,,71679983,0,
XBIT,XBiotech Inc. Common Stock,,,71646168,0,
CYPH,Cypherpunk Technologies Inc. Common Stock,,,71497805,0,
HSDT,Solana Company Class A Common Stock (DE),,,71451422,0,
XTIA,"XTI Aerospace, Inc. Common Stock",,,71433208,0,
CCG,Cheche Group Inc. Class A Ordinary Shares,,,71404874,0,
LNSR,"LENSAR, Inc. Common Stock",,,71189494,0,
AVD,American Vanguard Corporation Common Stock ($0.10 Par Value),,,71063509,0,
CEV,Eaton Vance California Municipal Income Trust Shares of Beneficial Interest,,,70792932,0,
QTI,"QT Imaging Holdings, Inc. Common Stock",,,70689475,0,
SNT,Senstar Technologies Corporation Common Shares,,,70679759,0,
PTHS,Pelthos Therapeutics Inc. Common Stock,,,70499958,0,
DWTX,"Dogwood Therapeutics, Inc. Common Stock",,,70477277,0,
NRXP,"NRX Pharmaceuticals, Inc. Common Stock",,,70434052,0,
SLND,"Southland Holdings, Inc. Common Stock",,,70346947,0,
OM,"Outset Medical, Inc. Common Stock",,,70316644,0,
ALOT,"AstroNova, Inc. Common Stock",,,70197107,0,
COEP,Coeptis Therapeutics Holdings Inc. Common Stock,,,69824540,0,
NA,Nano Labs Ltd Class A Ordinary Shares,,,69772626,0,
QMCO,Quantum Corporation Common Stock,,,69530638,0,
VRM,"Vroom, Inc. Common Stock",,,69292832,0,
TORO,Toro Corp. Common Stock,,,69215217,0,
GAIA,"Gaia, Inc. Class A Common Stock",,,69188705,0,
BTCS,BTCS Inc. Common Stock,,,69158394,0,
LOOP,"Loop Industries, Inc. Common Stock",,,69122704,0,
BRID,Bridgford Foods Corporation Common Stock,,,68983923,0,
GPMT,Granite Point Mortgage Trust Inc. Common Stock,,,68967282,0,
INMB,INmune Bio Inc. Common stock,,,68903775,0,
FSP,Franklin Street Properties Corp. Common Stock,,,68902231,0,
YTRA,"Yatra Online, Inc. Ordinary Shares",,,68881883,0,
FSI,Flexible Solutions International Inc. Common Stock (CDA),,,68788858,0,
UPXI,"Upexi, Inc. Common Stock",,,68756029,0,
THCH,TH International Limited Ordinary shares,,,68481779,0,
BYFC,Broadway Financial Corporation Class A Common Stock,,,68444783,0,
UHG,"United Homes Group, Inc Class A Common Stock",,,68239572,0,
DTCX,"Datacentrex, Inc. Common Stock",,,68151566,0,
CLST,"Catalyst Bancorp, Inc. Common Stock",,,68122210,0,
MCHX,"Marchex, Inc. Class B Common Stock",,,68060807,0,
BLNE,"Beeline Holdings, Inc. Common Stock",,,68013853,0,
KSCP,"Knightscope, Inc. Class A Common Stock",,,67899747,0,
CGTX,"Cognition Therapeutics, Inc. Common Stock",,,67864191,0,
LFS,"LEIFRAS Co., Ltd. American Depositary Shares  ",,,67756003,0,
MHH,"Mastech Digital, Inc Common Stock",,,67474302,0,
BYSI,BeyondSpring Inc. Ordinary Shares,,,67436505,0,
MNOV,Medicinova Inc Common Stock,,,67433107,0,
CPSH,CPS Technologies Corp. Common Stock,,,67346042,0,
AIRG,"Airgain, Inc. Common Stock",,,67231406,0,
WFCF,"Where Food Comes From, Inc. Common Stock",,,67221556,0,
SLSN,"Solesence, Inc. Common Stock",,,66911251,0,
ARBE,Arbe Robotics Ltd. Ordinary Shares,,,66604748,0,
AFCG,Advanced Flower Capital Inc. Common Stock,,,66351340,0,
UFI,"Unifi, Inc. New Common Stock",,,66334352,0,
PMVP,"PMV Pharmaceuticals, Inc. Common Stock",,,66128446,0,
GRWG,GrowGeneration Corp. Common Stock,,,66099996,0,
LFT,"Lument Finance Trust, Inc. Common Stock",,,66023074,0,
XCH,XCHG Limited American Depositary Share,,,65991207,0,
FLD,"Fold Holdings, Inc. Class A Common Stock",,,65777313,0,
SYPR,"Sypris Solutions, Inc. Common Stock",,,65635415,0,
IBIO,"iBio, Inc. Common Stock",,,65632766,0,
SRTS,"Sensus Healthcare, Inc. Common Stock",,,65518995,0,
LGCL,Lucas GC Limited Ordinary Shares,,,65469352,0,
ACET,"Adicet Bio, Inc. Common Stock",,,65351532,0,
RFL,"Rafael Holdings, Inc. Class B Common Stock",,,65015175,0,
ACTU,"Actuate Therapeutics, Inc. Common stock",,,64965244,0,
MOB,Mobilicom Limited Ordinary Shares,,,64935527,0,
NEOVW,NeoVolta Inc. Warrant,,,64916906,0,
PAVM,PAVmed Inc. Common Stock,,,64788353,0,
TZOO,Travelzoo Common Stock,,,64719435,0,
IBO,"Impact BioMedical, Inc. Common Stock",,,64692739,0,
IFRX,InflaRx N.V. Common Stock,,,64658733,0,
HLP,Hongli Group Inc. Ordinary Shares,,,64626100,0,
FORA,Forian Inc. Common Stock,,,64602115,0,
GENK,"GEN Restaurant Group, Inc. Class A Common Stock",,,64566879,0,
SLMT,Brera Holdings PLC Class B Ordinary Shares,,,64283896,0,
OBTC,Osprey Bitcoin Trust Common Units of Beneficial Interest,,,64166296,0,
SOTK,Sono-Tek Corporation Common Stock,,,63784179,0,
SEAT,Vivid Seats Inc. Class A Common Stock,,,63625618,0,
HAIN,"Hain Celestial Group, Inc. (The) Common Stock",,,63494734,0,
CRT,Cross Timbers Royalty Trust Common Stock,,,63480000,0,
ANVS,"Annovis Bio, Inc. Common Stock",,,63232234,0,
TEAD,Teads Holding Co. Common Stock,,,63212716,0,
EXOZ,eXoZymes Inc. Common Stock,,,63085938,0,
HTCO,High-Trend International Group Class A Ordinary Shares,,,62996814,0,
AGIG,Abundia Global Impact Group Inc. Common stock,,,62958239,0,
ZBAI,ATIF Holdings Limited Ordinary Shares,,,62911575,0,
CLSKW,"CleanSpark, Inc. Warrant",,,62659464,0,
HOVR,New Horizon Aircraft Ltd. Class A Ordinary Share,,,62396376,0,
DCGO,DocGo Inc. Common Stock,,,62123783,0,
GRCE,"Grace Therapeutics, Inc. Common Stock",,,62119483,0,
HOUR,"Hour Loop, Inc. Common Stock",,,62099566,0,
OPHC,"OptimumBank Holdings, Inc. Common Stock",,,62048829,0,
RGS,Regis Corporation Common Stock,,,61694829,0,
ASRV,AmeriServ Financial Inc. Common Stock,,,61410647,0,
NSTS,"NSTS Bancorp, Inc. Common Stock",,,61349475,0,
GEG,"Great Elm Group, Inc. Common Stock",,,61232314,0,
PVL,Permianville Royalty Trust Units of Beneficial Interest,,,61050000,0,
FNGR,"FingerMotion, Inc. Common Stock",,,60974901,0,
IZEA,"IZEA Worldwide, Inc. Common Stock",,,60849785,0,
HAO,Haoxi Health Technology Limited Class A Ordinary Shares,,,60632705,0,
MYPS,"PLAYSTUDIOS, Inc.  Class A Common Stock",,,60174011,0,
KBSX,FST Corp. Ordinary Shares,,,59538784,0,
LVO,"LiveOne, Inc. Common Stock",,,59407687,0,
TGE,The Generation Essentials Group Class A Ordinary Shares,,,59122505,0,
VHC,VirnetX Holding Corp Common Stock,,,59062602,0,
FSEA,"First Seacoast Bancorp, Inc. Common Stock",,,58958511,0,
AIRT,"Air T, Inc. Common Stock",,,58917530,0,
FTCI,"FTC Solar, Inc. Common Stock",,,58912048,0,
VOC,VOC Energy Trust Units of Beneficial Interest,,,58820000,0,
DRIO,DarioHealth Corp. Common Stock,,,58549256,0,
LPCN,Lipocine Inc. Common Stock,,,58324499,0,
FEAM,"5E Advanced Materials, Inc. Common Stock",,,58116636,0,
CLNN,Clene Inc. Common Stock,,,58067054,0,
SELF,"Global Self Storage, Inc. Common Stock",,,57950221,0,
GPUS,"Hyperscale Data, Inc. Common Stock",,,57872746,0,
CDLX,"Cardlytics, Inc. Common Stock",,,57806981,0,
BDL,"Flanigan's Enterprises, Inc. Common Stock",,,57618057,0,
TCRX,"TScan Therapeutics, Inc. Common Stock",,,57470639,0,
ICCC,ImmuCell Corporation Common Stock,,,57260237,0,
MNY,MoneyHero Limited Class A Ordinary Shares,,,57029321,0,
ZTEK,Zentek Ltd. Common Stock,,,56761488,0,
OKUR,"OnKure Therapeutics, Inc. Class A Common Stock",,,56608559,0,
SCLX,Scilex Holding Company Common Stock,,,56551838,0,
YI,"111, Inc. American Depositary Shares",,,56511683,0,
HPAI,Helport AI Limited Ordinary Shares,,,56470365,0,
FFAI,Faraday Future Intelligent Electric Inc. Class A Common Stock,,,56439381,0,
FIEE,"FiEE, Inc Common Stock",,,56014901,0,
WKEY,WISeKey International Holding Ltd American Depositary Shares,,,55935118,0,
TIL,"Instil Bio, Inc. Common Stock",,,55883482,0,
CATO,Cato Corporation (The) Class A Common Stock,,,55865632,0,
CTM,"Castellum, Inc. Common Stock",,,55774216,0,
AVX,Avax One Technology Ltd. Common Shares,,,55690376,0,
EDRY,EuroDry Ltd. Common Shares ,,,55685931,0,
BGM,BGM Group Ltd. Class A Ordinary Shares,,,55647879,0,
STKS,"The ONE Group Hospitality, Inc. Common Stock",,,55616764,0,
JAGU,Jaguar Uranium Corp. Class A Common Shares,,,55532887,0,
PODC,"PodcastOne, Inc. Common Stock",,,55406635,0,
PRTS,"CarParts.com, Inc. Common Stock",,,55392717,0,
LFVN,Lifevantage Corporation Common Stock (Delaware),,,55267311,0,
WHLRD,"Wheeler Real Estate Investment Trust, Inc. Series D Cumulative Preferred Stock",,,55064947,0,
FRMM,"Forum Markets, Incorporated Common Stock",,,54945348,0,
CTNT,Cheetah Net Supply Chain Service Inc Class A Common Stock,,,54934195,0,
RADX,Radiopharm Theranostics Limited American Depositary Shares,,,54842432,0,
CTOR,"Citius Oncology, Inc. Common Stock",,,54721799,0,
KZR,"Kezar Life Sciences, Inc. Common Stock",,,54696730,0,
LUNG,Pulmonx Corporation Common Stock,,,54485992,0,
OKYO,OKYO Pharma Limited Ordinary Shares,,,54482400,0,
SPWH,"Sportsman's Warehouse Holdings, Inc. Common Stock",,,54258344,0,
ANNAW,"AleAnna, Inc. Warrant",,,53989968,0,
MDIA,Mediaco Holding Inc. Class A Common Stock ,,,53921781,0,
ACRV,"Acrivon Therapeutics, Inc. Common Stock",,,53854780,0,
ELTK,Eltek Ltd. Ordinary Shares,,,53825814,0,
GROV,"Grove Collaborative Holdings, Inc. Class A Common Stock",,,53790327,0,
UCL,uCloudlink Group Inc. American Depositary Shares,,,53477710,0,
ATHE,Alterity Therapeutics Limited American Depositary Shares,,,53410748,0,
BTMD,Biote Corp. Class A Common Stock,,,53393507,0,
BRIA,BrilliA Inc Class A Ordinary Shares,,,53287500,0,
IMA,"ImageneBio, Inc. Common Stock",,,53271405,0,
HFBL,"Home Federal Bancorp, Inc. of Louisiana Common Stock",,,53191220,0,
RRGB,"Red Robin Gourmet Burgers, Inc. Common Stock",,,53136517,0,
UEIC,Universal Electronics Inc. Common Stock,,,53001377,0,
SJ,Scienjoy Holding Corporation Class A Ordinary Shares ,,,52924281,0,
HYFT,MindWalk Holdings Corp. Common Stock,,,52784409,0,
PSIG,PS International Group Ltd. Ordinary Shares,,,52773384,0,
DOMH,Dominari Holdings Inc. Common Stock,,,52722914,0,
ELBM,Electra Battery Materials Corporation Common Stock,,,52445253,0,
NXXT,"NextNRG, Inc. Common Stock",,,52428929,0,
VHUB,"VenHub Global, Inc. Common Stock",,,52387231,0,
GNS,Genius Group Limited Ordinary Shares,,,52011664,0,
ENTX,Entera Bio Ltd. Ordinary Shares,,,51750685,0,
XBP,"XBP Global Holdings, Inc. Common Stock",,,51707027,0,
ABVE,Above Food Ingredients Inc. Common Stock,,,51703766,0,
CVU,"CPI Aerostructures, Inc. Common Stock",,,51686176,0,
IMMP,Immutep Limited American Depositary Shares,,,51664404,0,
AIRTP,"Air T, Inc. Air T Funding Alpha Income Trust Preferred Securities",,,51647702,0,
CPIX,Cumberland Pharmaceuticals Inc. Common Stock,,,51606217,0,
INDO,Indonesia Energy Corporation Limited Ordinary Shares,,,51556911,0,
MPU,Mega Matrix Inc. Class A Ordinary Shares,,,51539501,0,
GGR,Gogoro Inc. Ordinary Shares,,,51343113,0,
MREO,Mereo BioPharma Group plc American Depositary Shares,,,51198050,0,
KLXE,"KLX Energy Services Holdings, Inc. Common Stock",,,51138755,0,
COCH,"Envoy Medical, Inc. Class A Common Stock",,,51133626,0,
CNVS,Cineverse Corp. Class A Common Stock,,,51107678,0,
AGH,Aureus Greenway Holdings Inc. Common Stock,,,51040847,0,
LOAN,"Manhattan Bridge Capital, Inc",,,50860612,0,
FNUC,Frontier Nuclear and Minerals Inc. Common Shares,,,50653816,0,
TRT,Trio-Tech International Common Stock,,,50572780,0,
TCBS,"Texas Community Bancshares, Inc. Common Stock",,,50523214,0,
MGX,"Metagenomi Therapeutics, Inc. Common Stock",,,50411510,0,
NDLS,Noodles & Company Class A Common Stock,,,50344307,0,
BEAT,"Heartbeam, Inc. Common Stock",,,50127203,0,
MATH,Metalpha Technology Holding Limited Ordinary Shares,,,49918132,0,
GLBS,Globus Maritime Limited Common Stock,,,49855115,0,
BENF,Beneficient Class A Common Stock,,,49748055,0,
OSTX,OS Therapies Incorporated Common Stock,,,49652236,0,
SORA,AsiaStrategy Ordinary Shares,,,49479360,0,
WYY,WidePoint Corporation Common Stock,,,49264578,0,
HMR,Heidmar Maritime Holdings Corp. Common Stock,,,49089860,0,
STI,"Solidion Technology, Inc. Common Stock",,,48875260,0,
MGLD,"The Marygold Companies, Inc. Common Stock",,,48804782,0,
PETS,"PetMed Express, Inc. Common Stock",,,48793129,0,
ZOOZ,ZOOZ Strategy Ltd. Ordinary Shares,,,48768767,0,
CLPR,Clipper Realty Inc. Common Stock,,,48762569,0,
ECOR,"electroCore, Inc. Common Stock",,,48743855,0,
DXR,Daxor Corporation Common Stock,,,48723649,0,
STSS,Sharps Technology Inc. Common Stock,,,48712275,0,
XLO,"Xilio Therapeutics, Inc. Common Stock",,,48630918,0,
RSF,RiverNorth Capital and Income Fund Common Stock,,,48619945,0,
BWEN,"Broadwind, Inc. Common Stock",,,48486287,0,
SACH,Sachem Capital Corp. Common Shares,,,48446844,0,
DDC,DDC Enterprise Limited Class A Ordinary Shares,,,48332849,0,
SLDPW,"Solid Power, Inc. Warrant",,,48306654,0,
RYDE,Ryde Group Ltd. Class A Ordinary Shares,,,48216073,0,
AMPG,"Amplitech Group, Inc. Common Stock",,,48129468,0,
SCWO,374Water Inc. Common Stock,,,48066659,0,
CIGL,Concorde International Group Ltd Class A Ordinary Shares,,,48034133,0,
GMHS,Gamehaus Holdings Inc. Class A Ordinary Shares,,,47676729,0,
DSWL,"Deswell Industries, Inc. Common Shares",,,47646365,0,
AXIL,"AXIL Brands, Inc. Common Stock",,,47619019,0,
OFS,OFS Capital Corporation Common Stock,,,47563177,0,
PFXNZ,PhenixFIN Corporation  5.25% Notes due 2028,,,47531773,0,
AAME,Atlantic American Corporation Common Stock,,,47525541,0,
RLYB,Rallybio Corporation Common Stock,,,47448385,0,
STG,"Sunlands Technology Group American Depositary Shares, representing Class A ordinary shares",,,47442030,0,
OTH,Off The Hook YS Inc. Common Stock,,,47262500,0,
HGBL,Heritage Global Inc. Common Stock,,,47248512,0,
YIBO,Planet Image International Limited Class A Ordinary Shares,,,47119459,0,
HOLO,MicroCloud Hologram Inc. Ordinary Shares,,,46970338,0,
MDAI,"Spectral AI, Inc. Class A Common Stock",,,46781126,0,
BZAIW,"Blaize Holdings, Inc. Warrants",,,46642913,0,
OMEX,"Odyssey Marine Exploration, Inc. Common Stock",,,46485901,0,
LINK,"Interlink Electronics, Inc. Common Stock",,,46305021,0,
ARAY,Accuray Incorporated Common Stock,,,46099539,0,
BHM,"Bluerock Homes Trust, Inc. Class A Common Stock",,,46071650,0,
ALGS,"Aligos Therapeutics, Inc. Common Stock",,,45975406,0,
JFU,9F Inc. American Depositary Shares,,,45915999,0,
NAMI,Jinxin Technology Holding Company American Depositary Shares,,,45869326,0,
YDESW,YD Bio Limited Warrants,,,45831831,0,
POAS,Phaos Technology Holdings (Cayman) Limited Class A Ordinary Shares,,,45767472,0,
LGL,"LGL Group, Inc. (The) Common Stock",,,45369829,0,
ATOS,"Atossa Therapeutics, Inc. Common Stock",,,45295759,0,
LSTA,"Lisata Therapeutics, Inc. Common Stock",,,45251778,0,
ESLA,"Estrella Immunopharma, Inc. Common Stock",,,45225142,0,
APT,"Alpha Pro Tech, Ltd. Common Stock",,,45223296,0,
XHG,XChange TEC.INC American Depositary Shares ,,,45104435,0,
RMCO,Royalty Management Holding Corporation Class A Common Stock,,,44967980,0,
ELUT,Elutia Inc. Class A Common Stock,,,44924090,0,
FKWL,Franklin Wireless Corp. Common Stock,,,44898107,0,
BRFH,Barfresh Food Group Inc. Common Stock,,,44873680,0,
MIRA,"MIRA Pharmaceuticals, Inc. Common Stock",,,44807413,0,
TELO,"Telomir Pharmaceuticals, Inc. Common Stock",,,44695262,0,
PXS,Pyxis Tankers Inc. Common Stock,,,44460068,0,
NTRP,"NextTrip, Inc. Common Stock",,,44417123,0,
ZYBT,Zhengye Biotechnology Holding Limited Ordinary Shares,,,44301458,0,
BOF,BranchOut Food Inc. Common Stock,,,44254515,0,
BRAG,Bragg Gaming Group Inc. Common Shares,,,43951664,0,
PRPO,"Precipio, Inc.  Common Stock",,,43800175,0,
PLUT,Plutus Financial Group Limited Ordinary Shares,,,43747500,0,
EDSA,"Edesa Biotech, Inc. Common Shares",,,43660882,0,
ONMD,OneMedNet Corp Class A Common Stock,,,43359525,0,
GOCO,"GoHealth, Inc. Class A Common Stock",,,43358140,0,
MLGO,"MicroAlgo, Inc. Class A Ordinary Shares",,,43282524,0,
ALAR,Alarum Technologies Ltd. American Depositary Share,,,43212807,0,
NTRB,Nutriband Inc. Common Stock,,,42977337,0,
CANG,Cango Inc. Class A Ordinary Shares,,,42656915,0,
ACFN,"Acorn Energy, Inc. Common Stock",,,42610517,0,
BGL,Blue Gold Limited Class A Ordinary Shares,,,42528732,0,
TAOX,Tao Synergies Inc. Common Stock,,,42381072,0,
LITS,"Lite Strategy, Inc. Common Stock",,,42179919,0,
VTSI,"VirTra, Inc. Common Stock",,,41937413,0,
JG,Aurora Mobile Limited American Depositary Shares,,,41677036,0,
MAMO,Massimo Group Common Stock,,,41482714,0,
EONR,EON Resources Inc. Class A Common Stock,,,41473726,0,
SNBR,Sleep Number Corporation Common Stock,,,41361957,0,
NUCLW,Eagle Nuclear Energy Corp. Warrants,,,41116246,0,
INCR,Intercure Ltd. Ordinary Shares,,,41060214,0,
SCYX,"SCYNEXIS, Inc. Common Stock",,,40952268,0,
AQMS,"Aqua Metals, Inc. Common Stock",,,40880527,0,
WBX,Wallbox N.V. Class A Ordinary Shares,,,40493428,0,
HOWL,"Werewolf Therapeutics, Inc. Common Stock",,,40461710,0,
DCX,Digital Currency X Technology Inc. Class A Ordinary Shares,,,40157480,0,
PRT,PermRock Royalty Trust Units of Beneficial Interest,,,40146916,0,
EHTH,"eHealth, Inc. Common Stock",,,40084173,0,
MLCI,Mount Logan Capital Inc. Common Stock,,,40082285,0,
NTWK,NetSol Technologies Inc. Common  Stock,,,40057999,0,
OPTXW,"Syntec Optics Holdings, Inc. Warrant",,,39873844,0,
CNTY,"Century Casinos, Inc. Common Stock",,,39793672,0,
MBBC,"Marathon Bancorp, Inc. Common Stock",,,39759529,0,
SNSE,"Sensei Biotherapeutics, Inc. Common Stock",,,39755861,0,
NBY,"NovaBay Pharmaceuticals, Inc. Common Stock",,,39671293,0,
AIIO,Robo.ai Inc. Class B Ordinary Shares,,,39479144,0,
RYM,"RYTHM, Inc. Common Stock",,,39329408,0,
RCT,RedCloud Holdings plc Ordinary Shares,,,39276030,0,
ELWT,"Elauwit Connection, Inc. Common Stock",,,39255390,0,
KNRX,KNOREX LTD. Class A Ordinary Shares,,,39245816,0,
NMTC,NeuroOne Medical Technologies Corporation Common Stock,,,39233435,0,
USEG,U.S. Energy Corp. Common Stock (DE),,,39138393,0,
SKLZ,Skillz Inc. Class A Common Stock,,,39130057,0,
ATRA,"Atara Biotherapeutics, Inc. Common Stock",,,38682479,0,
VIVO,VivoPower PLC Ordinary Shares,,,38525564,0,
SRXH,"SRX Health Solutions, Inc. Common Stock",,,38468791,0,
NCEW,New Century Logistics (BVI) Limited Ordinary Shares,,,38368000,0,
CELU,Celularity Inc. Class A Common Stock,,,38354257,0,
ARBK,Argo Blockchain plc American Depositary Shares,,,38342259,0,
AACG,ATA Creativity Global American Depositary Shares,,,38259847,0,
ZDGE,"Zedge, Inc. Class B Common Stock ",,,38212755,0,
STRR,"Star Equity Holdings, Inc. Common Stock",,,38185543,0,
GECC,Great Elm Capital Corp. Common Stock,,,38085820,0,
SMXT,Solarmax Technology Inc. Common Stock,,,38077229,0,
NXTC,"NextCure, Inc. Common Stock",,,38025179,0,
KWM,"K Wave Media, Ltd. Ordinary Shares",,,38013549,0,
EKSO,"Ekso Bionics Holdings, Inc. Common Stock",,,37950008,0,
ROLR,"High Roller Technologies, Inc. Common Stock",,,37897541,0,
BBLGW,Bone Biologics Corp Warrants,,,37700460,0,
RAVE,"Rave Restaurant Group, Inc. Common Stock",,,37660650,0,
SKIL,Skillsoft Corp. Class A Common Stock,,,37574029,0,
FTEK,"Fuel Tech, Inc. Common Stock",,,37464093,0,
TLPH,"Talphera, Inc. Common Stock",,,37382214,0,
ASTI,"Ascent Solar Technologies, Inc. Common Stock",,,37279835,0,
STRRP,"Star Equity Holdings, Inc. 10% Series A Cumulative Perpetual Preferred Stock",,,37182615,0,
RNXT,"RenovoRx, Inc. Common Stock",,,37016415,0,
CSTE,Caesarstone Ltd. Ordinary Shares,,,36997470,0,
BCHT,Birchtech Corp. Common Stock,,,36966335,0,
COHN,Cohen & Company Inc.,,,36948755,0,
LIVE,Live Ventures Incorporated Common Stock,,,36706289,0,
JRSH,"Jerash Holdings (US), Inc. Common Stock",,,36702827,0,
ENGS,Energys Group Limited Ordinary Shares,,,36566497,0,
CRVO,CervoMed Inc. Common Stock,,,36479353,0,
RNTX,"Rein Therapeutics, Inc. Common Stock",,,36450742,0,
BTAI,"BioXcel Therapeutics, Inc. Common Stock",,,36279945,0,
SQNS,Sequans Communications S.A. American Depositary Shares (each representing one hundred (100) Ordinary Shares),,,36261078,0,
ZBAO,Zhibao Technology Inc. Class A Ordinary Shares,,,36239201,0,
UAVS,"AgEagle Aerial Systems, Inc. Common Stock",,,36225620,0,
CREX,"Creative Realities, Inc. Common Stock",,,36185126,0,
PTLE,PTL LTD Class A Ordinary Shares,,,36179101,0,
PPSI,"Pioneer Power Solutions, Inc. Common Stock",,,36059615,0,
IXHL,Incannex Healthcare Inc. Common Stock,,,35832939,0,
PHUN,"Phunware, Inc. Common Stock",,,35737854,0,
HCMAW,HCM III Acquisition Corp. Warrants,,,35687581,0,
CTSO,Cytosorbents Corporation Common Stock,,,35566078,0,
VERU,Veru Inc. Common Stock,,,35471207,0,
OESX,"Orion Energy Systems, Inc. Common Stock",,,35422023,0,
LVLU,"Lulu's Fashion Lounge Holdings, Inc. Common Stock",,,35257881,0,
YYAI,AiRWA Inc. Common Stock,,,35222645,0,
RMTI,"Rockwell Medical, Inc. Common Stock",,,35196816,0,
RAND,Rand Capital Corporation Common Stock,,,34895315,0,
GDHG,Golden Heaven Group Holdings Ltd. Class A Ordinary Shares,,,34855845,0,
SPCB,"SuperCom, Ltd. Ordinary Shares (Israel)",,,34830189,0,
KFFB,Kentucky First Federal Bancorp Common Stock,,,34772875,0,
NCI,Neo-Concept International Group Holdings Limited Class A Ordinary Shares,,,34734952,0,
CULP,"Culp, Inc. Common Stock",,,34696028,0,
MOBX,"Mobix Labs, Inc. Class A Common Stock",,,34438068,0,
PXLW,"Pixelworks, Inc.  Common Stock",,,34350793,0,
IPWR,Ideal Power Inc. Common Stock,,,34212971,0,
ACCS,ACCESS Newswire Inc. Common Stock,,,34192609,0,
PLUR,Pluri Inc. Common Stock,,,34122272,0,
ANGH,Anghami Inc. Ordinary Shares,,,34083964,0,
APLM,Apollomics Inc. Class A Ordinary Shares,,,34031614,0,
AIRJW,AirJoule Technologies Corporation Warrant,,,33980635,0,
FATN,"FatPipe, Inc. Common Stock",,,33975702,0,
KMRK,K-Tech Solutions Company Limited Class A Ordinary Shares,,,33971000,0,
NSYS,Nortech Systems Incorporated Common Stock,,,33962973,0,
POCI,"Precision Optics Corporation, Inc. Common stock",,,33951632,0,
KOSS,Koss Corporation Common Stock,,,33889848,0,
PFAI,Pinnacle Food Group Limited Class A Common Shares,,,33696000,0,
TACT,TransAct Technologies Incorporated Common Stock,,,33686458,0,
GIFT,"Giftify, Inc. Common Stock",,,33642312,0,
KPLT,"Katapult Holdings, Inc. Common Stock",,,33641309,0,
TOON,"Kartoon Studios, Inc. Common Stock",,,33637155,0,
NTZ,"Natuzzi, S.p.A.",,,33594557,0,
OCCI,"OFS Credit Company, Inc. Common Stock",,,33571714,0,
BCG,"Binah Capital Group, Inc. Common Stock",,,33370945,0,
INLX,"Intellinetics, Inc. Common Stock",,,33369466,0,
FOXX,Foxx Development Holdings Inc. Common Stock,,,33344709,0,
AHMA,Ambitions Enterprise Management Co. L.L.C Class A Ordinary Shares,,,33335000,0,
ONEG,OneConstruction Group Limited Ordinary Shares,,,33280000,0,
ZEO,Zeo Energy Corporation Class A Common Stock,,,33039924,0,
NTIP,"Network-1 Technologies, Inc. Common Stock",,,32822364,0,
FGNX,FG Nexus Inc. Common Stock ,,,32585733,0,
VNCE,Vince Holding Corp. Common Stock,,,32148017,0,
TURB,"Turbo Energy, S.A. American Depositary Shares",,,32085764,0,
AIRE,reAlpha Tech Corp. Common Stock,,,32026983,0,
RYET,Ruanyun Edai Technology Inc. Ordinary shares,,,31942069,0,
NVNI,Nvni Group Limited Ordinary Shares,,,31910297,0,
MRNO,Murano Global Investments PLC Ordinary Shares,,,31896767,0,
REFR,Research Frontiers Incorporated Common Stock,,,31876363,0,
GWH,"ESS Tech, Inc. Common Stock",,,31793296,0,
RITR,Reitar Logtech Holdings Limited Ordinary shares,,,31721425,0,
NEPH,"Nephros, Inc. Common Stock",,,31719919,0,
ABLV,Able View Global Inc. Class B Ordinary Shares,,,31654001,0,
USIO,"Usio, Inc. Common Stock",,,31630677,0,
WPRT,Westport Fuel Systems Inc Common Shares,,,31578829,0,
STKE,Sol Strategies Inc. Common Shares,,,31458929,0,
GROW,"U.S. Global Investors, Inc. Class A Common Stock",,,31130845,0,
OPTT,"Ocean Power Technologies, Inc. Common Stock",,,31071679,0,
ATNM,"Actinium Pharmaceuticals, Inc. (Delaware) Common Stock",,,31049270,0,
CDROW,"Codere Online Luxembourg, S.A. Warrants",,,31035754,0,
EVAX,Evaxion A/S American Depositary Share,,,31025600,0,
AIFF,"Firefly Neuroscience, Inc. Common Stock",,,30986699,0,
OPAD,Offerpad Solutions Inc. Class A Common Stock,,,30932416,0,
PTN,"Palatin Technologies, Inc. Common Stock",,,30871707,0,
SWAG,"Stran & Company, Inc. Common Stock",,,30838761,0,
UG,"United-Guardian, Inc. Common Stock",,,30781937,0,
LPSN,"LivePerson, Inc. Common Stock",,,30736688,0,
TOP,TOP Financial Group Limited Class A Ordinary Shares,,,30696181,0,
AENTW,Alliance Entertainment Holding Corporation Warrant,,,30579518,0,
BRLS,Borealis Foods Inc. Class A Common Shares,,,30477895,0,
INUV,"Inuvo, Inc.",,,30457411,0,
POM,POMDOCTOR LIMITED American Depositary Shares,,,30410481,0,
AIB,"BlockchAIn Digital Infrastructure, Inc Common Shares",,,30394578,0,
BCTX,BriaCell Therapeutics Corp. Common Shares,,,30379541,0,
MDBH,"MDB Capital Holdings, LLC Class A common",,,30302523,0,
TPCS,TechPrecision Corporation Common stock,,,30134109,0,
SPHL,Springview Holdings Ltd Class A Ordinary Shares,,,30041851,0,
SST,"System1, Inc. Class A Common Stock",,,29889967,0,
SPWRW,SunPower Inc. Warrants,,,29885176,0,
DYAI,"Dyadic International, Inc. Common Stock",,,29879736,0,
TVRD,"Tvardi Therapeutics, Inc. Common Stock",,,29832674,0,
ATCH,"AtlasClear Holdings, Inc. Common Stock",,,29758868,0,
KTCC,Key Tronic Corporation Common Stock,,,29645804,0,
PDSB,PDS Biotechnology Corporation Common Stock,,,29633086,0,
HCHL,Happy City Holdings Limited Class A Ordinary shares,,,29394360,0,
AYTU,"Aytu BioPharma, Inc.  Common Stock",,,29301658,0,
NAAS,NaaS Technology Inc. American Depositary Shares,,,29294102,0,
AIXC,"AIxCrypto Holdings, Inc. Common Stock",,,29102348,0,
OMH,Ohmyhome Limited Class A Ordinary Shares,,,29016079,0,
BLIV,BeLive Holdings Ordinary Share,,,29009021,0,
CVV,CVD Equipment Corporation Common Stock,,,28720579,0,
CCEL,"Cryo-Cell International, Inc. Common Stock",,,28595783,0,
ATHR,"Aether Holdings, Inc. Common Stock",,,28476327,0,
ZDAI,"DirectBooking Technology Co., Ltd. Class A Ordinary Shares",,,28394438,0,
ADSEW,ADS-TEC ENERGY PLC Warrant,,,28341763,0,
SLGB,Smart Logistics Global Limited Ordinary Shares,,,28290000,0,
DTST,Data Storage Corporation Common Stock,,,28231318,0,
SBCWW,SBC Medical Group Holdings Incorporated Warrants,,,28208659,0,
HYPD,"Hyperion DeFi, Inc. Common Stock",,,28195674,0,
QNTM,Quantum Biopharma Ltd. Class B Subordinate Voting Shares,,,28155350,0,
BIOX,Bioceres Crop Solutions Corp. Ordinary Shares,,,28130244,0,
FOFO,"Hang Feng Technology Innovation Co., Ltd. Ordinary Shares",,,28126300,0,
YSXT,"YSX Tech. Co., Ltd Class A Ordinary Shares",,,28125000,0,
SAGT,SAGTEC GLOBAL LIMITED Class A Ordinary shares,,,28112000,0,
APWC,"Asia Pacific Wire & Cable Corporation, Ltd. Ordinary Shares (Bermuda)",,,28038069,0,
BEEM,Beam Global Common Stock,,,27973139,0,
DXLG,"Destination XL Group, Inc. Common Stock",,,27953361,0,
PSTV,"PLUS THERAPEUTICS, Inc. Common Stock ",,,27894143,0,
ATCX,Atlas Critical Minerals Corporation Common Stock,,,27785794,0,
BOSC,B.O.S. Better Online Solutions Common Stock,,,27769536,0,
TELA,"TELA Bio, Inc. Common Stock",,,27739030,0,
LOTWW,Lotus Technology Inc. Warrants,,,27672369,0,
FARM,Farmer Brothers Company Common Stock,,,27593489,0,
CRWS,Crown Crafts Inc Common Stock,,,27546802,0,
KYNB,"Kyntra Bio, Inc. Common Stock",,,27437487,0,
FUSE,Fusemachines Inc. Common stock,,,27436370,0,
VNRX,VolitionRX Limited Common Stock,,,27384196,0,
ARAI,Arrive AI Inc. Common Stock,,,27283770,0,
CGTL,Creative Global Technology Holdings Limited Class A Ordinary Shares,,,27268500,0,
CVM,Cel-Sci Corporation Common Stock,,,27150074,0,
XCUR,"Exicure, Inc. Common Stock",,,27117821,0,
QCLS,"Q/C Technologies, Inc. Common Stock",,,27094330,0,
AWRE,"Aware, Inc. Common Stock",,,27002190,0,
VEEA,Veea Inc. Common Stock,,,26826907,0,
CNF,"CNFinance Holdings Limited American Depositary Shares, each representing two hundred (200) Ordinary Shares",,,26815625,0,
GAME,"GameSquare Holdings, Inc. Common Stock",,,26729621,0,
ZKIN,"ZK International Group Co., Ltd Ordinary Share",,,26599354,0,
VBIX,Viewbix Inc. Common Stock,,,26539420,0,
DARE,"Dare Bioscience, Inc. Common Stock",,,26498294,0,
NIXX,"Nixxy, Inc. Common Stock",,,26492491,0,
UFG,Uni-Fuels Holdings Limited Class A Ordinary Shares,,,26458975,0,
UONE,"Urban One, Inc. Class A Common Stock",,,26457021,0,
RYOJ,"rYojbaba Co., Ltd. Common Shares",,,26449500,0,
JOB,GEE Group Inc. Common Stock,,,26379952,0,
LIXT,"Lixte Biotechnology Holdings, Inc. Common Stock",,,26181196,0,
CLPS,CLPS Incorporation Common Stock,,,26174238,0,
TMDE,TMD Energy Limited Ordinary Shares,,,26157150,0,
BANL,CBL International Limited Class B Ordinary Shares,,,26125000,0,
JL,J-Long Group Limited Class A Ordinary Shares,,,26106205,0,
BAFN,BayFirst Financial Corp. Common Stock,,,26086257,0,
PMEC,Primech Holdings Ltd. Ordinary Shares,,,26064250,0,
MYO,Myomo Inc. Common Stock,,,26018515,0,
NSRX,Nasus Pharma Ltd. Ordinary Shares,,,25997994,0,
MVO,MV Oil Trust Units of Beneficial Interests,,,25990000,0,
LOCL,Local Bounti Corporation Common Stock,,,25985502,0,
PSQH,"PSQ Holdings, Inc. Class A Common Stock",,,25820135,0,
EQS,"Equus Total Return, Inc. Common Stock",,,25698721,0,
FMST,Foremost Clean Energy Ltd. Common Shares,,,25679069,0,
RDI,Reading International Inc Class A Common Stock,,,25670504,0,
CYAB,"Cyabra, Inc. Common Stock",,,25556131,0,
ADGM,"Adagio Medical Holdings, Inc Common Stock",,,25542028,0,
MAXN,"Maxeon Solar Technologies, Ltd. Ordinary Shares",,,25514061,0,
VNTG,Vantage Corp Class A Ordinary Shares,,,25386826,0,
FEMY,Femasys Inc. Common Stock,,,25376166,0,
SNTI,"Senti Biosciences, Inc. Common Stock",,,25289332,0,
IGC,"IGC Pharma, Inc. Common Stock",,,25200140,0,
PASG,"Passage Bio, Inc. Common Stock",,,25181309,0,
MBNKO,"Medallion Bank Fixed-Rate Reset Non-Cumulative Perpetual Preferred Stock, Series G, par value $1.00 per share",,,25037200,0,
NRSN,NeuroSense Therapeutics Ltd. Ordinary Shares,,,25000193,0,
QRHC,Quest Resource Holding Corporation Common Stock,,,24942104,0,
AEON,"AEON Biopharma, Inc. Class A Common Stock",,,24923512,0,
EUDA,EUDA Health Holdings Limited Ordinary Shares,,,24914789,0,
CPOP,"Pop Culture Group Co., Ltd Class A Ordinary Shares",,,24802948,0,
BIRD,"Allbirds, Inc. Class A Common Stock",,,24721407,0,
ABVC,"ABVC BioPharma, Inc. Common Stock",,,24679739,0,
BOLD,"Boundless Bio, Inc. Common Stock",,,24647976,0,
MOBBW,Mobilicom Limited Warrants,,,24635073,0,
SDAWW,SunCar Technology Group Inc. Warrant,,,24626265,0,
UONEK,"Urban One, Inc. Class D Common Stock",,,24605933,0,
PHGE,BiomX Inc. COmmon Stock,,,24564359,0,
JSPR,"Jasper Therapeutics, Inc. Common Stock",,,24519615,0,
SMX,SMX (Security Matters) Public Limited Company Ordinary Shares,,,24492233,0,
AISPW,"Airship AI Holdings, Inc. Warrants",,,24380175,0,
JVA,"Coffee Holding Co., Inc. Common Stock",,,24261546,0,
BTM,Bitcoin Depot Inc. Class A Common Stock,,,24261185,0,
FEDU,"Four Seasons Education (Cayman) Inc. American Depositary Shares, each ADS representing 10 ordinary shares",,,24227822,0,
LGVN,Longeveron Inc. Class A Common Stock,,,24198464,0,
SUIS,Canary Staked SUIS ETF Shares of Beneficial Interest,,,24091362,0,
CDT,CDT Equity Inc. Common Stock,,,24084495,0,
LSH,Lakeside Holding Limited Common Stock,,,23996009,0,
NHTC,Natural Health Trends Corp. Common Stock,,,23932196,0,
SER,"Serina Therapeutics, Inc. Common Stock",,,23889468,0,
DAIO,Data I/O Corporation Common Stock,,,23761563,0,
GRNQ,Greenpro Capital Corp. Common Stock,,,23720986,0,
MSGM,Motorsport Games Inc. Class A Common Stock,,,23691645,0,
GRAN,Grande Group Limited Class A Ordinary Shares,,,23660000,0,
ARKR,Ark Restaurants Corp. Common Stock,,,23656390,0,
SDST,Stardust Power Inc. Common Stock,,,23520876,0,
QSIAW,Quantum-Si Incorporated Warrant,,,23497649,0,
NEON,Neonode Inc. Common Stock,,,23496091,0,
TXMD,"TherapeuticsMD, Inc. Common Stock",,,23380211,0,
CLIR,ClearSign Technologies Corporation Common Stock (DE),,,23376576,0,
ICMB,"Investcorp Credit Management BDC, Inc. Common Stock",,,23360014,0,
BRRWW,"ProCap Financial, Inc. Warrant",,,23358377,0,
MOVE,"Corvex, Inc. Common Stock",,,23319675,0,
BRNS,Barinthus Biotherapeutics plc American Depositary Shares,,,23243020,0,
MNDO,MIND C.T.I. Ltd. Ordinary Shares,,,23212941,0,
CNCKW,Coincheck Group N.V. Warrants,,,23107611,0,
UTSI,UTStarcom Holdings Corp. Ordinary Shares,,,23107422,0,
RCON,"Recon Technology, Ltd. Class A Ordinary Shares",,,23001197,0,
LSF,"Laird Superfood, Inc. Common Stock",,,22976035,0,
BZFD,"BuzzFeed, Inc. Class A Common Stock",,,22906929,0,
PSHG,Performance Shipping Inc. Common Shares,,,22875171,0,
FLUX,"Flux Power Holdings, Inc. Common Stock",,,22833944,0,
LASE,Laser Photonics Corporation Common Stock,,,22775204,0,
NYC,American Strategic Investment Co. Class A Common Stock,,,22773474,0,
EVLVW,"Evolv Technologies Holdings, Inc. Warrant",,,22759609,0,
MLSS,"Milestone Scientific, Inc. Common Stock",,,22645127,0,
VTGN,"Vistagen Therapeutics, Inc. Common Stock",,,22643011,0,
CYN,Cyngn Inc. Common Stock,,,22589746,0,
ORIO,Orion Digital Corp. Common Shares,,,22557218,0,
CUE,"Cue Biopharma, Inc. Common Stock",,,22452216,0,
TPET,Trio Petroleum Corp. Common Stock,,,22340405,0,
GSIW,Garden Stage Limited Class A Ordinary Shares,,,22220252,0,
PIII,P3 Health Partners Inc. Class A Common Stock,,,22217315,0,
ICCM,IceCure Medical Ltd. Ordinary Shares,,,22027194,0,
TDTH,Trident Digital Tech Holdings Ltd American Depository Shares,,,22006284,0,
NEUP,Neuphoria Therapeutics Inc. Common Stock,,,21940943,0,
MKDW,MKDWELL Tech Inc. Ordinary Share,,,21930978,0,
CRIS,"Curis, Inc. Common Stock",,,21880339,0,
BAERW,"Bridger Aerospace Group Holdings, Inc. Warrant",,,21810094,0,
HBIO,"Harvard Bioscience, Inc. Common Stock",,,21778586,0,
MRKR,"Marker Therapeutics, Inc. Common Stock",,,21675065,0,
SUUN,PowerBank Corporation Common Stock,,,21650451,0,
WYHG,Wing Yip Food Holdings Group Limited American Depositary Shares,,,21642299,0,
BURU,"Nuburu, Inc. Common Stock",,,21641297,0,
TRSG,Tungray Technologies Inc Class A Ordinary Shares,,,21586600,0,
BMR,Beamr Imaging Ltd. Ordinary Share,,,21586497,0,
BFRG,"Bullfrog AI Holdings, Inc. Common Stock",,,21276170,0,
CKX,"CKX Lands, Inc. Common Stock",,,21244342,0,
EHLD,Euroholdings Ltd. Common Stock ,,,21124613,0,
YXT,YXT.COM GROUP HOLDING LIMITED American Depository Shares,,,21032444,0,
FENG,"Phoenix New Media Limited American Depositary Shares, each representing 48 Class A ordinary shares.",,,21018858,0,
DFLI,Dragonfly Energy Holdings Corp. Common Stock (NV),,,21016961,0,
RMCF,"Rocky Mountain Chocolate Factory, Inc. Common Stock",,,20998850,0,
MXC,Mexco Energy Corporation Common Stock,,,20910120,0,
TBHC,"The Brand House Collective, Inc. Common Stock",,,20884594,0,
YHC,LQR House Inc. Common Stock,,,20854462,0,
EPOW,E-Power Inc. Class A Ordinary Shares,,,20850118,0,
FUFUW,BitFuFu Inc. Warrant,,,20810288,0,
RAIN,"Rain Enhancement Technologies Holdco, Inc. Class A Common Stock",,,20799636,0,
DOGZ,Dogness (International) Corporation Class A Common Stock,,,20750241,0,
TC,Token Cat Limited American Depositary Shares,,,20672902,0,
PLAG,Planet Green Holdings Corp. Common Stock,,,20637435,0,
SKYE,"Skye Bioscience, Inc. Common Stock",,,20514588,0,
QVCGP,"QVC Group, Inc. 8.0% Fixed Rate Cumulative Redeemable Preferred Stock",,,20413224,0,
HUMAW,"Humacyte, Inc. Warrant",,,20292546,0,
OBAI,"Our Bond, Inc. Common Stock",,,20288020,0,
CTXR,"Citius Pharmaceuticals, Inc. Common Stock",,,20138784,0,
CHAI,"Core AI Holdings, Inc. Common Shares",,,20121647,0,
ZGM,Zenta Group Company Limited Class A Ordinary Shares,,,19923873,0,
MDCXW,Medicus Pharma Ltd. Warrant,,,19920469,0,
VYNE,VYNE Therapeutics Inc. Common Stock,,,19910595,0,
AUST,Austin Gold Corp. Common Shares,,,19854851,0,
RVP,"Retractable Technologies, Inc. Common Stock",,,19803431,0,
NNVC,"NanoViricides, Inc. Common Stock",,,19696800,0,
AIDX,"20/20 Biolabs, Inc. Common Stock",,,19631783,0,
YMT,Yimutian Inc. American Depositary Shares,,,19615668,0,
IINN,Inspira Technologies Oxy B.H.N. Ltd. Ordinary Shares,,,19613331,0,
LEXX,Lexaria Bioscience Corp. Common Stock,,,19412208,0,
UPLD,"Upland Software, Inc. Common Stock",,,19392707,0,
SNAL,"Snail, Inc. Class A Common Stock",,,19305908,0,
LIQT,"LiqTech International, Inc. Common Stock",,,19000376,0,
LHAI,Linkhome Holdings Inc. Common stock,,,18989100,0,
EPSM,Epsium Enterprise Limited Class A Ordinary Shares,,,18947628,0,
PLRZ,Polyrizon Ltd. Ordinary Shares,,,18946864,0,
AFRIW,Forafric Global PLC Warrants,,,18917199,0,
ACCL,Acco Group Holdings Limited Class A Ordinary Shares,,,18904000,0,
TLF,"Tandy Leather Factory, Inc. Common Stock",,,18648341,0,
MSAI,"MultiSensor AI Holdings, Inc. Common Stock",,,18601676,0,
REE,REE Automotive Ltd. Class A Ordinary Shares,,,18600151,0,
SMSI,"Smith Micro Software, Inc. Common Stock",,,18539068,0,
XOS,"Xos, Inc. Common Stock",,,18474733,0,
TVGN,Tevogen Bio Holdings Inc. Common Stock,,,18298456,0,
DLPN,"Dolphin Entertainment, Inc. Common Stock",,,18256880,0,
MOGU,MOGU Inc. American Depositary Shares (each  representing 25 Class A Ordinary Shares),,,18227219,0,
RVSN,Rail Vision Ltd. Ordinary Share,,,18151631,0,
THH,TryHard Holdings Limited Ordinary Shares,,,18132433,0,
PRZO,ParaZero Technologies Ltd. Ordinary Shares,,,18062145,0,
AFGC,"American Financial Group, Inc. 5.125% Subordinated Debentures due 2059",,,18034944,0,
ECXWW,ECARX Holdings Inc. Warrants,,,17977961,0,
GYRO,"Gyrodyne, LLC Common Stock",,,17880374,0,
CTRM,Castor Maritime Inc. Common Shares,,,17875355,0,
USEA,United Maritime Corporation Common Stock,,,17865419,0,
MDAIW,"Spectral AI, Inc. Warrants",,,17818199,0,
AHT,Ashford Hospitality Trust Inc Common Stock,,,17745585,0,
LRE,"Lead Real Estate Co., Ltd American Depositary Shares",,,17734470,0,
HUDI,"Huadi International Group Co., Ltd. Ordinary Shares",,,17730986,0,
ALLR,"Allarity Therapeutics, Inc. Common Stock",,,17528268,0,
QVCGA,"QVC Group, Inc. Series A Common Stock",,,17508576,0,
DFNS,T3 Defense Inc. Common Stock,,,17500552,0,
AUID,authID Inc. Common Stock,,,17476862,0,
OTLK,"Outlook Therapeutics, Inc. Common Stock",,,17413606,0,
RECT,Rectitude Holdings Ltd Ordinary Shares,,,17400000,0,
ISPC,iSpecimen Inc. Common Stock,,,17391054,0,
XRXDW,Xerox Holdings Corporation Warrants,,,17381423,0,
GREE,Greenidge Generation Holdings Inc. Class A Common Stock,,,17378897,0,
IRIX,IRIDEX Corporation Common Stock,,,17361881,0,
BIAF,"bioAffinity Technologies, Inc. Common Stock",,,17229925,0,
FTHM,Fathom Holdings Inc. Common Stock,,,17170447,0,
KTTA,Pasithea Therapeutics Corp. Common Stock,,,17128950,0,
FAMI,"Farmmi, Inc. Class A Ordinary Shares",,,16934682,0,
HHS,"Harte Hanks, Inc. Common Stock",,,16831582,0,
GITS,"Global Interactive Technologies, Inc. Common Stock",,,16770407,0,
LGCB,Linkage Global Inc. Class A Ordinary Shares,,,16743783,0,
INTZ,Intrusion Inc. Common Stock,,,16714856,0,
COOT,Australian Oilseeds Holdings Limited Ordinary Shares,,,16711224,0,
PAPL,Pineapple Financial Inc. Common Stock,,,16704563,0,
CCM,Concord Medical Services Holdings Limited American Depositary Shares (Each represents thirty (30) Class A ordinary shares),,,16672216,0,
UGRO,"urban-gro, Inc. Common Stock",,,16595814,0,
PASW,"Ping An Biomedical Co., Ltd. Ordinary Shares",,,16428145,0,
GRMLW,Greenland Mines Ltd Warrant,,,16386241,0,
NAII,"Natural Alternatives International, Inc. Common Stock",,,16244926,0,
DFDVW,DeFi Development Corp. Warrant,,,16207487,0,
MDRR,"Medalist Diversified, Inc. Common Stock",,,16142050,0,
SURG,"SurgePays, Inc. Common Stock",,,16096211,0,
EDTK,Skillful Craftsman Education Technology Limited Ordinary Share,,,16088746,0,
YQ,17 Education & Technology Group Inc. American Depositary Shares,,,16021595,0,
MYND,"Mynd.ai, Inc. American Depositary Shares",,,16008677,0,
LGPS,LogProstyle Inc. Common Shares,,,15965174,0,
RGNT,Regentis Biomaterials Ltd. Ordinary Shares,,,15823000,0,
ZJYL,JIN MEDICAL INTERNATIONAL LTD. Class A Ordinary Shares,,,15811257,0,
GIGM,GigaMedia Limited Ordinary Shares,,,15804696,0,
GNTA,Genenta Science S.p.A. American Depositary Shares,,,15744084,0,
AERT,"Aeries Technology, Inc. Class A Ordinary Share",,,15715641,0,
CABR,"Caring Brands, Inc. Common Stock",,,15660095,0,
BESS,Bimergen Energy Corporation Common Stock,,,15614830,0,
ELSE,"Electro-Sensors, Inc. Common Stock",,,15484838,0,
OSRH,"OSR Holdings, Inc. Common Stock",,,15480691,0,
AIRI,Air Industries Group Common Stock,,,15442804,0,
AMOD,"Alpha Modus Holdings, Inc. Class A Common Stock",,,15428677,0,
MGIH,Millennium Group International Holdings Limited Ordinary Shares,,,15412500,0,
SEED,Origin Agritech Limited Common Stock,,,15382410,0,
SAIH,SAIHEAT Limited Class A Ordinary Shares,,,15338313,0,
WETH,Wetouch Technology Inc. Common Stock,,,15332021,0,
LTRN,Lantern Pharma Inc. Common Stock,,,15322660,0,
CISO,"CISO Global, Inc. Common Stock",,,15222416,0,
PDC,Perpetuals.com Ltd American Depositary Shares,,,15100322,0,
HIND,"Vyome Holdings, Inc. Common Stock",,,15089835,0,
MWYN,"Marwynn Holdings, Inc. Common stock",,,15045129,0,
ZSTK,ZeroStack Corp. Common Stock,,,15022393,0,
SGRP,"SPAR Group, Inc. Common Stock",,,14980719,0,
UUU,"Universal Safety Products, Inc. Common Stock",,,14947829,0,
INTS,"Intensity Therapeutics, Inc. Common stock",,,14938246,0,
NIVF,NewGenIvf Group Limited Class A Ordinary Shares,,,14892898,0,
ICU,SeaStar Medical Holding Corporation Common Stock,,,14856635,0,
CSAI,"Cloudastructure, Inc. Class A Common Stock",,,14846436,0,
ABVEW,Above Food Ingredients Inc. Warrants,,,14845636,0,
WVVIP,"Willamette Valley Vineyards, Inc. Series A Redeemable Preferred Stock",,,14739406,0,
DBGI,"Digital Brands Group, Inc. Common Stock",,,14739005,0,
SLAI,SOLAI Limited American Depositary Shares (each representing one hundred (100) Class A Ordinary Shares),,,14694403,0,
JF,J and Friends Holdings Limited American Depositary Shares,,,14672123,0,
TRAW,"Traws Pharma, Inc. Common Stock",,,14623287,0,
INTJ,Intelligent Group Limited Class A Ordinary Shares ,,,14606250,0,
INAB,"IN8bio, Inc. Common Stock",,,14573692,0,
CURX,Curanex Pharmaceuticals Inc Common Stock,,,14490657,0,
TOPS,"TOP Ships, Inc. Common Stock",,,14341211,0,
GAUZ,Gauzy Ltd. Ordinary Shares,,,14318959,0,
VWAVW,"VisionWave Holdings, Inc. Warrant",,,14205930,0,
PHIO,Phio Pharmaceuticals Corp. Common Stock,,,14173045,0,
HOVRW,New Horizon Aircraft Ltd. Warrant,,,14160880,0,
FMSTW,Foremost Clean Energy Ltd. Warrant,,,14079717,0,
KITT,"Nauticus Robotics, Inc. Common stock",,,13991289,0,
SWVL,Swvl Holdings Corp Class A Common Shares,,,13956908,0,
NWGL,CL Workshop Group Limited American Depositary Shares,,,13927833,0,
COCP,"Cocrystal Pharma, Inc. Common Stock",,,13921906,0,
IPM,Intelligent Protection Management Corp. Common Stock ,,,13901165,0,
TOPP,Toppoint Holdings Inc. Common Stock,,,13870770,0,
BNKK,"Bonk, Inc. Common Stock",,,13831230,0,
BTBD,"BT Brands, Inc. Common Stock",,,13728250,0,
HOTH,"Hoth Therapeutics, Inc. Common Stock",,,13661305,0,
NTRBW,Nutriband Inc. Warrant,,,13635869,0,
BRN,"Barnwell Industries, Inc. Common Stock",,,13571619,0,
BGI,Birks Group Inc. Common Stock,,,13451753,0,
TOMZ,"TOMI Environmental Solutions, Inc. Common Stock",,,13422754,0,
PRHI,"Presurance Holdings, Inc. Common Stock",,,13363180,0,
HKPD,"Cellyan Biotechnology Co., Ltd Class A Ordinary Shares",,,13359742,0,
GLXG,Galaxy Payroll Group Limited Class A Ordinary Shares,,,13353794,0,
GTEC,Greenland Technologies Holding Corporation Class A Ordinary Shares,,,13300365,0,
BCDA,"BioCardia, Inc. Common Stock",,,13237850,0,
STAK,STAK Inc. Class A Ordinary Shares,,,13210349,0,
EEIQ,EpicQuest Education Group International Limited Common Stock,,,13167363,0,
RSVRW,"Reservoir Media, Inc. Warrant",,,13120044,0,
BNGO,"Bionano Genomics, Inc. Common Stock",,,12977640,0,
JUNS,"Jupiter Neurosciences, Inc. Common Stock",,,12951195,0,
MOBXW,"Mobix Labs, Inc Warrants",,,12884641,0,
GTBP,"GT Biopharma, Inc. Common Stock",,,12877143,0,
TAOP,Taoping Inc. Ordinary Shares ,,,12841775,0,
WVVI,"Willamette Valley Vineyards, Inc. Common Stock",,,12797390,0,
CAPT,Captivision Inc. Ordinary Shares,,,12747114,0,
SBDS,"Solo Brands, Inc. Class A Common Stock",,,12745998,0,
FEBO,Fenbo Holdings Limited Class A Ordinary Shares,,,12721875,0,
GCDT,Green Circle Decarbonize Technology Limited Ordinary Shares,,,12625000,0,
PETZ,"TDH Holdings, Inc. Common Shares",,,12594387,0,
IDAI,T Stamp Inc. Class A Common Stock,,,12537058,0,
CHOW,ChowChow Cloud International Holdings Limited Ordinary Shares,,,12379770,0,
GXAI,Gaxos.ai Inc. Common Stock,,,12366120,0,
ORGN,"Origin Materials, Inc. Common Stock",,,12363373,0,
GTIM,Good Times Restaurants Inc. Common Stock,,,12352738,0,
VVOS,"Vivos Therapeutics, Inc. Common Stock",,,12351990,0,
SNYR,Synergy CHC Corp. Common Stock,,,12324278,0,
CCHH,CCH Holdings Ltd Ordinary Shares,,,12320000,0,
MBRX,"Moleculin Biotech, Inc. Common Stock",,,12220242,0,
HUIZ,Huize Holding Limited American Depositary Shares,,,12207177,0,
SVRN,OceanPal Inc. Common Stock,,,12176670,0,
PMNT,Perfect Moment Ltd. Common Stock,,,12139589,0,
MTEK,Maris-Tech Ltd. Ordinary Shares,,,12118025,0,
EFOI,"Energy Focus, Inc. Common Stock",,,12108351,0,
MMA,Mixed Martial Arts Group Limited Ordinary Shares,,,11997044,0,
CVKD,"Cadrenal Therapeutics, Inc. Common Stock",,,11971210,0,
QNRX,"Quoin Pharmaceuticals, Ltd. American Depositary Shares",,,11903938,0,
SNGX,"Soligenix, Inc. Common Stock",,,11901633,0,
COSM,Cosmos Health Inc. Common Stock,,,11873596,0,
REBN,"Reborn Coffee, Inc. Common Stock",,,11773354,0,
MBAI,Check-Cap Ltd. Ordinary Share,,,11734258,0,
CETY,"Clean Energy Technologies, Inc. Common Stock",,,11679462,0,
ELOG,Eastern International Ltd. Ordinary Shares,,,11655288,0,
DSY,Big Tree Cloud Holdings Limited Class A Ordinary Shares,,,11642086,0,
KAPA,"Kairos Pharma, Ltd. Common Stock",,,11639136,0,
WGRX,"Wellgistics Health, Inc. Common Stock",,,11604642,0,
OABIW,"OmniAb, Inc. Warrant",,,11582612,0,
SCNX,"Scienture Holdings, Inc. Common Stock",,,11579782,0,
ETS,Elite Express Holding Inc. Class A Common Stock,,,11551220,0,
GDTC,CytoMed Therapeutics Limited Ordinary Shares,,,11540000,0,
BTOC,Armlogi Holding Corp. Common Stock,,,11460745,0,
BNZI,"Banzai International, Inc. Class A Common Stock",,,11335501,0,
CMMB,Chemomab Therapeutics Ltd. American Depositary Share,,,11291859,0,
EBON,Ebang International Holdings Inc. Class A Ordinary Shares,,,11255573,0,
JBDI,JBDI Holdings Limited Ordinary Shares,,,11103459,0,
BMGL,Basel Medical Group Ltd Ordinary Shares,,,11085471,0,
VAVX,VanEck Avalanche ETF Common Shares of Beneficial Interest,,,11076773,0,
MTEX,"Mannatech, Incorporated Common Stock",,,10987375,0,
WLDSW,Wearable Devices Ltd. Warrant,,,10946336,0,
MSW,Ming Shing Group Holdings Limited Ordinary Shares,,,10899000,0,
GGRP,"The Glimpse Group, Inc. Common Stock",,,10875477,0,
TJGC,TJGC Group Limited Ordinary Shares,,,10863000,0,
ARTW,"Art's-Way Manufacturing Co., Inc. Common Stock",,,10834736,0,
CLRB,"Cellectar Biosciences, Inc.  Common Stock",,,10769928,0,
UHGWW,"United Homes Group, Inc. Warrant",,,10735967,0,
EDUC,Educational Development Corporation Common Stock,,,10724319,0,
MARPS,Marine Petroleum Trust Units of Beneficial Interest,,,10620000,0,
ACXP,"Acurx Pharmaceuticals, Inc. Common Stock",,,10592143,0,
BIVI,BioVie Inc. Class A Common Stock,,,10560999,0,
CENN,Cenntro Inc. Common Stock,,,10549540,0,
SFHG,Samfine Creation Holdings Group Limited Class A Ordinary Share,,,10515806,0,
PRSO,Peraso Inc. Common Stock,,,10490779,0,
BON,Bon Natural Life Limited Class A Ordinary Shares,,,10486165,0,
LESL,"Leslie's, Inc. Common Stock",,,10434564,0,
ASTLW,Algoma Steel Group Inc. Warrant,,,10430420,0,
SPPL,SIMPPLE LTD. Ordinary Shares,,,10415131,0,
SINT,"SiNtx Technologies, Inc. Common Stock",,,10315858,0,
AGAE,Allied Gaming & Entertainment Inc. Common Stock,,,10309075,0,
WKSP,"Worksport, Ltd. Common Stock",,,10305608,0,
LEDS,SemiLEDS Corporation Common Stock,,,10282691,0,
JTAI,Jet.AI Inc. Common Stock,,,10252031,0,
TRIB,Trinity Biotech plc American Depositary Shares,,,10245340,0,
BCAB,"BioAtla, Inc. Common Stock",,,10217756,0,
ADXN,Addex Therapeutics Ltd American Depositary Shares,,,10182673,0,
LFWD,Lifeward Ltd. Ordinary Shares,,,10132112,0,
AWX,Avalon Holdings Corporation Common Stock,,,10099526,0,
XTKG,"X3 Holdings Co., Ltd. Class A Ordinary Shares",,,10098373,0,
SQFTP,"Presidio Property Trust, Inc. 9.375% Series D Cumulative Redeemable Perpetual Preferred Stock, $0.01 par value per share",,,10091746,0,
VRME,"VerifyMe, Inc. Common Stock",,,10078967,0,
VSEE,"VSee Health, Inc. Common Stock",,,10057711,0,
BLIN,"Bridgeline Digital, Inc. Common Stock",,,10042104,0,
NXPL,NextPlat Corp Common Stock,,,10035152,0,
NXTT,Next Technology Holding Inc. Ordinary Shares,,,10009240,0,
BLRX,BioLineRx Ltd. American Depositary Shares,,,10008556,0,
AGRZ,Agroz Inc. Ordinary Shares,,,9987084,0,
WHLRP,"Wheeler Real Estate Investment Trust, Inc. Class B Preferred Stock",,,9966325,0,
PCLA,PicoCELA Inc. American Depositary Shares,,,9873179,0,
LNAI,Lunai Bioworks Inc. Common Stock,,,9856348,0,
ASNS,"Actelis Networks, Inc. Common Stock",,,9808355,0,
AIMD,"Ainos, Inc. Common Stock",,,9705918,0,
JYD,Jayud Global Logistics Limited Class A Ordinary Shares,,,9690744,0,
NCEL,NewcelX Ltd. Ordinary Shares,,,9663761,0,
SKYQ,Sky Quarry Inc. Common Stock,,,9644886,0,
MDCX,Medicus Pharma Ltd. Common Stock  ,,,9625745,0,
GURE,"Gulf Resources, Inc. (NV) Common Stock",,,9622069,0,
CVR,Chicago Rivet & Machine Co. Common Stock,,,9613013,0,
DTSS,Datasea Inc. Common Stock,,,9527804,0,
CLRO,"ClearOne, Inc. (DE) Common Stock",,,9524467,0,
NTCL,NETCLASS TECHNOLOGY INC Class A Ordinary Shares,,,9522549,0,
AMS,American Shared Hospital Services Common Stock,,,9487350,0,
IMNN,"Imunon, Inc. Common Stock",,,9486566,0,
WIMI,WiMi Hologram Cloud Inc. Class B Ordinary Shares,,,9427974,0,
GFAI,"Guardforce AI Co., Limited Ordinary Shares",,,9426950,0,
BFRI,Biofrontera Inc. Common Stock,,,9423493,0,
RAY,Raytech Holding Limited Ordinary Shares,,,9400836,0,
NOTV,"Inotiv, Inc. Common Stock",,,9372630,0,
JCSE,JE Cleantech Holdings Limited Ordinary Shares,,,9363263,0,
IHT,InnSuites Hospitality Trust Shares of Beneficial Interest,,,9297803,0,
ASTC,Astrotech Corporation (DE) Common Stock,,,9199324,0,
XELB,"Xcel Brands, Inc. Common Stock",,,9135413,0,
SELX,Semilux International Ltd. Ordinary Shares,,,9132518,0,
MTR,Mesa Royalty Trust Common Stock,,,9112955,0,
AZI,Autozi Internet Technology (Global) Ltd. Class A Ordinary Shares,,,9100864,0,
OXBR,Oxbridge Re Holdings Limited Ordinary Shares,,,9057824,0,
WETO,Wetour Robotics Limited Ordinary Shares,,,9020000,0,
TKLF,"Tokyo Lifestyle Co., Ltd. American Depositary Shares",,,9012437,0,
KXIN,Kaixin Holdings Ordinary Shares,,,8996471,0,
FTRK,FAST TRACK GROUP Ordinary shares,,,8988931,0,
TOVX,"Theriva Biologics, Inc. Common Stock",,,8985784,0,
RDZNW,"Roadzen, Inc. Warrants",,,8925915,0,
MRM,MEDIROM Healthcare Technologies Inc. American Depositary Share,,,8850184,0,
CLWT,Euro Tech Holdings Company Limited Common Stock,,,8831741,0,
CRGOW,Freightos Limited Warrants,,,8786195,0,
APRE,"Aprea Therapeutics, Inc. Common stock",,,8737076,0,
IZM,ICZOOM Group Inc. Class A Ordinary Shares,,,8735964,0,
SNES,"SenesTech, Inc. Common Stock",,,8697619,0,
ITOC,iTonic Holdings Ltd Class A Ordinary Shares,,,8651300,0,
DLXY,Delixy Holdings Limited Class A Ordinary Shares,,,8503635,0,
CALC,"CalciMedica, Inc. Common Stock",,,8501715,0,
HTOO,Fusion Fuel Green PLC Class A Ordinary Shares,,,8449958,0,
PAVS,Paranovus Entertainment Technology Ltd. Class A Ordinary Shares,,,8424116,0,
AMST,Amesite Inc. Common Stock,,,8413792,0,
MWG,Multi Ways Holdings Limited Class A Ordinary Shares,,,8278620,0,
TNON,"Tenon Medical, Inc. Common Stock",,,8196652,0,
CWD,CaliberCos Inc. Class A Common Stock,,,8111021,0,
TPST,"Tempest Therapeutics, Inc. Common Stock",,,8080544,0,
HWH,HWH International Inc. Common Stock,,,8074512,0,
EVTV,"Envirotech Vehicles, Inc. Common Stock",,,8065290,0,
FBGL,FBS Global Limited Ordinary Shares,,,8036550,0,
HSCS,HeartSciences Inc. Common Stock,,,8006336,0,
SEGG,Sports Entertainment Gaming Global Corporation Common Stock,,,7965372,0,
INEO,INNEOVA Holdings Limited Class A Ordinary Shares,,,7933308,0,
MSN,Emerson Radio Corporation Common Stock,,,7933080,0,
LHSW,Lianhe Sowell International Group Ltd Class A Ordinary Shares,,,7904000,0,
RNAZ,"TransCode Therapeutics, Inc. Common Stock",,,7895094,0,
WCT,Wellchange Holdings Company Limited Class A Ordinary shares,,,7847168,0,
LCFY,Locafy Limited Ordinary Share,,,7843880,0,
YCBD,"cbdMD, Inc. Common Stock",,,7787706,0,
BOLT,"Bolt Biotherapeutics, Inc. Common Stock",,,7763131,0,
FMFC,Kandal M Venture Limited Class A Ordinary Shares,,,7707272,0,
AIIOW,Robo.ai Inc. Warrant,,,7666213,0,
INHD,Inno Holdings Inc. Common Stock,,,7665288,0,
KPRX,"Kiora Pharmaceuticals, Inc.  Common Stock",,,7624712,0,
EVGN,Evogene Ltd Ordinary Shares,,,7618198,0,
IFBD,"Infobird Co., Ltd Ordinary Shares",,,7616193,0,
CELZ,"Creative Medical Technology Holdings, Inc. Common Stock",,,7615136,0,
NWTG,"Newton Golf Company, Inc. Common Stock",,,7556416,0,
DSS,"DSS, Inc. Common Stock",,,7546790,0,
EVGOW,EVgo Inc. Warrants,,,7514005,0,
SUNE,"SUNation Energy, Inc. Common Stock",,,7494555,0,
BCTXL,BriaCell Therapeutics Corp. Warrant expiring 2031,,,7468727,0,
ACON,"Aclarion, Inc. Common Stock",,,7463353,0,
YJ,Yunji Inc. American Depository Shares,,,7437565,0,
ATON,AlphaTON Capital Corp. Common Stock,,,7405330,0,
OFAL,OFA Group Class A Ordinary Shares,,,7363097,0,
ARBB,ARB IOT Group Limited Ordinary Shares,,,7361118,0,
JZ,Jianzhi Education Technology Group Company Limited American Depositary Shs,,,7354166,0,
SUGP,SU Group Holdings Limited Class A Ordinary Shares,,,7301888,0,
IQST,iQSTEL Inc. Common Stock,,,7296168,0,
XAIR,"Beyond Air, Inc. Common Stock",,,7267353,0,
NAMMW,Namib Minerals Warrants,,,7246453,0,
TLIH,Ten-League International Holdings Limited Ordinary Shares,,,7245230,0,
YHGJ,Yunhong Green CTI Ltd. Common Stock,,,7220669,0,
BTCT,BTC Digital Ltd. Ordinary Shares,,,7206125,0,
NXL,"Nexalin Technology, Inc. Common Stock",,,7168587,0,
MKZR,"MacKenzie Realty Capital, Inc. Common Stock",,,7163595,0,
FGI,FGI Industries Ltd. Ordinary Shares,,,7162122,0,
PMCB,"PharmaCyte  Biotech, Inc. Common Stock",,,7143501,0,
TGHL,The GrowHub Limited Class A Ordinary Shares,,,7083947,0,
GELS,Gelteq Limited Ordinary Shares,,,7080010,0,
BGLWW,Blue Gold Limited Warrant,,,7029542,0,
JXG,JX Luxventure Group Inc. Common Stock,,,7027832,0,
WFF,WF Holding Limited Ordinary Shares,,,7010950,0,
TULP,"Bloomia Holdings, Inc. Common Stock",,,6986089,0,
EJH,E-Home Household Service Holdings Limited Ordinary Shares,,,6976336,0,
BRTX,"BioRestorative Therapies, Inc. Common Stock (NV)",,,6932610,0,
GLE,Global Engine Group Holding Limited Class A Ordinary Shares,,,6932040,0,
SCKT,"Socket Mobile, Inc. Common Stock",,,6929950,0,
RBNE,Robin Energy Ltd. Common Stock,,,6874078,0,
LUCY,"Innovative Eyewear, Inc. Common Stock",,,6867720,0,
CLGN,CollPlant Biotechnologies Ltd Ordinary Shares,,,6862411,0,
ZCMD,Zhongchao Inc. Class A Ordinary Shares,,,6842745,0,
WAFU,Wah Fu Education Group Limited Ordinary Shares,,,6836366,0,
AMBO,Ambow Education Holding Ltd. American Depository Shares (each representing twenty (20) Class A Ordinary Shares),,,6807566,0,
GRDX,GridAI Technologies Corp. Common Stock,,,6791044,0,
MIMI,Mint Incorporation Limited Class A Ordinary Shares,,,6753375,0,
SOS,SOS Limited Class A Ordinary Shares,,,6727294,0,
PCSA,"Processa Pharmaceuticals, Inc. Common Stock",,,6716598,0,
MYSE,"Myseum, Inc. Common Stock",,,6694997,0,
INBS,Intelligent Bio Solutions Inc. Common Stock,,,6693924,0,
OLB,"The OLB Group, Inc. Common Stock",,,6663470,0,
AMZE,"Amaze Holdings, Inc. Common Stock",,,6647920,0,
CANF,"Can-Fite Biopharma Ltd American Depositary Shares, each representing two (2) Ordinary Shares",,,6641896,0,
NVNO,enVVeno Medical Corporation Common Stock,,,6640428,0,
XWEL,"XWELL, Inc. Common Stock",,,6631708,0,
NRSNW,NeuroSense Therapeutics Ltd. Warrant,,,6622568,0,
PN,Skycorp Solar Group Limited Ordinary Shares,,,6596100,0,
WKHS,"Workhorse Group, Inc. Common Stock",,,6552699,0,
APM,Aptorum Group Limited Class A Ordinary Shares,,,6481616,0,
MSGY,Masonglory Limited Ordinary Shares,,,6441400,0,
OLOX,Olenox Industries Inc. Common Stock,,,6429031,0,
BMRA,"Biomerica, Inc. Common Stock",,,6402542,0,
FTFT,Future FinTech Group Inc. Common Stock,,,6392940,0,
TCRT,"Alaunos Therapeutics, Inc. Common Stock",,,6383031,0,
CETX,Cemtrex Inc. Common Stock,,,6298806,0,
RIME,"Algorhythm Holdings, Inc. Common Stock",,,6276331,0,
ADVB,Advanced Biomed Inc. Common Stock,,,6222284,0,
ATER,"Aterian, Inc. Common Stock",,,6202039,0,
XPON,Expion360 Inc. Common Stock,,,6174705,0,
CUPR,Cuprina Holdings (Cayman) Limited Class A Ordinary Shares,,,6146700,0,
XBIO,"Xenetic Biosciences, Inc. Common Stock",,,6140030,0,
MTVA,MetaVia Inc. Common Stock,,,6109123,0,
RMSG,Real Messenger Corporation Ordinary Shares,,,6087335,0,
CYCN,"Cyclerion Therapeutics, Inc. Common Stock",,,6084237,0,
ORKT,Orangekloud Technology Inc. Class A Ordinary Shares,,,6073340,0,
GRRRW,Gorilla Technology Group Inc. Warrant,,,6066673,0,
CAPS,Capstone Holding Corp. Common Stock,,,6061611,0,
BBGI,"Beasley Broadcast Group, Inc. Class A Common Stock",,,6025340,0,
USGOW,U.S. GoldMining Inc. Warrant,,,5993700,0,
VS,Versus Systems Inc. Common Stock,,,5980046,0,
FRSX,Foresight Autonomous Holdings Ltd. American Depositary Shares,,,5967972,0,
TGL,Treasure Global Inc. Common Stock,,,5965581,0,
QUCY,Mainz Biomed N.V. Ordinary Shares,,,5929766,0,
DKI,DarkIris Inc. Class A Ordinary Shares,,,5908700,0,
CIIT,"Tianci International, Inc. Common Stock",,,5898691,0,
MGRX,"Mangoceuticals, Inc. Common Stock",,,5865596,0,
NCNA,NuCana plc American Depositary Share,,,5826759,0,
GSUN,Golden Sun Technology Group Limited Class A Ordinary Shares,,,5816745,0,
ERNA,Ernexa Therapeutics Inc. Common Stock,,,5801732,0,
CJMB,Callan JMB Inc. Common Stock,,,5778784,0,
CDIO,Cardio Diagnostics Holdings Inc. Common stock,,,5770965,0,
CXAI,CXApp Inc. Class A Common Stock,,,5757215,0,
BKYI,"BIO-key International, Inc. Common Stock",,,5751383,0,
JCTC,Jewett-Cameron Trading Company Common Shares,,,5737784,0,
HTCR,"Heartcore Enterprises, Inc. Common Stock",,,5701663,0,
XTLB,XTL Biopharmaceuticals Ltd. American Depositary Shares,,,5701115,0,
HCWC,Healthy Choice Wellness Corp. Class A Common Stock,,,5662680,0,
LOBO,LOBO TECHNOLOGIES LTD. Class A Ordinary Shares,,,5655831,0,
AIHS,Senmiao Technology Limited Common Stock,,,5651286,0,
QNCX,"Quince Therapeutics, Inc. Common Stock",,,5646103,0,
CLIK,Click Holdings Limited Class A Ordinary Share,,,5645047,0,
IPDN,"Professional Diversity Network, Inc. Common Stock",,,5614257,0,
DXST,Decent Holding Inc Class A Ordinary Shares,,,5590517,0,
TBH,"Brag House Holdings, Inc. Common Stock",,,5585633,0,
ARTL,"Artelo Biosciences, Inc. Common Stock",,,5579843,0,
MBIO,"Mustang Bio, Inc. Common Stock",,,5516403,0,
IOTR,iOThree Limited Ordinary Shares,,,5514752,0,
AGPU,Axe Compute Inc. Common Stock,,,5497496,0,
FLDDW,"Fold Holdings, Inc. Warrant",,,5481443,0,
ANY,Sphere 3D Corp. Common Shares,,,5462275,0,
NDRA,ENDRA Life Sciences Inc. Common Stock,,,5423951,0,
HXHX,Haoxin Holdings Limited Class A Ordinary Shares,,,5390000,0,
CREG,Smart Powerr Corp. Common Stock,,,5377077,0,
EDHL,Everbright Digital Holding Limited Ordinary Shares,,,5373656,0,
ARBEW,Arbe Robotics Ltd. Warrant,,,5361136,0,
SOWG,Sow Good Inc. Common Stock,,,5344716,0,
YDKG,Yueda Digital Holding Class A Ordinary Share,,,5342150,0,
LIMN,"Liminatus Pharma, Inc. Class A Common Stock",,,5340010,0,
CRE,Cre8 Enterprise Limited Class A Ordinary Shares,,,5336989,0,
MEGL,Magic Empire Global Limited Class A Ordinary Shares,,,5317253,0,
GAVA,Grayscale Avalanche Staking ETF Common Units of Fractional Undivided Beneficial Interest,,,5314757,0,
MVSTW,"Microvast Holdings, Inc. Warrants",,,5312527,0,
TWAV,"TaoWeave, Inc. Common Stock",,,5256992,0,
GP,GreenPower Motor Company Inc. Common Shares,,,5230463,0,
RVYL,Ryvyl Inc. Common Stock,,,5229459,0,
JWEL,Jowell Global Ltd. Ordinary Shares,,,5209140,0,
IMRN,Immuron Limited American Depositary Shares,,,5195421,0,
ZOOZW,ZOOZ Strategy Ltd. Warrant,,,5184719,0,
POLA,"Polar Power, Inc. Common Stock",,,5184418,0,
ASBP,"Aspire Biopharma Holdings, Inc. Common Stock",,,5174866,0,
EHGO,Eshallgo Inc. Class A Ordinary Shares,,,5166784,0,
NXGL,"NexGel, Inc Common Stock",,,5154603,0,
MITQ,"Moving iMage Technologies, Inc. Common Stock",,,5151570,0,
MNTS,Momentus Inc. Class A Common Stock,,,5141619,0,
SYNX,Silynxcom Ltd. Ordinary Shares,,,5131016,0,
BOXL,Boxlight Corporation Class A Common Stock,,,5125000,0,
COCHW,"Envoy Medical, Inc Warrant",,,5104906,0,
GVH,Globavend Holdings Limited Ordinary Shares,,,5099606,0,
SILO,"Silo Pharma, Inc. Common Stock",,,5095724,0,
WLDS,Wearable Devices Ltd. Ordinary Share,,,5084749,0,
HCAI,"Huachen AI Parking Management Technology Holding Co., Ltd. Class A Ordinary Shares",,,5060138,0,
APVO,Aptevo Therapeutics Inc. Common Stock,,,5045966,0,
DAIC,"CID HoldCo, Inc. Common Stock",,,5032593,0,
GIBO,GIBO Holdings Limited Class A Ordinary Shares,,,5032150,0,
CHNR,"China Natural Resources, Inc. Common Stock",,,5019209,0,
SNTG,Sentage Holdings Inc. Class A Ordinary Shares,,,4965425,0,
TDIC,Dreamland Limited Class A Ordinary Shares,,,4954300,0,
BEATW,"Heartbeam, Inc. Warrant",,,4934653,0,
VEEAW,Veea Inc. Warrant,,,4929860,0,
DRMA,"Dermata Therapeutics, Inc. Common Stock",,,4866793,0,
HYFM,"Hydrofarm Holdings Group, Inc. Common Stock",,,4859904,0,
SLE,"Super League Enterprise, Inc. Common Stock",,,4851281,0,
STFS,Star Fashion Culture Holdings Limited Class A Ordinary Shares,,,4810813,0,
BETRW,Better Home & Finance Holding Company Warrant,,,4768824,0,
AIM,AIM ImmunoTech Inc. Common Stock,,,4766452,0,
SBFM,Sunshine Biopharma Inc. Common Stock,,,4738183,0,
XHLD,"TEN Holdings, Inc. Common Stock",,,4733157,0,
ILAG,Intelligent Living Application Group Inc. Ordinary Shares,,,4715807,0,
PULM,"Pulmatrix, Inc. Common Stock",,,4711448,0,
TNMG,TNL Mediagene Ordinary Shares,,,4703785,0,
MI,NFT Limited Class A Ordinary Share,,,4702166,0,
RVPH,"Reviva Pharmaceuticals Holdings, Inc. Common Stock ",,,4701975,0,
YMAT,"J-Star Holding Co., Ltd. Class A Ordinary Shares",,,4678544,0,
LCFYW,Locafy Limited Warrant,,,4677543,0,
SOAR,"Volato Group, Inc. Class A Common Stock",,,4638576,0,
FBLG,"FibroBiologics, Inc. Common Stock",,,4636955,0,
WALDW,Waldencast plc Warrant ,,,4617355,0,
JAGX,"Jaguar Health, Inc. Common Stock",,,4601342,0,
CHR,"Cheer Holding, Inc. Class A Ordinary Share",,,4596053,0,
WTO,UTime Limited Class A Ordinary Shares,,,4586537,0,
AEHL,Antelope Enterprise Holdings Limited Class A Ordinary Shares,,,4535536,0,
YAAS,Youxin Technology Ltd Class A Ordinary shares,,,4498590,0,
REVB,"Revelation Biosciences, Inc. Common Stock",,,4464504,0,
AMIX,"Autonomix Medical, Inc. Common Stock",,,4450785,0,
MSS,Maison Solutions Inc. Class A Common Stock,,,4406335,0,
WNW,Meiwu Technology Company Limited Ordinary Shares,,,4345112,0,
SXTP,"60 Degrees Pharmaceuticals, Inc. Common Stock",,,4327661,0,
TOIIW,"The Oncology Institute, Inc. Warrant",,,4319271,0,
ATXG,Addentax Group Corp. Common Stock,,,4301328,0,
MLEC,Moolec Science SA Ordinary Shares,,,4298619,0,
DUO,Fangdd Network Group Ltd. Class A Ordinary Shares,,,4287590,0,
ASPSW,Altisource Portfolio Solutions S.A. Net Settle Stakeholder Warrants,,,4286001,0,
SKK,SKK Holdings Limited Class A Ordinary Shares,,,4275000,0,
SLXN,Silexion Therapeutics Corp Ordinary Shares,,,4263405,0,
CYCU,"Cycurion, Inc. Common Stock",,,4230069,0,
IOBT,"IO Biotech, Inc. Common Stock",,,4223397,0,
KTWOR,K2 Capital Acquisition Corporation Rights,,,4208644,0,
GNPX,"Genprex, Inc. Common Stock",,,4197198,0,
WXM,WF International Limited Ordinary Shares,,,4173275,0,
GBR,"New Concept Energy, Inc Common Stock",,,4161485,0,
SONM,"DNA X, Inc. Common Stock",,,4145633,0,
HPAIW,Helport AI Limited Warrants,,,4141160,0,
OIOWW,OIO Group Warrants,,,4139808,0,
RENX,RenX Enterprises Corp. Common Stock,,,4126129,0,
ONFO,Onfolio Holdings Inc. Common Stock,,,4083729,0,
INDP,"Indaptus Therapeutics, Inc. Common Stock",,,4081030,0,
DAVEW,Dave Inc. Warrants,,,4066523,0,
CDTG,CDT Environmental Technology Investment Holdings Limited ordinary shares,,,4057500,0,
ZSPC,"zSpace, Inc. Common stock",,,4045475,0,
LMFA,"LM Funding America, Inc. Common Stock",,,4039473,0,
ALZN,"Alzamend Neuro, Inc. Common Stock",,,4033025,0,
DFSC,DEFSEC Technologies Inc. Common Stock,,,4007188,0,
BAOS,Baosheng Media Group Holdings Limited Ordinary shares,,,3968337,0,
SXTC,"China SXT Pharmaceuticals, Inc. Class A Ordinary Shares",,,3898516,0,
CODX,"Co-Diagnostics, Inc. Common Stock",,,3896758,0,
BGLC,BioNexus Gene Lab Corp Common stock,,,3845603,0,
LXEH,"Lixiang Education Holding Co., Ltd. American Depositary Shares",,,3835251,0,
RDHL,Redhill Biopharma Ltd. American Depositary Shares,,,3810122,0,
TANH,Tantech Holdings Ltd. Class A Common Shares,,,3793989,0,
AZTR,Azitra Inc Common Stock,,,3789030,0,
IVF,"INVO Fertility, Inc. Common Stock",,,3786836,0,
KIDZ,"Classover Holdings, Inc. Class B Common Stock",,,3783567,0,
EZRA,"Reliance Global Group, Inc. Common Stock",,,3761783,0,
BFRGW,"Bullfrog AI Holdings, Inc. Warrants",,,3760057,0,
VSTD,Vestand Inc. Class A Common Stock,,,3755395,0,
PPBT,Purple Biotech Ltd. American Depositary Shares,,,3755002,0,
RMCOW,Royalty Management Holding Corporation Warrant,,,3739761,0,
VIVS,"VivoSim Labs, Inc. Common Stock",,,3729386,0,
SNOA,"Sonoma Pharmaceuticals, Inc. Common Stock",,,3686206,0,
WAI,Top KingWin Ltd Class A Ordinary Shares,,,3676593,0,
MNYWW,MoneyHero Limited Warrants,,,3672343,0,
ENVB,"Enveric Biosciences, Inc. Common Stock",,,3661818,0,
ABTS,Abits Group Inc Ordinary Shares,,,3649792,0,
RUBI,Rubico Inc. Common Stock,,,3623954,0,
BLUWW,Blue Water Acquisition Corp. III Warrant.,,,3622500,0,
FCUV,Focus Universal Inc. Common Stock,,,3561352,0,
SCAGW,Scage Future Warrants,,,3521569,0,
IINNW,Inspira Technologies Oxy B.H.N. Ltd. Warrant,,,3513360,0,
HIHO,Highway Holdings Limited Common Stock,,,3507971,0,
BNBX,BNB Plus Corp. Common Stock,,,3486380,0,
DCOY,Decoy Therapeutics Inc. Common Stock,,,3474279,0,
FLYE,"Fly-E Group, Inc. Common Stock",,,3428011,0,
BYAH,"Park Ha Biological Technology Co., Ltd. Class A Ordinary Shares",,,3381550,0,
NXTS,Nexentis Technologies Inc. Common Stock,,,3373499,0,
VEEE,Twin Vee PowerCats Co. Common Stock,,,3362359,0,
CNEY,CN Energy Group Inc. Class A Ordinary Shares,,,3355973,0,
AQB,"AquaBounty Technologies, Inc. Common Stock",,,3355369,0,
SQFT,"Presidio Property Trust, Inc. Class A Common Stock",,,3344693,0,
PDYNW,Palladyne AI Corp Warrants,,,3333682,0,
ALBT,Avalon GloboCare Corp. Common Stock,,,3327830,0,
KWMWW,"K Wave Media, Ltd. Warrant",,,3325270,0,
MEHA,"Functional Brands, Inc. Common Stock",,,3317042,0,
GRI,"GRI Bio, Inc. Common Stock",,,3309116,0,
BTOG,Bit Origin Limited Class A Ordinary Shares,,,3308126,0,
ORIS,Oriental Rise Holdings Limited Ordinary Shares,,,3306146,0,
SOPA,Society Pass Incorporated Common Stock,,,3287108,0,
NCL,Northann Corp. Common Stock,,,3254538,0,
AGMH,AGM Group Holdings Inc. Class A Ordinary Shares,,,3254006,0,
ELAB,PMGC Holdings Inc. Common Stock,,,3243351,0,
MTNB,"Matinas Biopharma Holdings, Inc. Common Stock",,,3203096,0,
ESLAW,"Estrella Immunopharma, Inc. Warrant",,,3195626,0,
MRNOW,Murano Global Investments PLC Warrants,,,3172229,0,
MSAIW,"MultiSensor AI Holdings, Inc. Warrant",,,3147233,0,
PGYWW,Pagaya Technologies Ltd. Warrants,,,3136005,0,
ZNB,Zeta Network Group Class A Ordinary Shares,,,3129978,0,
ITP,"IT Tech Packaging, Inc. Common Stock",,,3087706,0,
CPHI,"China Pharma Holdings, Inc. Common Stock",,,3063421,0,
AMPGZ,"Amplitech Group, Inc. Series B Right",,,3039756,0,
SGLY,Singularity Future Technology Ltd. Common Stock,,,3034093,0,
MNDR,Mobile-health Network Solutions Class A Ordinary Shares,,,3018149,0,
NCRA,"Nocera, Inc. Common Stock",,,2926468,0,
VCIG,VCI Global Limited Ordinary Share,,,2910895,0,
PW,Power REIT (MD) Common Stock,,,2881212,0,
AEMD,"Aethlon Medical, Inc. Common Stock",,,2880091,0,
IVDA,"Iveda Solutions, Inc. Common Stock",,,2862913,0,
ELPW,Elong Power Holding Limited Class A Ordinary Shares,,,2862865,0,
SDOT,Sadot Group Inc. Common Stock,,,2847583,0,
MGN,Megan Holdings Limited Class A Ordinary Shares,,,2847000,0,
RKDA,"Arcadia Biosciences, Inc. Common Stock",,,2838500,0,
AIOS,AIOS Tech Inc. Class A Common Shares,,,2822874,0,
GWAV,"Greenwave Technology Solutions, Inc. Common Stock",,,2804153,0,
RNWWW,ReNew Energy Global plc Warrant,,,2793322,0,
TRNR,Interactive Strength Inc. Common Stock,,,2787107,0,
TBLAW,Taboola.com Ltd. Warrant,,,2775984,0,
VSME,VS Media Holdings Limited Class A Ordinary Shares,,,2750684,0,
IPST,"IP Strategy Holdings, Inc. Common Stock",,,2714825,0,
PMAX,Powell Max Limited Class A Ordinary Shares,,,2694689,0,
SBLX,"StableX Technologies, Inc. Common Stock",,,2693554,0,
GLMD,Galmed Pharmaceuticals Ltd. Ordinary Shares,,,2684823,0,
DFNSW,T3 Defense Inc. Warrants,,,2671561,0,
FFAIW,Faraday Future Intelligent Electric Inc. Warrant,,,2649447,0,
ATPC,Agape ATP Corporation Common Stock,,,2631420,0,
ICON,Icon Energy Corp. Common stock,,,2628144,0,
MASK,3 E Network Technology Group Ltd Class A Ordinary Shares,,,2616865,0,
CLDI,"Calidi Biotherapeutics, Inc. Common Stock",,,2601899,0,
FEED,"ENvue Medical, Inc. Common Stock",,,2589859,0,
SHFS,"SHF Holdings, Inc. Class A Common Stock",,,2558834,0,
ADIL,"Adial Pharmaceuticals, Inc Common Stock",,,2556066,0,
AMPGR,"Amplitech Group, Inc. Series A Right",,,2533130,0,
NCPL,Netcapital Inc. Common Stock,,,2531732,0,
PBM,Psyence Biomedical Ltd. Common Shares,,,2514555,0,
GOVX,"GeoVax Labs, Inc. Common Stock",,,2513776,0,
JDZG,JIADE LIMITED Class A Ordinary Shares,,,2433399,0,
OGEN,Oragenics Inc. Common Stock,,,2428610,0,
TRUG,"TruGolf Holdings, Inc. Class A Common Stock",,,2427571,0,
NUWE,"Nuwellis, Inc. Common Stock",,,2426001,0,
VTAK,"Catheter Precision, Inc. Common Stock",,,2380698,0,
ZEOWW,Zeo Energy Corporation Warrants,,,2365751,0,
BIVIW,BioVie Inc. Warrant,,,2338507,0,
FCHL,Fitness Champs Holdings Limited Common Stock,,,2323333,0,
ARQQW,Arqit Quantum Inc. Warrants,,,2316475,0,
RETO,"ReTo Eco-Solutions, Inc. Class A Shares",,,2312803,0,
BIYA,Baiya International Group Inc. Ordinary Shares,,,2295509,0,
SHPH,"Shuttle Pharmaceuticals Holdings, Inc. Common Stock",,,2275670,0,
CNET,ZW Data Action Technologies Inc. Common Stock,,,2258185,0,
ASPSZ,Altisource Portfolio Solutions S.A. Cash Exercise Stakeholder Warrants,,,2255790,0,
APUS,"Apimeds Pharmaceuticals US, Inc. Common Stock",,,2250346,0,
RCKTW,"Rocket Pharmaceuticals, Inc. Warrant",,,2247663,0,
SMTK,"SmartKem, Inc. Common Stock",,,2238045,0,
TIVC,"Tivic Health Systems, Inc. Common Stock",,,2237334,0,
MIGI,Mawson Infrastructure Group Inc. Common Stock,,,2229355,0,
CISS,C3is Inc. Common Stock,,,2225388,0,
MYSZ,"My Size, Inc. Common Stock",,,2222785,0,
PPCB,"Propanc Biopharma, Inc. Common Stock",,,2215469,0,
CCGWW,Cheche Group Inc. Warrant,,,2213228,0,
AUUD,Auddia Inc. Common Stock,,,2190020,0,
IMCC,IM Cannabis Corp. Common Shares,,,2181080,0,
UK,Ucommune International Ltd Ordinary Shares,,,2173179,0,
FUSEW,Fusemachines Inc. Warrants,,,2170370,0,
NCT,Intercont (Cayman) Limited Class A Ordinary shares,,,2154687,0,
BQ,Boqii Holding Limited Class A Ordinary Shares,,,2132444,0,
DEVS,DevvStream Corp. Common Stock,,,2112519,0,
HOLOW,MicroCloud Hologram Inc. Warrant,,,2071277,0,
SPRC,SciSparc Ltd. Ordinary Shares,,,2069730,0,
WOK,WORK Medical Technology Group LTD Class A Ordinary Shares,,,2069525,0,
VMAR,Vision Marine Technologies Inc. Common Shares,,,2041878,0,
HCTI,"Healthcare Triangle, Inc. Common Stock",,,2036287,0,
BIAFW,"bioAffinity Technologies, Inc. Warrant",,,2035650,0,
IMTE,Integrated Media Technology Limited Ordinary Shares,,,2029950,0,
STKH,Steakholder Foods Ltd. American Depositary Shares,,,2001869,0,
WORX,SCWorx Corp. Common Stock,,,1991016,0,
BBLG,Bone Biologics Corp Common Stock,,,1974786,0,
ENSC,"Ensysce Biosciences, Inc. Common Stock",,,1955997,0,
SVRE,SaverOne 2014 Ltd. American Depositary Shares,,,1938449,0,
DRCT,"Direct Digital Holdings, Inc. Class A Common Stock",,,1924625,0,
WBUY,WEBUY GLOBAL LTD. Class A Ordinary Shares,,,1922817,0,
CAPTW,Captivision Inc. Warrant,,,1906564,0,
AMODW,"Alpha Modus Holdings, Inc. Warrant",,,1884002,0,
JEM,707 Cayman Holdings Limited Ordinary Shares,,,1866726,0,
BTTC,Black Titan Corporation Ordinary Shares,,,1862328,0,
TDOG,21Shares Dogecoin ETF Common Shares of Beneficial Interest,,,1840562,0,
IPW,iPower Inc. Common Stock,,,1838243,0,
GNLN,"Greenlane Holdings, Inc. Class A Common Stock",,,1823938,0,
SCNI,Scinai Immunotherapeutics Ltd. American Depositary Shares,,,1816977,0,
INM,InMed Pharmaceuticals Inc. Common Shares,,,1808420,0,
BJDX,"Bluejay Diagnostics, Inc. Common Stock",,,1788876,0,
LIDRW,"AEye, Inc. Warrant",,,1741283,0,
RAINW,"Rain Enhancement Technologies Holdco, Inc. Warrants",,,1711466,0,
PRFX,PRF Technologies Ltd. Ordinary Shares,,,1710216,0,
CCTG,CCSC Technology International Holdings Limited Class A Ordinary Shares,,,1703936,0,
HKIT,Hitek Global Inc. Class A Ordinary Share,,,1684713,0,
AKAN,Akanda Corp. Common Shares,,,1678367,0,
BRLSW,Borealis Foods Inc. Warrant,,,1663406,0,
NVNIW,Nvni Group Limited Warrants,,,1656561,0,
SDSTW,Stardust Power Inc. Warrant,,,1633505,0,
VRAX,Virax Biolabs Group Limited Ordinary Shares,,,1632413,0,
ITRM,Iterum Therapeutics plc Ordinary Share,,,1585056,0,
RPGL,Republic Power Group Limited Class A Ordinary Shares,,,1584202,0,
BDRX,Biodexa Pharmaceuticals plc American Depositary Shs,,,1571053,0,
CMND,Clearmind Medicine Inc. Common Shares,,,1559832,0,
YYGH,YY Group Holding Limited Class A Ordinary Shares,,,1551610,0,
UPC,Universe Pharmaceuticals Inc. Class A Ordinary Shares,,,1549180,0,
VSEEW,"VSee Health, Inc. Warrant",,,1520726,0,
MTEN,Mingteng International Corporation Inc. Class A Ordinary Shares,,,1503220,0,
BNAIW,Brand Engagement Network Inc. Warrant,,,1502414,0,
GV,Visionary Holdings Inc. Common Shares,,,1497162,0,
CNSP,"CNS Pharmaceuticals, Inc. Common Stock",,,1482493,0,
NEXR,Nexera Technologies Ltd Ordinary Shares,,,1482487,0,
BNRG,Brenmiller Energy Ltd Ordinary Shares,,,1463090,0,
XXII,"22nd Century Group, Inc. Common Stock",,,1463071,0,
AIXI,XIAO-I Corporation American Depositary Shares,,,1462843,0,
BTBDW,"BT Brands, Inc. Warrant",,,1436367,0,
LBGJ,Li Bang International Corporation Inc. Class A Ordinary Shares,,,1429104,0,
OSRHW,"OSR Holdings, Inc. Warrant",,,1417138,0,
GIPR,Generation Income Properties Inc. Common Stock,,,1398988,0,
KITTW,"Nauticus Robotics, Inc. Warrant",,,1388748,0,
MTEKW,Maris-Tech Ltd. Warrants,,,1355424,0,
SABSW,"SAB Biotherapeutics, Inc. Warrant",,,1329822,0,
WHLR,"Wheeler Real Estate Investment Trust, Inc. Common Stock",,,1327438,0,
RAYA,Erayak Power Solution Group Inc. Class A Ordinary Shares,,,1323216,0,
FRGT,"Freight Technologies, Inc. Ordinary Shares",,,1298324,0,
HCWB,HCW Biologics Inc. Common Stock,,,1266052,0,
GFAIW,"Guardforce AI Co., Limited Warrant",,,1261412,0,
JZXN,"Jiuzi Holdings, Inc. Ordinary Shares",,,1258412,0,
FGL,Founder Group Limited Class A Ordinary Shares,,,1206241,0,
IBG,Innovation Beverage Group Limited Ordinary Shares,,,1197147,0,
NXPLW,NextPlat Corp Warrants,,,1184256,0,
DXF,"Eason Technology Limited American Depositary Shares (each representing sixty-thousand (60,000) Ordinary Shares)",,,1136033,0,
EZGO,EZGO Technologies Ltd. Ordinary Shares,,,1110532,0,
OCG,Oriental Culture Holding LTD Ordinary Shares,,,1095059,0,
STSSW,Sharps Technology Inc. Warrant,,,1067031,0,
SBEV,"Splash Beverage Group, Inc. (NV) Common Stock",,,1043977,0,
ONCO,"Onconetix, Inc. Common Stock",,,1035058,0,
CXAIW,CXApp Inc. Warrant,,,1020670,0,
BCTXZ,BriaCell Therapeutics Corp. Warrant expiring 2030,,,1015068,0,
AERTW,"Aeries Technology, Inc. Warrant",,,999173,0,
NVVE,Nuvve Holding Corp. Common Stock,,,979129,0,
SOBR,"SOBR Safe, Inc. Common Stock",,,945014,0,
SCLXW,Scilex Holding Company Warrant,,,934888,0,
VGASW,"Verde Clean Fuels, Inc. Warrant",,,931087,0,
ABLVW,Able View Global Inc. Warrant,,,874202,0,
GMEX,GMEX ROBOTICS CORPORATION Class A Ordinary Shares,,,845759,0,
LGHL,Lion Group Holding Ltd. American Depositary Share,,,839349,0,
OXBRW,Oxbridge Re Holdings Limited Warrant expiring 3/26/2029,,,825951,0,
ERNAW,Ernexa Therapeutics Inc. Warrants,,,816324,0,
AIMDW,"Ainos, Inc. Warrants",,,808594,0,
DAICW,"CID HoldCo, Inc. Warrants",,,776273,0,
SWAGW,"Stran & Company, Inc. Warrant",,,721440,0,
PFSA,"Profusa, Inc. Common Stock",,,689203,0,
SBFMW,Sunshine Biopharma Inc. Warrant,,,681569,0,
VSA,VisionSys AI Inc. American Depositary Shares,,,666947,0,
XBPEW,"XBP Europe Holdings, Inc. Warrant",,,658089,0,
GCTK,"GlucoTrack, Inc. Common Stock",,,657331,0,
NIXXW,"Nixxy, Inc. Warrant",,,619402,0,
JSPRW,"Japer Therapeutics, Inc. Warrants",,,612850,0,
RDGT,"Ridgetech, Inc. Ordinary Shares",,,596112,0,
EDBL,Edible Garden AG Incorporated Common Stock,,,589566,0,
XRTX,XORTX Therapeutics Inc. Common Stock,,,569510,0,
COOTW,Australian Oilseeds Holdings Limited Warrant,,,566340,0,
QH,Quhuo Limited American Depository Shares,,,562467,0,
BZFDW,"BuzzFeed, Inc. Warrant",,,560817,0,
DTSTW,Data Storage Corporation Warrant,,,553379,0,
MYPSW,"PLAYSTUDIOS, Inc. Warrant",,,538642,0,
SEATW,Vivid Seats Inc. Warrant,,,532905,0,
ADTX,"Aditxt, Inc. Common Stock",,,506929,0,
NXGLW,"NexGel, Inc Warrant",,,487774,0,
NRXPW,"NRX Pharmaceuticals, Inc. Warrant",,,486094,0,
INVZW,Innoviz Technologies Ltd. Warrant,,,471952,0,
DFLIW,Dragonfly Energy Holdings Corp. Warrant,,,469862,0,
KUST,"Kustom Entertainment, Inc. Common Stock",,,467387,0,
IVDAW,"Iveda Solutions, Inc. Warrant",,,457843,0,
LUCYW,"Innovative Eyewear, Inc. Series A Warrants 8/16/27",,,448607,0,
SRTAW,"Strata Critical Medical, Inc. Warrants",,,434946,0,
TALKW,"Talkspace, Inc. Warrant",,,434398,0,
HSCSW,HeartSciences Inc. Warrant,,,373884,0,
ONFOW,Onfolio Holdings Inc. Warrant,,,358829,0,
CINGW,Cingulate Inc. Warrants,,,352347,0,
LNKS,Linkers Industries Limited Class A Ordinary Shares,,,319753,0,
UCAR,U Power Limited Class A Ordinary Shares,,,302916,0,
CELUW,Celularity Inc. Warrant,,,285494,0,
KTTAW,Pasithea Therapeutics Corp. Warrant,,,260929,0,
RMSGW,Real Messenger Corporation Warrants,,,253639,0,
BTMWW,Bitcoin Depot Inc. Warrant,,,238160,0,
WGSWW,GeneDx Holdings Corp. Warrant,,,234310,0,
PRENW,Prenetics Global Limited Warrant,,,232005,0,
HUBC,Hub Cyber Security Ltd. Ordinary Shares,,,216845,0,
BENFW,Beneficient Warrant,,,198992,0,
NCPLW,Netcapital Inc. Warrants,,,195413,0,
SRZNW,"Surrozen, Inc. Warrant",,,183787,0,
CMCT,Creative Media & Community Trust Corporation Common stock,,,165869,0,
LTRYW,Sports Entertainment Gaming Global Corporation Warrants,,,155514,0,
BNZIW,"Banzai International, Inc. Warrant",,,154938,0,
LNZAW,"LanzaTech Global, Inc. Warrant",,,142149,0,
TVGNW,Tevogen Bio Holdings Inc. Warrant,,,137238,0,
SMXWW,SMX (Security Matters) Public Limited Company Warrant,,,128541,0,
GIPRW,Generation Income Properties Inc Warrant,,,126388,0,
SXTPW,"60 Degrees Pharmaceuticals, Inc. Warrant",,,123895,0,
ICUCW,SeaStar Medical Holding Corporation Warrant,,,115019,0,
ANGHW,Anghami Inc. Warrants,,,112405,0,
ACONW,"Aclarion, Inc. Warrant",,,109097,0,
DSYWW,Big Tree Cloud Holdings Limited Warrants,,,105492,0,
GDEVW,GDEV Inc. Warrant,,,99715,0,
LRHC,La Rosa Holdings Corp. Common Stock,,,95732,0,
SHFSW,"SHF Holdings, Inc. Warrants",,,95205,0,
TNONW,"Tenon Medical, Inc. Warrant",,,90371,0,
RVSNW,Rail Vision Ltd. Warrant,,,87470,0,
SWVLW,Swvl Holdings Corp Warrant,,,86117,0,
ASBPW,"Aspire Biopharma Holdings, Inc. Warrant",,,83401,0,
EUDAW,EUDA Health Holdings Limited Warrant,,,74204,0,
COEPW,"Coeptis Therapeutics Holdings, Inc. Warrants",,,72189,0,
DRMAW,"Dermata Therapeutics, Inc. Warrant",,,68376,0,
SLXNW,Silexion Therapeutics Corp Warrant,,,67615,0,
DFSCW,DEFSEC Technologies Inc. Warrant,,,63796,0,
FGIWW,FGI Industries Ltd. Warrant,,,61636,0,
EDBLW,Edible Garden AG Incorporated Warrant,,,52497,0,
SAIHW,SAIHEAT Limited Warrant,,,50660,0,
CDIOW,Cardio Diagnostics Holdings Inc. Warrant,,,48535,0,
PIIIW,P3 Health Partners Inc. Warrant,,,42559,0,
CDTTW,CDT Equity Inc. Warrant,,,39196,0,
XOSWW,"Xos, Inc. Warrants",,,38536,0,
MKDWW,MKDWELL Tech Inc. Warrants,,,37616,0,
APLMW,Apollomics Inc. Warrant,,,32636,0,
SQFTW,"Presidio Property Trust, Inc. Series A Common Stock Purchase Warrants",,,28689,0,
MNTSW,Momentus Inc. Warrant,,,28502,0,
KIDZW,"Classover Holdings, Inc. Warrants",,,20269,0,
MLECW,Moolec Science SA Warrant,,,18734,0,
PBMWW,Psyence Biomedical Ltd. Warrant,,,18501,0,
HUBCZ,Hub Cyber Security Ltd. Warrant ,,,17907,0,
HUBCW,Hub Cyber Security Ltd. Warrant 2/27/28,,,15068,0,
ORGNW,"Origin Materials, Inc. Warrants",,,13556,0,
NEXRW,Nexera Technologies Ltd Warrant,,,11102,0,
KPLTW,"Katapult Holdings, Inc. Warrant",,,10960,0,
NIVFW,NewGenIvf Group Limited Warrants,,,7959,0,
CTBB,Qwest Corporation 6.5% Notes due 2056,,,19,0,
CTDD,Qwest Corporation 6.75% Notes due 2057,,,19,0,
MKLYR,McKinley Acquisition Corporation Rights,,,0,0,
MKLYU,McKinley Acquisition Corporation Units,,,0,0,
MLAA,Mountain Lake Acquisition Corp. II Class A Ordinary Shares,,,0,0,
MLAAW,Mountain Lake Acquisition Corp. II Warrants,,,0,0,
MLAC,Mountain Lake Acquisition Corp. Class A Ordinary Shares,,,0,0,
MLACR,Mountain Lake Acquisition Corp. Right,,,0,0,
MLCIL,Mount Logan Capital Inc. 8.00% Notes Due 2031,,,0,0,
LPBBW,Launch Two Acquisition Corp. Warrant,,,0,0,
LPCV,Launchpad Cadenza Acquisition Corp I Class A Ordinary Share,,,0,0,
LPCVW,Launchpad Cadenza Acquisition Corp I Warrant,,,0,0,
LWAC,LightWave Acquisition Corp. Class A Ordinary Shares,,,0,0,
LWACU,LightWave Acquisition Corp. Units,,,0,0,
MACIW,Melar Acquisition Corp. I Warrant,,,0,0,
MBAV,M3-Brigade Acquisition V Corp. Class A Ordinary shares,,,0,0,
MBAVW,M3-Brigade Acquisition V Corp. Warrant,,,0,0,
MBVI,M3-Brigade Acquisition VI Corp. Class A Ordinary Shares,,,0,0,
MBVIU,M3-Brigade Acquisition VI Corp. Units,,,0,0,
MBVIW,M3-Brigade Acquisition VI Corp. Warrant,,,0,0,
MCGAU,Yorkville Acquisition Corp. Unit,,,0,0,
MACI,Melar Acquisition Corp. I Class A Ordinary Shares,,,0,0,
NHS,Neuberger High Yield Strategies Fund Inc. Common Stock,,,0,0,
NIM,Nuveen Select Maturities Municipal Fund Common Stock,,,0,0,
MMD,NYLI MacKay DefinedTerm Muni Opportunities Fund Common Shares,,,0,0,
MMTX,Miluna Acquisition Corp Class A Ordinary Share,,,0,0,
MMTXW,Miluna Acquisition Corp Warrant,,,0,0,
MMU,"Western Asset Managed Municipals Fund, Inc. Common Stock",,,0,0,
MPA,Blackrock MuniYield Pennsylvania Quality Fund Common Stock,,,0,0,
MSD,"Morgan Stanley Emerging Markets Debt Fund, Inc. Common Stock",,,0,0,
MSDL,Morgan Stanley Direct Lending Fund Common Stock,,,0,0,
MUZE,Muzero Acquisition Corp Class A Ordinary Shares,,,0,0,
MUZEU,Muzero Acquisition Corp Unit,,,0,0,
MUZEW,Muzero Acquisition Corp Warrant,,,0,0,
MKLY,McKinley Acquisition Corporation Class A Ordinary Shares,,,0,0,
MXF,"Mexico Fund, Inc. (The) Common Stock",,,0,0,
MYN,"Blackrock MuniYield New York Quality Fund, Inc.Common Stock",,,0,0,
NAC,Nuveen California Quality Municipal Income Fund,,,0,0,
NAD,Nuveen Quality Municipal Income Fund Common Stock,,,0,0,
NAZ,Nuveen Arizona Quality Municipal Income Fund Common Stock,,,0,0,
MEGI,NYLI CBRE Global Infrastructure Megatrends Term Fund Common Shares,,,0,0,
MESH,Meshflow Acquisition Corp. Class A Ordinary Shares,,,0,0,
MESHU,Meshflow Acquisition Corp. Units,,,0,0,
METCI,"Ramaco Resources, Inc. 8.250% Senior Notes due 2030",,,0,0,
METCZ,"Ramaco Resources, Inc. 8.375% Senior Notes due 2029",,,0,0,
MEVO,M Evo Global Acquisition Corp II Class A Ordinary Shares,,,0,0,
MEVOU,M Evo Global Acquisition Corp II Units,,,0,0,
MHF,"Western Asset Municipal High Income Fund, Inc. Common Stock",,,0,0,
MXE,"Mexico Equity and Income Fund, Inc. (The) Common Stock",,,0,0,
NMI,"Nuveen Municipal Income Fund, Inc. Common Stock",,,0,0,
NMAI,Nuveen Multi-Asset Income Fund Common Shares of Beneficial Interest,,,0,0,
NKX,Nuveen California AMT-Free Quality Municipal Income Fund,,,0,0,
NZF,Nuveen Municipal Credit Income Fund ,,,0,0,
NXJ,Nuveen New Jersey Qualified Municipal Fund ,,,0,0,
NWAX,New America Acquisition I Corp. Class A Common Stock,,,0,0,
NVG,Nuveen AMT-Free Municipal Credit Income Fund ,,,0,0,
NUW,Nuveen AMT-Free Municipal Value Fund,,,0,0,
NUV,"Nuveen Municipal Value Fund, Inc. Common Stock",,,0,0,
NTWOW,Newbury Street II Acquisition Corp Warrant,,,0,0,
NTWO,Newbury Street II Acquisition Corp Class A Ordinary Shares,,,0,0,
NRUC,National Rural Utilities Cooperative Finance Corporation 5.500% Subordinated Notes due 2064 (Subordinated Deferrable Interest Notes),,,0,0,
MCGA,Yorkville Acquisition Corp. Class A Ordinary Share,,,0,0,
NRK,Nuveen New York AMT-Free Quality Municipal Income Fund ,,,0,0,
NQP,Nuveen Pennsylvania Quality Municipal Income Fund Common Stock,,,0,0,
NPV,Nuveen Virginia Quality Municipal Income Fund Common Stock,,,0,0,
NPFD,Nuveen Variable Rate Preferred & Income Fund Common Shares,,,0,0,
NPCT,Nuveen Core Plus Impact Fund Common Shares of Beneficial Interest,,,0,0,
NPACW,New Providence Acquisition Corp. III Warrants,,,0,0,
OXLCG,Oxford Lane Capital Corp. 7.95% Notes due 2032,,,0,0,
OTGAU,OTG Acquisition Corp. I Unit,,,0,0,
OTGA,OTG Acquisition Corp. I Class A Ordinary Share ,,,0,0,
ORIQW,Origin Investment Corp I Warrant.,,,0,0,
ORIQ,Origin Investment Corp I Ordinary Shares,,,0,0,
ONCHU,1RT Acquisition Corp. Units,,,0,0,
NRO,Neuberger Real Estate Securities Income Fund Inc. Common Stock,,,0,0,
NHICW,NewHold Investment Corp III Warrants,,,0,0,
NHIC,NewHold Investment Corp III Class A Ordinary Shares,,,0,0,
NFJ,"Virtus Dividend, Interest & Premium Strategy Fund Common Shares of Beneficial Interest",,,0,0,
NEXM,NexMetals Mining Corp. Common Shares,,,0,0,
NEWTO,"NewtekOne, Inc. 8.50% Fixed Rate Senior Notes due 2031",,,0,0,
NEWTH,"NewtekOne, Inc. 8.625% Fixed Rate Senior Notes due 2029",,,0,0,
NEA,Nuveen AMT-Free Quality Municipal Income Fund Common Shares of Beneficial Interest Par Value $.01,,,0,0,
NCA,Nuveen California Municipal Value Fund,,,0,0,
NBXG,Neuberger Next Generation Connectivity Fund Inc. Common Stock,,,0,0,
NBRGU,Newbridge Acquisition Limited Unit,,,0,0,
NBRGR,Newbridge Acquisition Limited Rights,,,0,0,
NBRG,Newbridge Acquisition Limited Class A Ordinary Share,,,0,0,
NML,Neuberger Energy Infrastructure and Income Fund Inc. Common Stock,,,0,0,
NBB,Nuveen Taxable Municipal Income Fund Common Shares of Beneficial Interest,,,0,0,
NPACU,New Providence Acquisition Corp. III Units,,,0,0,
NPAC,New Providence Acquisition Corp. III Class A Ordinary Shares,,,0,0,
NOM,Nuveen Missouri Quality Municipal Income Fund ,,,0,0,
NOEMW,CO2 Energy Transition Corp. Warrant,,,0,0,
NOEMR,CO2 Energy Transition Corp. Right,,,0,0,
NOEM,CO2 Energy Transition Corp. Common Stock,,,0,0,
NNY,Nuveen New York Municipal Value Fund Common Stock,,,0,0,
NMZ,"Nuveen Municipal High Income Opportunity Fund Common Stock, $0.01 par value, per share",,,0,0,
NMT,Nuveen Massachusetts Quality Municipal Income Fund Common Stock,,,0,0,
NMS,Nuveen Minnesota Quality Municipal Income Fund ,,,0,0,
NMPAR,NMP Acquisition Corp. Right,,,0,0,
NMP,NMP Acquisition Corp. Class A Ordinary Shares,,,0,0,
NBH,Neuberger Municipal Fund Inc. Common Stock,,,0,0,
IIF,"Morgan Stanley India Investment Fund, Inc. Common Stock",,,0,0,
IHD,Voya Emerging Markets High Income Dividend Equity Fund Common Shares,,,0,0,
IGR,CBRE Global Real Estate Income Fund Common Shares of Beneficial Interest,,,0,0,
IGI,Western Asset Investment Grade Opportunity Trust Inc. Common Stock,,,0,0,
IGD,Voya Global Equity Dividend and Premium Opportunity Fund,,,0,0,
IGACU,Invest Green Acquisition Corporation Units,,,0,0,
IGACR,Invest Green Acquisition Corporation Rights,,,0,0,
IGAC,Invest Green Acquisition Corporation Class A Ordinary Shares,,,0,0,
IGA,Voya Global Advantage and Premium Opportunity Fund Common Shares of Beneficial Interest,,,0,0,
JFR,Nuveen Floating Rate Income Fund Common Stock,,,0,0,
JCE,Nuveen Core Equity Alpha Fund Common Shares of Beneficial Interest,,,0,0,
OPP,"RiverNorth/DoubleLine Strategic Opportunity Fund, Inc. Common Stock",,,0,0,
JACS,Jackson Acquisition Company II Class A Ordinary Shares,,,0,0,
ITHAW,ITHAX Acquisition Corp III Warrants,,,0,0,
ITHAU,ITHAX Acquisition Corp III Units,,,0,0,
ITHA,ITHAX Acquisition Corp III Class A Ordinary Shares,,,0,0,
ISD,"PGIM High Yield Bond Fund, Inc.",,,0,0,
IRHOU,Iron Horse Acquisitions II Corp. Units,,,0,0,
IRHO,Iron Horse Acquisitions II Corp. Common Stock,,,0,0,
IRAB,Iris Acquisition Corp II Class A Ordinary Shares,,,0,0,
IPODW,Dune Acquisition Corporation II Warrants,,,0,0,
IPODU,Dune Acquisition Corporation II Units,,,0,0,
IPOD,Dune Acquisition Corporation II Class A Ordinary Shares,,,0,0,
IPFXU,Inflection Point Acquisition Corp. VI Units,,,0,0,
JBK,Lehman ABS 3.50 3.50% Adjustable Corp Backed Tr Certs GS Cap I,,,0,0,
HFRO,Highland Opportunities and Income Fund Common Shares of Beneficial Interest,,,0,0,
HEQ,John Hancock Diversified Income Fund Common Shares of Beneficial Interest,,,0,0,
IFN,"Aberdeen India Fund, Inc. Common Stock",,,0,0,
IEAGU,Infinite Eagle Acquisition Corp. Unit,,,0,0,
IEAGR,Infinite Eagle Acquisition Corp. Rights,,,0,0,
IEAG,Infinite Eagle Acquisition Corp. Class A Ordinary Shares,,,0,0,
IDE,"Voya Infrastructure, Industrials and Materials Fund Common Shares of Beneficial Interest",,,0,0,
IBACR,IB Acquisition Corp. Right,,,0,0,
IBAC,IB Acquisition Corp. Common Stock,,,0,0,
IAF,"abrdn Australia Equity Fund, Inc. Common Stock",,,0,0,
IAE,Voya Asia Pacific High Dividend Equity Income Fund ING Asia Pacific High Dividend Equity Income Fund Common Shares of Beneficial Interest,,,0,0,
ILLUU,Illumination Acquisition Corp I Units,,,0,0,
HYT,"Blackrock Corporate High Yield Fund, Inc. Common Stock",,,0,0,
HYI,Western Asset High Yield Opportunity Fund Inc. Common Stock,,,0,0,
HYAC,Haymaker Acquisition Corp. 4 Class A Ordinary Shares,,,0,0,
HVMCU,Highview Merger Corp. Units,,,0,0,
HVMC,Highview Merger Corp. Class A Ordinary Share,,,0,0,
HVIIR,Hennessy Capital Investment Corp. VII Rights,,,0,0,
IPEX,Inflection Point Acquisition Corp. V Class A Ordinary Shares,,,0,0,
IPCXU,Inflection Point Acquisition Corp. III Units,,,0,0,
IPCXR,Inflection Point Acquisition Corp. III Rights,,,0,0,
IPCX,Inflection Point Acquisition Corp. III Class A Ordinary Shares,,,0,0,
INAC,Indigo Acquisition Corp. Ordinary Shares,,,0,0,
IMSRW,Terrestrial Energy Inc. Warrant,,,0,0,
IACOU,Idea Acquisition Corp. Units,,,0,0,
KRAQW,KRAKacquisition Corp Warrants,,,0,0,
KRAQU,KRAKacquisition Corp Unit,,,0,0,
KRAQ,KRAKacquisition Corp Class A Ordinary Shares,,,0,0,
KOYNU,CSLM Digital Asset Acquisition Corp III Units,,,0,0,
KOYN,CSLM Digital Asset Acquisition Corp III Class A Ordinary Shares,,,0,0,
KKRT,KKR & Co. Inc. 6.875% Subordinated Notes due 2065,,,0,0,
LPBB,Launch Two Acquisition Corp. Class A Ordinary Shares,,,0,0,
LPAAW,Launch One Acquisition Corp. Warrant,,,0,0,
LPAAU,Launch One Acquisition Corp. Unit,,,0,0,
LPAA,Launch One Acquisition Corp. Class A Ordinary shares,,,0,0,
LOKVW,Live Oak Acquisition Corp. V Warrants,,,0,0,
IPEXR,Inflection Point Acquisition Corp. V Rights,,,0,0,
LKSPU,Lake Superior Acquisition Corp. Units,,,0,0,
LKSPR,Lake Superior Acquisition Corp. Rights,,,0,0,
LKSP,Lake Superior Acquisition Corp. Class A Ordinary Shares,,,0,0,
LIMNW,"Liminatus Pharma, Inc. Warrants",,,0,0,
LGI,Lazard Global Total Return and Income Fund Common Stock,,,0,0,
LFACW,Leapfrog Acquisition Corporation Warrants,,,0,0,
LFAC,Leapfrog Acquisition Corporation Class A Ordinary Shares,,,0,0,
LEGT,Legato Merger Corp. III Ordinary Shares,,,0,0,
LDP,"Cohen & Steers Limited Duration Preferred and Income Fund, Inc.",,,0,0,
LCCCR,Lakeshore Acquisition III Corp. Rights,,,0,0,
MCN,XAI Madison Equity Premium Income Fund Common Shares,,,0,0,
MCGAW,Yorkville Acquisition Corp. Warrant,,,0,0,
LOKV,Live Oak Acquisition Corp. V Class A Ordinary Shares,,,0,0,
KIO,KKR Income Opportunities Fund Common Shares,,,0,0,
KFIIU,K&F Growth Acquisition Corp. II Unit,,,0,0,
KFII,K&F Growth Acquisition Corp. II Class A Ordinary shares,,,0,0,
KF,"Korea Fund, Inc. (The) New Common Stock",,,0,0,
KCHV,Kochav Defense Acquisition Corp. Class A Ordinary Shares,,,0,0,
KBONW,Karbon Capital Partners Corp. Warrant,,,0,0,
KBONU,Karbon Capital Partners Corp. Units,,,0,0,
KBON,Karbon Capital Partners Corp. Class A Ordinary Shares,,,0,0,
JRS,Nuveen Real Estate Income Fund Common Shares of Beneficial Interest,,,0,0,
JRI,Nuveen Real Asset Income and Growth Fund Common Shares of Beneficial Interest,,,0,0,
JQC,Nuveen Credit Strategies Income Fund Shares of Beneficial Interest,,,0,0,
JPC,Nuveen Preferred & Income Opportunities Fund,,,0,0,
KRSP,Rice Acquisition Corporation 3 Class A Ordinary Shares,,,0,0,
JMM,Nuveen Multi-Market Income Fund (MA),,,0,0,
JLS,Nuveen Mortgage and Income Fund,,,0,0,
JGH,Nuveen Global High Income Fund Common Shares of Beneficial Interest,,,0,0,
LCCC,Lakeshore Acquisition III Corp. Ordinary Shares,,,0,0,
LATA,Galata Acquisition Corp. II Class A Ordinary Shares,,,0,0,
LAFAR,LaFayette Acquisition Corp. Rights,,,0,0,
LAFA,LaFayette Acquisition Corp. Ordinary Share,,,0,0,
KVACW,Keen Vision Acquisition Corporation Warrant,,,0,0,
KVAC,Keen Vision Acquisition Corporation Ordinary Shares,,,0,0,
KTWOU,K2 Capital Acquisition Corporation Units,,,0,0,
KTN,Structured Products Corp 8.205% CorTS 8.205% Corporate Backed Trust Securities (CorTS),,,0,0,
KTH,Structures Products Cp 8% CorTS Issued by Peco Energy Cap Tr II Preferred Stock,,,0,0,
JOF,Japan Smaller Capitalization Fund Inc Common Stock,,,0,0,
SPKL,Spark I Acquisition Corp. Class A Ordinary Share,,,0,0,
SPEGU,Silver Pegasus Acquisition Corp Unit,,,0,0,
SPEGR,Silver Pegasus Acquisition Corp Rights.,,,0,0,
SPEG,Silver Pegasus Acquisition Corp Class A Ordinary Shares,,,0,0,
SPE,"Special Opportunities Fund, Inc Common Stock",,,0,0,
SOUL,Soulpower Acquisition Corporation Class A Ordinary Shares,,,0,0,
SORNW,Soren Acquisition Corp. Warrant,,,0,0,
SORNU,Soren Acquisition Corp. Unit,,,0,0,
SORN,Soren Acquisition Corp. Class A Ordinary Shares,,,0,0,
SOJF,"Southern Company (The) Series 2025A 6.50% Junior Subordinated Notes due March 15, 2085",,,0,0,
SOCA,Solarius Capital Acquisition Corp. Class A Ordinary Share,,,0,0,
HERZ,"Herzfeld Credit Income Fund, Inc. Common Stock",,,0,0,
SVACW,Spring Valley Acquisition Corp. III Warrant,,,0,0,
SVACU,Spring Valley Acquisition Corp. III Unit,,,0,0,
SVAC,Spring Valley Acquisition Corp. III Class A Ordinary Shares,,,0,0,
SUMAU,SUMA Acquisition Corporation Units,,,0,0,
STK,Columbia Seligman Premium Technology Growth Fund Inc,,,0,0,
STEW,"SRH Total Return Fund, Inc. Common Stock",,,0,0,
SSM,Sono Group N.V. Ordinary Shares,,,0,0,
SSEAR,Starry Sea Acquisition Corp Rights,,,0,0,
SSEA,Starry Sea Acquisition Corp	Ordinary Shares,,,0,0,
SSACW,SPACSphere Acquisition Corp. Warrant,,,0,0,
SSACU,SPACSphere Acquisition Corp. Unit,,,0,0,
SSACR,SPACSphere Acquisition Corp. Rights,,,0,0,
SVAQ,Silicon Valley Acquisition Corp. Class A Ordinary Shares,,,0,0,
RIV,"RiverNorth Opportunities Fund, Inc. Common Stock",,,0,0,
RIBBR,Ribbon Acquisition Corp Rights,,,0,0,
RIBB,Ribbon Acquisition Corp Class A Ordinary Shares,,,0,0,
RFAMU,RF Acquisition Corp III Units,,,0,0,
SIMAW,SIM Acquisition Corp. I Warrant,,,0,0,
SIMAU,SIM Acquisition Corp. I Unit,,,0,0,
SIMA,SIM Acquisition Corp. I Class A Ordinary Shares,,,0,0,
SDHIR,Siddhi Acquisition Corp Right,,,0,0,
SDHI,Siddhi Acquisition Corp Class A Common stock,,,0,0,
SCPQU,Social Commerce Partners Corporation Unit,,,0,0,
SCPQ,Social Commerce Partners Corporation Class A Ordinary Shares,,,0,0,
SPKLW,Spark I Acquisition Corp. Warrant,,,0,0,
SCII,SC II Acquisition Corp. Class A ordinary share,,,0,0,
SCD,LMP Capital and Income Fund Inc. Common Stock,,,0,0,
SBXD,SilverBox Corp IV Class A Ordinary Shares,,,0,0,
SBI,Western Asset Intermediate Muni Fund Inc Common Stock,,,0,0,
SAV,Saratoga Investment Corp 7.50% Notes due 2031,,,0,0,
SAC,Safeguard Acquisition Corp. Class A Ordinary Shares,,,0,0,
SABA,Saba Capital Income & Opportunities Fund II Shares of Beneficial Interest,,,0,0,
SAAQW,Space Asset Acquisition Corp. Warrants,,,0,0,
SPXX,Nuveen S&P 500 Dynamic Overwrite Fund,,,0,0,
SPME,"Sound Point Meridian Capital, Inc. 7.875% Series B Preferred Shares due 2030",,,0,0,
SPMC,"Sound Point Meridian Capital, Inc. Common Stock",,,0,0,
SPMA,"Sound Point Meridian Capital, Inc. 8.00% Series A Preferred Shares Due 2029",,,0,0,
SCIIU,SC II Acquisition Corp. Units,,,0,0,
TLNC,Talon Capital Corp. Class A Ordinary Shares,,,0,0,
THW,abrdn World Healthcare Fund Shares of Beneficial Interest,,,0,0,
THQ,abrdn Healthcare Opportunities Fund Shares of Beneficial Interest,,,0,0,
TEI,"Templeton Emerging Markets Income Fund, Inc. Common Stock",,,0,0,
TDWDU,Tailwind 2.0 Acquisition Corp. Unit,,,0,0,
TDWDR,Tailwind 2.0 Acquisition Corp. Rights,,,0,0,
TDWD,Tailwind 2.0 Acquisition Corp. Class A Ordinary Shares,,,0,0,
TDF,"Templeton Dragon Fund, Inc. Common Stock",,,0,0,
TDAC,Translational Development Acquisition Corp. Ordinary Shares,,,0,0,
XFLH,XFLH Capital Corporation Ordinary Shares,,,0,0,
ZKPW,Lafayette Digital Acquisition Corp. I Warrant,,,0,0,
SSAC,SPACSphere Acquisition Corp. Class A Ordinary Shares,,,0,0,
ZKP,Lafayette Digital Acquisition Corp. I Class A Ordinary Shares,,,0,0,
YHNAR,YHN Acquisition I Limited Right,,,0,0,
YHNA,YHN Acquisition I Limited Ordinary Shares,,,0,0,
YCY,AA Mission Acquisition Corp. II Class A Ordinary Shares,,,0,0,
XSLLW,Xsolla SPAC 1 Warrants,,,0,0,
XSLLU,Xsolla SPAC 1 Units,,,0,0,
TVAI,Thayer Ventures Acquisition Corporation II Class A Ordinary Shares,,,0,0,
TVACW,Texas Ventures Acquisition III Corp Warrants,,,0,0,
TVACU,Texas Ventures Acquisition III Corp Unit,,,0,0,
TVA,Texas Ventures Acquisition III Corp Class A Ordinary Share,,,0,0,
TSUI,21shares Sui ETF Common Shares of Beneficial Interest Shares,,,0,0,
TSOL,21Shares Solana ETF Shares of Beneficial Interest,,,0,0,
ZKPU,Lafayette Digital Acquisition Corp. I Unit,,,0,0,
SRV,NXG Cushing Midstream Energy Fund Common Shares of Beneficial Interest,,,0,0,
SRJN,Spire Inc. 6.375% Junior Subordinated Notes due 2086,,,0,0,
TCPA,TransCanada PipeLines Limited 6.250% Junior Subordinated Notes due 2085,,,0,0,
TAVIU,Tavia Acquisition Corp. Unit,,,0,0,
TAVIR,Tavia Acquisition Corp. Right,,,0,0,
TAVI,Tavia Acquisition Corp. Ordinary Shares,,,0,0,
TACOW,Berto Acquisition Corp. Warrant,,,0,0,
TACOU,Berto Acquisition Corp. Unit,,,0,0,
TACH,Titan Acquisition Corp. Class A Ordinary Shares,,,0,0,
SZZLR,Sizzle Acquisition Corp. II Right,,,0,0,
SZZL,Sizzle Acquisition Corp. II Class A ordinary shares,,,0,0,
TLNCU,Talon Capital Corp. Units,,,0,0,
SVIVW,Spring Valley Acquisition Corp. IV Warrants,,,0,0,
SVIVU,Spring Valley Acquisition Corp. IV Units,,,0,0,
SVIV,Spring Valley Acquisition Corp. IV Class A Ordinary Shares,,,0,0,
SVCC,Stellar V Capital Corp. Class A Ordinary Shares,,,0,0,
SVAQW,Silicon Valley Acquisition Corp. Warrants,,,0,0,
SVAQU,Silicon Valley Acquisition Corp. Units,,,0,0,
XCBEU,X3 Acquisition Corp. Ltd. Unit,,,0,0,
TMUSZ,"T-Mobile US, Inc. 5.500% Senior Notes due March 2070",,,0,0,
TMUSL,"T-Mobile US, Inc. 6.250% Senior Notes due 2069",,,0,0,
TMUSI,"T-Mobile US, Inc. 5.500% Senior Notes due June 2070",,,0,0,
TMTSU,Spartacus Acquisition Corp. II Unit,,,0,0,
TLNCW,Talon Capital Corp. Warrants,,,0,0,
SWZ,Total Return Securities Fund Common Stock,,,0,0,
PLMKU,Plum Acquisition Corp. IV Unit,,,0,0,
PLMK,Plum Acquisition Corp. IV Class A Ordinary Shares,,,0,0,
PHK,Pimco High Income Fund,,,0,0,
PGZ,Principal Real Estate Income Fund Common Shares of Beneficial Interest,,,0,0,
PGP,Pimco Global StocksPlus & Income Fund Common Shares of Beneficial Interest,,,0,0,
PGAC,Pantages Capital Acquisition Corporation Class A Ordinary Shares,,,0,0,
PFO,Flaherty & Crumrine Preferred and Income Opportunity Fund Incorporated,,,0,0,
PFN,PIMCO Income Strategy Fund II,,,0,0,
PFL,PIMCO Income Strategy Fund Shares of Beneficial Interest,,,0,0,
PFD,Flaherty & Crumrine Preferred and Income Fund Incorporated,,,0,0,
PEO,"Adams Natural Resources Fund, Inc. Common Stock",,,0,0,
RLTY,Cohen & Steers Real Estate Opportunities and Income Fund Common Shares of Beneficial Interest,,,0,0,
PDPA,Pearl Diver Credit Company Inc. 8.00% Series A Preferred Stock Due 2029,,,0,0,
PDCC,Pearl Diver Credit Company Inc. Common Stock,,,0,0,
PCSC,Perceptive Capital Solutions Corp Class A Ordinary Shares,,,0,0,
PCQ,PIMCO California Municipal Income Fund Common Stock,,,0,0,
PTORW,Praetorian Acquisition Corp. Warrant,,,0,0,
PTORU,Praetorian Acquisition Corp. Units,,,0,0,
PTOR,Praetorian Acquisition Corp. Class A Ordinary Shares,,,0,0,
PSBD,Palmer Square Capital BDC Inc. Common Stock,,,0,0,
PONOU,"Pono Capital Four, Inc. Units",,,0,0,
POLEW,Andretti Acquisition Corp. II Warrant,,,0,0,
POLE,Andretti Acquisition Corp. II Class A Ordinary Shares,,,0,0,
PNI,Pimco New York Municipal Income Fund II Common Shares of Beneficial Interest,,,0,0,
PDT,John Hancock Premium Dividend Fund,,,0,0,
ONCH,1RT Acquisition Corp. Class A Ordinary Share,,,0,0,
OIMAU,OneIM Acquisition Corp. Units,,,0,0,
OIM,OneIM Acquisition Corp. Class A Ordinary Shares,,,0,0,
OFSSO,OFS Capital Corporation 7.50% Notes due 2028,,,0,0,
OCCIM,"OFS Credit Company, Inc. 7.875% Series F Term Preferred Stock",,,0,0,
OBAWW,Oxley Bridge Acquisition Limited Warrants,,,0,0,
OBAWU,Oxley Bridge Acquisition Limited Unit,,,0,0,
OBA,Oxley Bridge Acquisition Limited Class A Ordinary Shares,,,0,0,
OACC,Oaktree Acquisition Corp. III Life Sciences Class A Ordinary Share,,,0,0,
PCN,Pimco Corporate & Income Strategy Fund Common Stock,,,0,0,
PCM,"PCM Fund, Inc. Common Stock",,,0,0,
OXLCI,Oxford Lane Capital Corp. 8.75% Notes due 2030,,,0,0,
PCAPW,ProCap Acquisition Corp Warrant,,,0,0,
PCAPU,ProCap Acquisition Corp Unit,,,0,0,
PCAP,ProCap Acquisition Corp Class A Ordinary Shares,,,0,0,
PAXS,PIMCO Access Income Fund Common Shares of Beneficial Interest,,,0,0,
PALOU,Paloma Acquisition Corp I Units,,,0,0,
PAII,Pyrophyte Acquisition Corp. II Class A Ordinary Shares,,,0,0,
PAI,Western Asset Investment Grade Income Fund Inc.,,,0,0,
PACHW,Pioneer Acquisition I Corp Warrants,,,0,0,
PACH,Pioneer Acquisition I Corp Class A Ordinary Shares,,,0,0,
PAACU,Proem Acquisition Corp I Units,,,0,0,
OYSE,Oyster Enterprises II Acquisition Corp Class A Ordinary Shares,,,0,0,
OXSQH,Oxford Square Capital Corp. 7.75% Notes due 2030,,,0,0,
PCF,High Income Securities Fund Common Stock,,,0,0,
REED,"Reed's, Inc. Common Stock",,,0,0,
RDAGW,Republic Digital Acquisition Company Warrants,,,0,0,
RDAGU,Republic Digital Acquisition Company Unit,,,0,0,
RDAG,Republic Digital Acquisition Company Class A Ordinary Shares,,,0,0,
RDACR,Rising Dragon Acquisition Corp. Rights,,,0,0,
RDAC,Rising Dragon Acquisition Corp. Ordinary Shares,,,0,0,
RCS,"PIMCO Strategic Income Fund, Inc.",,,0,0,
RCG,"RENN Fund, Inc Common Stock",,,0,0,
RCD,Ready Capital Corporation 9.00% Senior Notes due 2029,,,0,0,
RANGR,Range Capital Acquisition Corp. Rights,,,0,0,
RANG,Range Capital Acquisition Corp. Ordinary Shares,,,0,0,
PMTW,PennyMac Mortgage Investment Trust 9.00% Senior Notes due 2030,,,0,0,
RAAQW,Real Asset Acquisition Corp. Warrants,,,0,0,
SAAQU,Space Asset Acquisition Corp. Units,,,0,0,
SAAQ,Space Asset Acquisition Corp. Class A Ordinary Shares,,,0,0,
RWTQ,"Redwood Trust, Inc. 9.500% Senior Notes Due 2030",,,0,0,
RWTP,"Redwood Trust, Inc. 9.125% Senior Notes Due 2030",,,0,0,
RWAYI,Runway Growth Finance Corp. 7.25% Notes due 2031,,,0,0,
RVI,Robinhood Ventures Fund I Common Shares of Beneficial Interest,,,0,0,
RTACW,Renatus Tactical Acquisition Corp I Warrant,,,0,0,
RTACU,Renatus Tactical Acquisition Corp I Unit,,,0,0,
RTAC,Renatus Tactical Acquisition Corp I Class A Ordinary Shares,,,0,0,
RNGTU,Range Capital Acquisition Corp II Units,,,0,0,
RNGT,Range Capital Acquisition Corp II Class A Ordinary Shares,,,0,0,
RAC,Rithm Acquisition Corp. Class A Ordinary Shares,,,0,0,
PMTV,PennyMac Mortgage Investment Trust 9.00% Senior Notes due 2030,,,0,0,
PMTRW,Perimeter Acquisition Corp. I Warrant,,,0,0,
PMTRU,Perimeter Acquisition Corp. I Unit,,,0,0,
PMTR,Perimeter Acquisition Corp. I Class A Ordinary Shares,,,0,0,
PML,Pimco Municipal Income Fund II Common Shares of Beneficial Interest,,,0,0,
PLSM,Pulsenmore Ltd. Ordinary Shares,,,0,0,
PLMKW,Plum Acquisition Corp. IV Warrants,,,0,0,
RAAQU,Real Asset Acquisition Corp. Unit,,,0,0,
RAAQ,Real Asset Acquisition Corp. Class A Ordinary Share,,,0,0,
RA,Brookfield Real Assets Income Fund Inc. Common Stock,,,0,0,
QVCD,"QVC, Inc. 6.375% Senior Secured Notes due 2067",,,0,0,
QVCC,"QVC, Inc. 6.250% Senior Secured Notes due 2068",,,0,0,
RFAI,RF Acquisition Corp II Ordinary Shares,,,0,0,
QUMSR,Quantumsphere Acquisition Corp. Rights,,,0,0,
QUMS,Quantumsphere Acquisition Corp. Ordinary Shares,,,0,0,
QSEAR,Quartzsea Acquisition Corporation Rights,,,0,0,
QSEA,Quartzsea Acquisition Corporation Ordinary Shares,,,0,0,
QQQX,Nuveen NASDAQ 100 Dynamic Overwrite Fund Shares of Beneficial Interest,,,0,0,
QETAR,Quetta Acquisition Corporation Right,,,0,0,
QETA,Quetta Acquisition Corporation Common Stock,,,0,0,
QADRU,QDRO Acquisition Corp. Units,,,0,0,
PYT,PPlus Tr GSC-2 Tr Ctf Fltg Rate,,,0,0,
PTY,Pimco Corporate & Income Opportunity Fund,,,0,0,
RFAM,RF Acquisition Corp III Ordinary Shares,,,0,0,
RFAIR,RF Acquisition Corp II Right,,,0,0,
QUMSU,Quantumsphere Acquisition Corp. Units,,,0,0,
BBCQ,Bleichroeder Acquisition Corp. II Class A Ordinary Shares,,,0,0,
BAYAR,Bayview Acquisition Corp Right,,,0,0,
BAYA,Bayview Acquisition Corp Ordinary Shares,,,0,0,
BACCR,Blue Acquisition Corp. Right ,,,0,0,
BACC,Blue Acquisition Corp. Class A Ordinary Shares,,,0,0,
AXINU,Axiom Intelligence Acquisition Corp 1 Units,,,0,0,
BIXIW,Bitcoin Infrastructure Acquisition Corp Ltd. Warrant,,,0,0,
BIXIU,Bitcoin Infrastructure Acquisition Corp Ltd. Unit ,,,0,0,
BIXI,Bitcoin Infrastructure Acquisition Corp Ltd. Class A Ordinary Shares,,,0,0,
BIT,BlackRock Multi-Sector Income Trust Common Shares of Beneficial Interest,,,0,0,
BIII,Black Spade Acquisition III Co Class A Ordinary Shares,,,0,0,
CCID,Carlyle Credit Income Fund 7.375% Series D Term Preferred Shares due 2028,,,0,0,
BHK,Blackrock Core Bond Trust,,,0,0,
BHAVU,BHAV Acquisition Corp Units,,,0,0,
BGY,Blackrock Enhanced International Dividend Trust,,,0,0,
BGX,Blackstone Long Short Credit Income Fund Common Shares,,,0,0,
BGT,BlackRock Floating Rate Income Trust,,,0,0,
BGMS,"Bio Green Med Solution, Inc. Common Stock",,,0,0,
BGH,Barings Global Short Duration High Yield Fund Common Shares of Beneficial Interests,,,0,0,
BGB,Blackstone Strategic Credit 2027 Term Fund Common Shares of Beneficial Interest,,,0,0,
BEAGR,Bold Eagle Acquisition Corp. Right,,,0,0,
BEAG,Bold Eagle Acquisition Corp. Class A Ordinary Shares,,,0,0,
BSAA,BEST SPAC I Acquisition Corp. Class A Ordinary Shares,,,0,0,
BRW,Saba Capital Income & Opportunities Fund SBI,,,0,0,
BHV,BlackRock Virginia Municipal Bond Trust,,,0,0,
AWP,abrdn Global Premier Properties Fund Common Shares of Beneficial Interest,,,0,0,
AWF,Alliancebernstein Global High Income Fund,,,0,0,
AVK,Advent Convertible and Income Fund,,,0,0,
ATIIW,Archimedes Tech SPAC Partners II Co. Warrant,,,0,0,
ATII,Archimedes Tech SPAC Partners II Co. Ordinary Shares,,,0,0,
ASPCU,A SPAC III Acquisition Corp. Unit,,,0,0,
ASPCR,A SPAC III Acquisition Corp. Right,,,0,0,
ASPC,A SPAC III Acquisition Corp. Class A Ordinary Shares,,,0,0,
ASGI,abrdn Global Infrastructure Income Fund Common Shares of Beneficial Interest,,,0,0,
ASG,"Liberty All-Star Growth Fund, Inc.",,,0,0,
ARTCW,Art Technology Acquisition Corp. Warrants,,,0,0,
BBCQU,Bleichroeder Acquisition Corp. II Units,,,0,0,
ARTC,Art Technology Acquisition Corp. Class A Ordinary Shares,,,0,0,
ARCIW,Archimedes Tech SPAC Partners III Co. Warrant,,,0,0,
ARCIU,Archimedes Tech SPAC Partners III Co. Units,,,0,0,
BDCIW,BTC Development Corp. Warrant,,,0,0,
BDCIU,BTC Development Corp. Unit,,,0,0,
BDCI,BTC Development Corp. Class A Ordinary Shares,,,0,0,
BCV,"Bancroft Fund, Ltd.",,,0,0,
BCSS,Bain Capital GSS Investment Corp. Class A Ordinary Shares,,,0,0,
BCARW,D. Boral ARC Acquisition I Corp. Warrant,,,0,0,
BCAR,D. Boral ARC Acquisition I Corp. Class A Ordinary Shares,,,0,0,
BBN,BlackRock Taxable Municipal Bond Trust Common Shares of Beneficial Interest,,,0,0,
BBCQW,Bleichroeder Acquisition Corp. II Warrants,,,0,0,
ARTCU,Art Technology Acquisition Corp. Units,,,0,0,
BTT,BlackRock Municipal 2030 Target Term Trust,,,0,0,
BTO,John Hancock Financial Opportunities Fund Common Stock,,,0,0,
BSL,Blackstone Senior Floating Rate 2027 Term Fund Common Shares of Beneficial Interest,,,0,0,
BSAAR,BEST SPAC I Acquisition Corp. Rights,,,0,0,
CGCT,Cartesian Growth Corporation III Class A Ordinary Shares,,,0,0,
CFND,C1 Fund Inc. Common Stock,,,0,0,
CEPV,"Cantor Equity Partners V, Inc. Class A Ordinary Shares",,,0,0,
CEPT,"Cantor Equity Partners II, Inc. Class A Ordinary Share",,,0,0,
CEPS,"Cantor Equity Partners VI, Inc. Class A Ordinary Shares",,,0,0,
CEPO,"Cantor Equity Partners I, Inc. Class A Ordinary Shares",,,0,0,
CEPF,"Cantor Equity Partners IV, Inc. Class A Ordinary Shares",,,0,0,
BPRE,Bluerock Private Real Estate Fund Common Shares of Beneficial Interest,,,0,0,
CCXIW,Churchill Capital Corp XI Warrants,,,0,0,
CCXIU,Churchill Capital Corp XI Units,,,0,0,
CCXI,Churchill Capital Corp XI Class A Ordinary Shares,,,0,0,
CCIXW,Churchill Capital Corp IX Warrant,,,0,0,
CCIX,Churchill Capital Corp IX Ordinary Shares,,,0,0,
CCIIW,Cohen Circle Acquisition Corp. II Warrant,,,0,0,
CCIIU,Cohen Circle Acquisition Corp. II Unit,,,0,0,
CCII,Cohen Circle Acquisition Corp. II Class A Ordinary Shares,,,0,0,
CIMP,Chimera Investment Corporation 8.875% Senior Notes due 2030,,,0,0,
CIMO,Chimera Investment Corporation 9.250% Senior Notes due 2029,,,0,0,
CIK,"Credit Suisse Asset Management Income Fund, Inc. Common Stock",,,0,0,
CIF,MFS Intermediate High Income Fund Common Stock,,,0,0,
CEE,"The Central and Eastern Europe Fund, Inc. (The) Common Stock",,,0,0,
BPACR,Blueport Acquisition Ltd Rights,,,0,0,
BPAC,Blueport Acquisition Ltd Class A Ordinary Shares,,,0,0,
BOE,Blackrock Enhanced Global Dividend Trust Common Shares of Beneficial Interest,,,0,0,
BMN,BlackRock 2037 Municipal Target Term Trust Common Shares of Beneficial Interest,,,0,0,
BLZRW,Trailblazer Acquisition Corp. Warrant,,,0,0,
BLZRU,Trailblazer Acquisition Corp. Unit,,,0,0,
BLZR,Trailblazer Acquisition Corp. Class A Ordinary Shares,,,0,0,
BLRKW,Bluerock Acquisition Corp. Warrants,,,0,0,
BLRKU,Bluerock Acquisition Corp. Unit,,,0,0,
BLRK,Bluerock Acquisition Corp. Class A Ordinary Shares,,,0,0,
BKHAU,Black Hawk Acquisition Corporation Units,,,0,0,
BUI,"BlackRock Utility, Infrastructure & Power Opportunities Trust",,,0,0,
BKHA,Black Hawk Acquisition Corporation Class A Ordinary Shares,,,0,0,
CCIF,Carlyle Credit Income Fund Shares of Beneficial Interest,,,0,0,
TSI,"TCW Strategic Income Fund, Inc. Common Stock",,,0,0,
CCD,Calamos Dynamic Convertible & Income Fund Common Stock,,,0,0,
CAQUU,Cambridge Acquisition Corp. Unit,,,0,0,
CAQ,Cambridge Acquisition Corp. Class A Ordinary Shares,,,0,0,
CAPNR,Cayson Acquisition Corp Right,,,0,0,
CAPN,Cayson Acquisition Corp Ordinary shares,,,0,0,
CAF,Morgan Stanley China A Share Fund Inc. Common Stock,,,0,0,
CAEP,"Cantor Equity Partners III, Inc. Class A Ordinary Shares",,,0,0,
BXSL,Blackstone Secured Lending Fund Common Shares of Beneficial Interest,,,0,0,
BWG,BrandywineGLOBAL Global Income Opportunities Fund Inc.,,,0,0,
BKHAR,Black Hawk Acquisition Corporation Rights,,,0,0,
XRPNW,Armada Acquisition Corp. II Warrant,,,0,0,
XRPNU,Armada Acquisition Corp. II Units,,,0,0,
XELLL,"Xcel Energy Inc. 6.25% Junior Subordinated Notes, Series due 2085",,,0,0,
VSECU,VSE Corporation Tangible Equity Units,,,0,0,
VNMEW,Vendome Acquisition Corporation I Warrant,,,0,0,
VNME,Vendome Acquisition Corporation I Class A Ordinary Shares,,,0,0,
VLT,Invesco High Income Trust II,,,0,0,
VHCPU,Vine Hill Capital Investment Corp. II Units,,,0,0,
VHCP,Vine Hill Capital Investment Corp. II Class A Ordinary Shares,,,0,0,
VGI,Virtus Global Multi-Sector Income Fund Common Shares of Beneficial Interest,,,0,0,
VFL,abrdn National Municipal Income Fund Common Stock,,,0,0,
AXIN,Axiom Intelligence Acquisition Corp 1 Class A Ordinary Shares,,,0,0,
VCICW,Vine Hill Capital Investment Corp. Warrant,,,0,0,
VCIC,Vine Hill Capital Investment Corp. Class A Ordinary Shares,,,0,0,
VBF,Invesco Bond Fund Common Stock,,,0,0,
WLAC,Willow Lane Acquisition Corp. Class A Ordinary Shares,,,0,0,
WIW,Western Asset Inflation-Linked Opportunities & Income Fund,,,0,0,
WIA,Western Asset Inflation-Linked Income Fund,,,0,0,
WENNU,Wen Acquisition Corp Unit,,,0,0,
WENN,Wen Acquisition Corp Class A Ordinary Shares,,,0,0,
WEA,Western Asset Bond Fund Share of Beneficial Interest,,,0,0,
WDI,Western Asset Diversified Income Fund Common Shares of Beneficial Interest,,,0,0,
VVR,Invesco Senior Income Trust Common Stock (DE),,,0,0,
AACI,Armada Acquisition Corp. III Class A Ordinary Share,,,0,0,
VCX,"Fundrise Innovation Fund, LLC Common Shares of Limited Liability Company Interests",,,0,0,
TRGSU,TRG Latin America Acquisitions Corp. Units,,,0,0,
XRPN,Armada Acquisition Corp. II Class A Ordinary Shares,,,0,0,
ZTR,Virtus Total Return Fund Inc.,,,0,0,
WLACU,Willow Lane Acquisition Corp. Unit,,,0,0,
WLACW,Willow Lane Acquisition Corp. Warrants,,,0,0,
WLIIU,Willow Lane Acquisition Corp. II Unit,,,0,0,
WPAC,White Pearl Acquisition Corp. Class A Ordinary Shares,,,0,0,
WSBK,"Winchester Bancorp, Inc. Common Stock",,,0,0,
WSTNU,Westin Acquisition Corp Units,,,0,0,
WTG,Wintergreen Acquisition Corp. Ordinary Shares,,,0,0,
WTGUR,Wintergreen Acquisition Corp. Rights,,,0,0,
XSLL,Xsolla SPAC 1 Class A Ordinary Shares,,,0,0,
VACHW,Voyager Acquisition Corp Warrants,,,0,0,
VACH,Voyager Acquisition Corp Class A Ordinary Shares,,,0,0,
UYSC,UY Scuti Acquisition Corp. Ordinary Shares,,,0,0,
UTG,Reaves Utility Income Fund Common Shares of Beneficial Interest,,,0,0,
UTF,"Cohen & Steers Infrastructure Fund, Inc Common Stock",,,0,0,
USA,Liberty All-Star Equity Fund Common Stock,,,0,0,
UAC,United Acquisition Corp. I Class A Ordinary Shares,,,0,0,
TWOD,Two Harbors Investments Corp 9.375% Senior Notes due 2030,,,0,0,
TWN,"Taiwan Fund, Inc. (The) Common Stock",,,0,0,
TWLV,Twelve Seas Investment Company III Class A Ordinary Shares,,,0,0,
TVE,Tennessee Valley Authority,,,0,0,
TVC,Tennessee Valley Authority Common Stock,,,0,0,
XCBE,X3 Acquisition Corp. Ltd. Class A Ordinary Shares,,,0,0,
ALCYW,Alchemy Investments Acquisition Corp 1 Warrants,,,0,0,
ALCY,Alchemy Investments Acquisition Corp 1 Class A Ordinary Shares,,,0,0,
AIIA,AI Infrastructure Acquisition Corp. Class A Ordinary Shares,,,0,0,
AGD,abrdn Global Dynamic Dividend Fund Common Shares of Beneficial Interest,,,0,0,
AFJKR,"Aimei Health Technology Co., Ltd Right",,,0,0,
AFJK,"Aimei Health Technology Co., Ltd Ordinary Share",,,0,0,
AFB,AllianceBernstein National Municipal Income Fund Inc,,,0,0,
AEXA,American Exceptionalism Acquisition Corp. A Class A Ordinary Shares,,,0,0,
ARCI,Archimedes Tech SPAC Partners III Co. Ordinary Share,,,0,0,
APXTW,Apex Treasury Corporation Warrants,,,0,0,
APXTU,Apex Treasury Corporation Units,,,0,0,
AACBU,Artius II Acquisition Inc. Units,,,0,0,
APADR,A Paradise Acquisition Corp. Rights,,,0,0,
APAD,A Paradise Acquisition Corp. Class A Ordinary Shares,,,0,0,
APACU,StoneBridge Acquisition II Corporation Units,,,0,0,
APAC,StoneBridge Acquisition II Corporation Class A Ordinary Shares,,,0,0,
AOMN,"Angel Oak Mortgage REIT, Inc. 9.500% Senior Notes due 2029",,,0,0,
AOMD,"Angel Oak Mortgage REIT, Inc. 9.750% Senior Notes due 2030",,,0,0,
AOD,abrdn Total Dynamic Dividend Fund Common Shares of Beneficial Interest,,,0,0,
ANSCU,Agriculture & Natural Solutions Acquisition Corporation Unit,,,0,0,
ANSC,Agriculture & Natural Solutions Acquisition Corporation Class A Ordinary Shares,,,0,0,
ALUB,Alussa Energy Acquisition Corp. II Class A Ordinary Shares,,,0,0,
ALOY,REalloys Inc. Common Stock,,,0,0,
ALOVW,"Aldabra 4 Liquidity Opportunity Vehicle, Inc. Warrants",,,0,0,
APXT,Apex Treasury Corporation Class A Ordinary Share,,,0,0,
AACBR,Artius II Acquisition Inc. Rights,,,0,0,
AACB,Artius II Acquisition Inc. Class A Ordinary Shares,,,0,0,
AEFC,Aegon Funding Company LLC 5.10% Subordinated Notes due 2049,,,0,0,
AEAQU,Activate Energy Acquisition Corp. Unit,,,0,0,
AEAQ,Activate Energy Acquisition Corp. Class A Ordinary Share,,,0,0,
ADX,Adams Diversified Equity Fund Inc.,,,0,0,
ADAMO,"Adamas Trust, Inc. 9.250% Senior Notes Due 2031",,,0,0,
ADAMH,"Adamas Trust, Inc. 9.875% Senior Notes Due 2030",,,0,0,
ADAMG,"Adamas Trust, Inc. 9.125% Senior Notes Due 2030",,,0,0,
ADACW,American Drive Acquisition Company Warrant,,,0,0,
ADACU,American Drive Acquisition Company Units,,,0,0,
ADAC,American Drive Acquisition Company Class A Ordinary Shares,,,0,0,
ALDF,Aldel Financial II Inc. Class A Ordinary Shares,,,0,0,
ACAAU,Averin Capital Acquisition Corp. Units,,,0,0,
ABXL,"Abacus Global Management, Inc. 9.875% Fixed Rate Senior Notes due 2028",,,0,0,
AACOU,Abony Acquisition Corp. I Units,,,0,0,
AACIW,Armada Acquisition Corp. III Warrant,,,0,0,
AACIU,Armada Acquisition Corp. III Units,,,0,0,
ALOVU,"Aldabra 4 Liquidity Opportunity Vehicle, Inc. Units",,,0,0,
ALOV,"Aldabra 4 Liquidity Opportunity Vehicle, Inc. Class A Ordinary Shares",,,0,0,
ALISR,Calisa Acquisition Corp Right,,,0,0,
ALIS,Calisa Acquisition Corp Ordinary shares,,,0,0,
ALFUW,Centurion Acquisition Corp. Warrant,,,0,0,
ALF,Centurion Acquisition Corp. Class A Ordinary Shares,,,0,0,
ALDFW,Aldel Financial II Inc. Warrants,,,0,0,
ACP,abrdn Income Credit Strategies Fund Common Shares,,,0,0,
FVN,Future Vision II Acquisition Corporation Ordinary shares,,,0,0,
FVAV,Fortress Value Acquisition Corp. V Class A Ordinary Shares,,,0,0,
FSSL,FS Specialty Lending Fund Common Shares of Beneficial Interest,,,0,0,
FSHPR,Flag Ship Acquisition Corp. Right,,,0,0,
FSHP,Flag Ship Acquisition Corp. Ordinary Shares,,,0,0,
FPF,First Trust Intermediate Duration Preferred & Income Fund Common Shares of Beneficial Interest,,,0,0,
FMY,First Trust Mortgage Income Fund Common Shares of Beneficial Interest,,,0,0,
FMACU,Future Money Acquisition Corporation Units,,,0,0,
FLC,Flaherty & Crumrine Total Return Fund Inc Common Stock,,,0,0,
FIGXW,FIGX Capital Acquisition Corp. Warrant,,,0,0,
FIGXU,FIGX Capital Acquisition Corp. Units,,,0,0,
CICC,CION Investment Corporation 7.50% Notes due 2031,,,0,0,
FGSN,"F&G Annuities & Life, Inc. 7.300% Junior Subordinated Notes due 2065",,,0,0,
GJH,Synthetic Fixed-Income Securities Inc 6.375% (STRATS) Cl A-1,,,0,0,
GIXXU,GigCapital9 Corp. Units,,,0,0,
GIXXR,GigCapital9 Corp. Rights,,,0,0,
GIX,GigCapital9 Corp. Class A Ordinary Share,,,0,0,
GIWWR,GigCapital8 Corp. Rights,,,0,0,
GIW,GigCapital8 Corp. Class A Ordinary Shares,,,0,0,
GIGGW,GigCapital7 Corp. Warrant,,,0,0,
GIG,GigCapital7 Corp. Class A Ordinary Share,,,0,0,
GHY,"PGIM Global High Yield Fund, Inc.",,,0,0,
GGN,"GAMCO Global Gold, Natural Resources & Income Trust",,,0,0,
GF,"New Germany Fund, Inc. (The) Common Stock",,,0,0,
FIGX,FIGX Capital Acquisition Corp. Class A Ordinary Share,,,0,0,
ETHMW,Dynamix Corporation Warrant,,,0,0,
ETHMU,Dynamix Corporation Unit,,,0,0,
ETHM,Dynamix Corporation Class A Ordinary Shares,,,0,0,
ETHB,iShares Staked Ethereum Trust ETF Shares of Fractional Undivided Beneficial Interest,,,0,0,
ETG,Eaton Vance Tax-Advantaged Global Dividend Income Fund Common Shares of Beneficial Interest,,,0,0,
ESHA,ESH Acquisition Corp. Class A Common Stock,,,0,0,
FGMCU,FG Merger II Corp. Unit,,,0,0,
FGMCR,FG Merger II Corp. Rights,,,0,0,
FGIIU,FG Imperii Acquisition Corp. Units,,,0,0,
FGII,FG Imperii Acquisition Corp. Class A Ordinary Shares,,,0,0,
FFC,Flaherty & Crumrine Preferred and Income Securities Fund Incorporated,,,0,0,
GAING,Gladstone Investment Corporation 7.125% Notes due 2031,,,0,0,
FERAR,Fifth Era Acquisition Corp I Rights,,,0,0,
FERA,Fifth Era Acquisition Corp I Class A Ordinary Shares,,,0,0,
FCT,First Trust Senior Floating Rate Income Fund II Common Shares of Beneficial Interest,,,0,0,
FCRS,FutureCrest Acquisition Corp. Class A Ordinary Shares,,,0,0,
FCO,"abrdn Global Income Fund, Inc. Common Stock",,,0,0,
FAX,"abrdn Asia-Pacific Income Fund, Inc. Common Stock",,,0,0,
FACTW,FACT II Acquisition Corp. Warrant,,,0,0,
FACTU,FACT II Acquisition Corp. Unit,,,0,0,
FACT,FACT II Acquisition Corp. Class A Ordinary Shares,,,0,0,
EXG,Eaton Vance Tax-Managed Global Diversified Equity Income Fund Common Shares of Beneficial Interest,,,0,0,
GDL,"GDL Fund, The Common Shares of Beneficial Interest",,,0,0,
GAINI,Gladstone Investment Corporation 7.875% Notes due 2030,,,0,0,
FFA,First Trust Enhanced Equity Income Fund Common Shares of Beneficial Interest,,,0,0,
HCAC,Hall Chadwick Acquisition Corp Class A Ordinary Shares,,,0,0,
HAVAU,Harvard Ave Acquisition Corporation Unit,,,0,0,
HAVA,Harvard Ave Acquisition Corporation Class A Ordinary Share,,,0,0,
HACQU,HCM IV Acquisition Corp. Unit,,,0,0,
GUG,Guggenheim Active Allocation Fund Common Shares of Beneficial Interest,,,0,0,
GTERW,Globa Terra Acquisition Corporation Warrants,,,0,0,
GTERR,Globa Terra Acquisition Corporation Rights,,,0,0,
GTERA,Globa Terra Acquisition Corporation Class A Ordinary Shares,,,0,0,
GTENW,"Gores Holdings X, Inc. Warrants",,,0,0,
GTEN,"Gores Holdings X, Inc. Class A ordinary shares",,,0,0,
GSRFU,GSR IV Acquisition Corp. Units,,,0,0,
GECCO,Great Elm Capital Corp. 5.875% Notes due 2026,,,0,0,
HTD,John Hancock Tax Advantaged Dividend Income Fund Common Shares of Beneficial Interest,,,0,0,
HSPTU,Horizon Space Acquisition II Corp. Units,,,0,0,
HSPTR,Horizon Space Acquisition II Corp. Right,,,0,0,
HSPT,Horizon Space Acquisition II Corp. Ordinary share,,,0,0,
HQWWW,Horizon Quantum Holdings Ltd. Warrant,,,0,0,
HPS,John Hancock Preferred Income Fund III Preferred Income Fund III,,,0,0,
HPI,John Hancock Preferred Income Fund Common Shares of Beneficial Interest,,,0,0,
HPF,John Hancock Pfd Income Fund II Pfd Income Fund II,,,0,0,
HLXC,Helix Acquisition Corp. III Class A Ordinary Shares,,,0,0,
HIX,Western Asset High Income Fund II Inc. Common Stock,,,0,0,
HIO,"Western Asset High Income Opportunity Fund, Inc. Common Stock",,,0,0,
HGLB,Highland Global Allocation Fund Common Stock,,,0,0,
HVII,Hennessy Capital Investment Corp. VII Ordinary Shares,,,0,0,
GECCI,Great Elm Capital Corp. 8.50% NOTES DUE 2029,,,0,0,
GECCH,Great Elm Capital Corp. 8.125% Notes Due 2029,,,0,0,
GECCG,Great Elm Capital Corp. 7.75% Notes Due 2030,,,0,0,
GDO,Western Asset Global Corporate Opportunity Fund Inc. Common Stock,,,0,0,
GSRF,GSR IV Acquisition Corp. Class A ordinary share,,,0,0,
GSHR,Gesher Acquisition Corp. II Class A Ordinary Shares,,,0,0,
GRML,Greenland Mines Ltd. Common Stock,,,0,0,
GRF,"Eagle Capital Growth Fund, Inc. Common Stock",,,0,0,
GRAF,Graf Global Corp. Class A ordinary shares,,,0,0,
GPATW,GP-Act III Acquisition Corp. Warrants,,,0,0,
GPAT,GP-Act III Acquisition Corp. Class A Ordinary Share,,,0,0,
HCACU,Hall Chadwick Acquisition Corp. Unit,,,0,0,
GPAC,General Purpose Acquisition Corp. Class A Ordinary Shares,,,0,0,
GOF,Guggenheim Strategic Opportunities Fund Common Shares of Beneficial Interest,,,0,0,
GLQ,Clough Global Equity Fund Clough Global Equity Fund Common Shares of Beneficial Interest,,,0,0,
GLO,Clough Global Opportunities Fund Common Stock,,,0,0,
GJT,"Synthetic Fixed-Income Securities, Inc. Floating Rate Structured Repackaged Asset-Backed Trust Securities Certificates, Series 2006-3",,,0,0,
GJR,"Synthetic Fixed-Income Securities, Inc. STRATS Trust for Procter&Gamble Securities, Series 2006-1",,,0,0,
GJP,"Synthetic Fixed-Income Securities, Inc. on behalf of STRATS (SM) Trust for Dominion Resources, Inc. Securities, Series 2005-6, Floating Rate Structured Repackaged Asset-Backed Trust Securities (STRATS) Certificates",,,0,0,
GJO,"Synthetic Fixed-Income Securities, Inc. on behalf of STRATS(SM) Trust for Wal-Mart Stores, Inc. Securities, Series 2004-5",,,0,0,
HCMAU,HCM III Acquisition Corp. Units,,,0,0,
HCICU,Hennessy Capital Investment Corp. VIII Units,,,0,0,
HCICR,Hennessy Capital Investment Corp. VIII Share Rights,,,0,0,
HCIC,Hennessy Capital Investment Corp. VIII Class A Ordinary Shares,,,0,0,
GPACU,General Purpose Acquisition Corp. Units,,,0,0,
CLM,"Cornerstone Strategic Investment Fund, Inc. Common Shares",,,0,0,
CLBR,Colombier Acquisition Corp. III Class A Ordinary Shares,,,0,0,
DMAA,Drugs Made In America Acquisition Corp. Ordinary Shares,,,0,0,
DMA,Destra Multi-Alternative Fund Common Stock,,,0,0,
DHY,Credit Suisse High Yield Credit Fund Common Stock,,,0,0,
DHF,BNY Mellon High Yield Strategies Fund Common Stock,,,0,0,
DFP,Flaherty & Crumrine Dynamic Preferred and Income Fund Inc. Common Stock,,,0,0,
DBL,DoubleLine Opportunistic Credit Fund Common Shares of Beneficial Interest,,,0,0,
DBCAW,D. Boral Acquisition I Corp. Warrants,,,0,0,
DBCAU,D. Boral Acquisition I Corp. Unit,,,0,0,
DBCA,D. Boral Acquisition I Corp. Class A Ordinary Shares,,,0,0,
ETJ,Eaton Vance Risk-Managed Diversified Equity Income Fund Common Shares of Beneficial Interest,,,0,0,
DAAQU,Digital Asset Acquisition Corp. Units,,,0,0,
DAAQ,Digital Asset Acquisition Corp. Class A Ordinary shares,,,0,0,
CUBWW,Lionheart Holdings Warrant,,,0,0,
CUBWU,Lionheart Holdings Unit,,,0,0,
CTAAU,ClearThink 1 Acquisition Corp. Units,,,0,0,
CRF,"Cornerstone Total Return Fund, Inc. (The) Common Stock",,,0,0,
DSACW,Daedalus Special Acquisition Corp. Warrant,,,0,0,
DSACU,Daedalus Special Acquisition Corp. Unit,,,0,0,
DSAC,Daedalus Special Acquisition Corp. Class A Ordinary Shares,,,0,0,
DRDBW,Roman DBDR Acquisition Corp. II Warrants,,,0,0,
DRDB,Roman DBDR Acquisition Corp. II Ordinary shares,,,0,0,
DPG,Duff & Phelps Utility and Infrastructure Fund Inc.,,,0,0,
DAAQW,Digital Asset Acquisition Corp. Warrant,,,0,0,
CICB,CION Investment Corporation 7.50% Notes due 2029,,,0,0,
CHY,Calamos Convertible and High Income Fund Common Stock,,,0,0,
CHW,Calamos Global Dynamic Income Fund Common Stock,,,0,0,
CHPGR,ChampionsGate Acquisition Corporation Rights,,,0,0,
CHPG,ChampionsGate Acquisition Corporation Class A Ordinary Share,,,0,0,
CHI,Calamos Convertible Opportunities and Income Fund Common Stock,,,0,0,
CHECU,Chenghe Acquisition III Co. Units,,,0,0,
CHEC,Chenghe Acquisition III Co. Class A Ordinary Share,,,0,0,
CHAR,Charlton Aria Acquisition Corporation Class A Ordinary Shares,,,0,0,
CGO,Calamos Global Total Return Fund Common Stock,,,0,0,
CGCTW,Cartesian Growth Corporation III Warrant,,,0,0,
CMII,Columbus Circle Capital Corp II Class A Ordinary Shares,,,0,0,
CRAQR,Cal Redwood Acquisition Corp. Right,,,0,0,
CRAQ,Cal Redwood Acquisition Corp. Class A Ordinary Shares,,,0,0,
CRANU,Crane Harbor Acquisition Corp. II Units,,,0,0,
CRAN,Crane Harbor Acquisition Corp. II Class A Ordinary Shares,,,0,0,
CRACW,Crown Reserve Acquisition Corp. I Warrant,,,0,0,
CRACU,Crown Reserve Acquisition Corp. I Unit,,,0,0,
CRACR,Crown Reserve Acquisition Corp. I Rights,,,0,0,
CRAC,Crown Reserve Acquisition Corp. I Class A Ordinary Shares,,,0,0,
COLAU,Columbus Acquisition Corp Unit,,,0,0,
COLAR,Columbus Acquisition Corp Rights,,,0,0,
COLA,Columbus Acquisition Corp Ordinary Shares,,,0,0,
CMIIU,Columbus Circle Capital Corp II Unit,,,0,0,
CRBD,Corebridge Financial Inc. 6.375% Junior Subordinated Notes due 2064,,,0,0,
ERC,Allspring Multi-Sector Income Fund Common Stock,,,0,0,
EOS,Eaton Vance Enhance Equity Income Fund II Common Stock,,,0,0,
EOI,Eaton Vance Enhance Equity Income Fund Eaton Vance Enhanced Equity Income Fund Shares of Beneficial Interest,,,0,0,
EOD,Allspring Global Dividend Opportunity Fund Common Shares of Beneficial Interest,,,0,0,
EMPD,Empery Digital Inc. Common stock,,,0,0,
EMO,ClearBridge Energy Midstream Opportunity Fund Inc. Common Stock,,,0,0,
EMISR,Emmis Acquisition Corp. Rights,,,0,0,
EMIS,Emmis Acquisition Corp. Class A Ordinary Shares,,,0,0,
EMF,Templeton Emerging Markets Fund Common Stock,,,0,0,
EMD,Western Asset Emerging Markets Debt Fund Inc Common Stock,,,0,0,
EMAT,Evolution Metals & Technologies Corp. Common Stock,,,0,0,
DNP,"DNP Select Income Fund, Inc. Common Stock",,,0,0,
EIIA,Eagle Point Institutional Income Fund 8.125% Series A Term Preferred Shares Due 2029,,,0,0,
EICC,Eagle Point Income Company Inc. 8.00% Series C Term Preferred Stock due 2029,,,0,0,
EHI,Western Asset Global High Income Fund Inc Common Stock,,,0,0,
EVV,Eaton Vance Limited Duration Income Fund Common Shares of Beneficial Interest,,,0,0,
EVT,Eaton Vance Tax Advantaged Dividend Income Fund Common Shares of Beneficial Interest,,,0,0,
EVOXU,Evolution Global Acquisition Corp Units,,,0,0,
EVOX,Evolution Global Acquisition Corp Class A Ordinary Shares,,,0,0,
EVG,Eaton Vance Short Diversified Income Fund Eaton Vance Short Duration Diversified Income Fund Common Shares of Beneficial Interest,,,0,0,
EVAC,EQV Ventures Acquisition Corp. II Class A Ordinary Shares,,,0,0,
EURKR,Eureka Acquisition Corp Right,,,0,0,
EURK,Eureka Acquisition Corp Class A Ordinary Share,,,0,0,
ETY,"Eaton Vance Tax-Managed Diversified Equity Income Fund Common Shares of Beneficial Interest,",,,0,0,
EIM,"Eaton Vance Municipal Bond Fund Common Shares of Beneficial Interest, $.01 par value",,,0,0,
DNMXW,Dynamix Corporation III Warrants,,,0,0,
DNMXU,Dynamix Corporation III Unit,,,0,0,
DNMX,Dynamix Corporation III Class A Ordinary Shares,,,0,0,
DMO,Western Asset Mortgage Opportunity Fund Inc. Common Stock,,,0,0,
DMIIU,Drugs Made In America Acquisition II Corp. Unit,,,0,0,
DMIIR,Drugs Made In America Acquisition II Corp. Right,,,0,0,
DMII,Drugs Made In America Acquisition II Corp. Ordinary Shares,,,0,0,
DMB,"BNY Mellon Municipal Bond Infrastructure Fund, Inc. Common Stock",,,0,0,
DMAAR,Drugs Made In America Acquisition Corp. Rights,,,0,0,
EFR,Eaton Vance Senior Floating-Rate Fund Common Shares of Beneficial Interest,,,0,0,
EEA,"The European Equity Fund, Inc. Common Stock",,,0,0,
EDF,Virtus Stone Harbor Emerging Markets Income Fund Common Shares of Beneficial Interest,,,0,0,
ERH,Allspring Utilities and High Income Fund Common Shares,,,0,0,
ECF,Ellsworth Growth and Income Fund Ltd.,,,0,0,
ECCU,Eagle Point Credit Company Inc. 7.75% Notes due 2030,,,0,0,
EAD,Allspring Income Opportunities Fund Common Shares,,,0,0,
DYORU,Insight Digital Partners II Units,,,0,0,
DYOR,Insight Digital Partners II Class A Ordinary Shares,,,0,0,
DXYZ,Destiny Tech100 Inc. Common Stock,,,0,0,
DTSQU,DT Cloud Star Acquisition Corporation Units,,,0,0,
DTSQR,DT Cloud Star Acquisition Corporation Right,,,0,0,
DTSQ,DT Cloud Star Acquisition Corporation Ordinary Shares,,,0,0,
DTK,DTE Energy Company 2025 Series H 6.25% Junior Subordinated Debentures due 2085,,,0,0,
DSU,"Blackrock Debt Strategies Fund, Inc. Common Stock",,,0,0,
DSM,"BNY Mellon Strategic Municipal Bond Fund, Inc. Common Stock",,,0,0,
EDD,"Morgan Stanley Emerging Markets Domestic Debt Fund, Inc. Common Stock",,,0,0,
